LPA Number,Borough,Valid date,Status,Application type,Description,Site name,Site number,Street name,Locality,Postcode,Actual commencement date,Actual completion date,Total number of proposed residential units,Total number of existing residential units,Units Proposed,Units Lost,Net Units,Net units with commencement date,Net units with completion date,Decision,Decision date,Appeal decision,Appeal decision date,URL planning application
21/4120/FUL,London Borough of Barnet,26/07/2021,Commenced,All Other,Conversion of ancillary lower ground storage space to form 1no self-contained unit. Works to include partial excavation to allow for further fenestration. Associated cycle store,Westchester Court,,Westchester Drive,Hendon,NW4 1RB,,,,,1,0,1,0,1,Approved,26/11/2021,,,
42600/APP/2022/2560,Hillingdon,15/08/2022,Completed,All Other,"Demolition and replacement of the existing detached two storey dwelling, with 1 no. detached dwelling, retention of existing access points and associated ancillary works",55 COPSE WOOD WAY,,NORTHWOOD,,HA6 2TZ,04/07/2023,28/04/2025,,,1,1,0,0,0,Approved,27/02/2023,,,http://planning.hillingdon.gov.uk/OcellaWeb/planningDetails?reference=42600/APP/2022/2560
24/01560/FUL,London Borough of Bexley,16/05/2024,Completed,All Other,Erection of a detached two storey dwelling following demolition of existing attached garage.,,20,Eynswood Drive,,DA14 6JQ,,01/05/2025,,,1,0,1,1,1,Approved,04/09/2024,,,
23977/APP/2021/2040,Hillingdon,08/06/2021,Completed,All Other,"Two storey side extension, two storey /first floor infill rear extensions and subdivision into 2 self-contained family dwellings.",182 THE FAIRWAY,,RUISLIP,,HA4 0SL,26/02/2024,11/04/2025,,,2,1,1,1,1,Approved,01/06/2022,,,http://planning.hillingdon.gov.uk/OcellaWeb/planningDetails?reference=23977/APP/2021/2040
40335/APP/2020/4175,Hillingdon,,Completed,All Other,"Demolition of existing dwelling and erection of two storey detached block with accommodation in the roof and basement comprising 4 flats, with associated parking, amenity space and landscaping",48 ALBERT ROAD YIEWSLEY,48,Albert Road,,UB7 8ES,01/04/2024,08/05/2025,,,4,1,3,3,3,Approved,04/05/2021,,,
55129/APP/2023/3390,Hillingdon,23/11/2023,Completed,All Other,Subdivision of the existing detached dwelling into 2x self-contained residential dwellings (1x 3-bed plus 1x 2-bed units),59 GAINSBOROUGH ROAD,,HAYES,,UB4 8NY,,15/04/2025,,,2,1,1,1,1,Approved,13/03/2024,,,http://planning.hillingdon.gov.uk/OcellaWeb/planningDetails?reference=55129/APP/2023/3390
23/00762/FUL,London Borough of Bexley,25/05/2023,Completed,All Other,Alterations and extensions to existing building to facilitate a change of use from a builders yard (Class B2) to a dwellinghouse (Class C3).,"Rear Of 21 - 23, Bishop Buildings Ltd",,Pinnacle Hill,,,,05/06/2025,,,1,0,1,1,1,Approved,13/10/2023,,,
63937/APP/2022/3692,Hillingdon,06/12/2022,Completed,All Other,Replacement dwelling house with two storeys and new basement level,28 NICHOLAS WAY,,NORTHWOOD,,HA6 2TT,02/10/2023,27/06/2025,,,1,1,0,0,0,Approved,17/02/2023,,,http://planning.hillingdon.gov.uk/OcellaWeb/planningDetails?reference=63937/APP/2022/3692
DM2022/00599,London Borough of Sutton,28/03/2022,Completed,All Other,Demolition of existing garages and erection of a single storey dwelling with parking and cycle storage.,Land Rear Of 32-34 Victoria Road Sutton SM1 4RT,,,,,,22/04/2025,,,1,0,1,1,1,No Objection to Proposal (OBS only),20/02/2023,,,
19/04972/FULL1,Bromley,21/11/2019,Completed,All Other,"Demolition of existing garage and erection of a two storey building (with accommodation in the roof) to provide 1 no. three bed house, together with associated landscaping, bin and cycle store.",,3,Wiverton Road,Sydenham,SE26 5JA,01/04/2021,07/05/2025,,,1,0,1,1,1,Approved,25/02/2020,,,
DM2023/01407,London Borough of Sutton,27/09/2023,Completed,All Other,Change of use from Class B8 (Industrial storage) to Class C3 (Residential) to provide 1 self-contained unit with alterations to fenestration including restoration of openings and installation of rooflights to front and rear roofslopes.,Unit Rear Of 12,,Mill Lane,,SM5 2JY,,17/04/2025,,,1,0,1,1,1,Approved,27/02/2024,,,
216353NMAR3,Ealing,25/10/2021,Completed,All Other,"Application for a Non-Material Amendment in (S96a) seeking to allow roof finishes have been changed from standing seam to slate tiles and amendments to site blocks and creation of one additional one bedroom flat in Block C replacing the existing sub station in relation to planning permission reference 200486FUL dated 20/05/2020 for 'Construction of three x two storey buildings and one x three storey building to provide 40 residential units and a community and caretaker facility;reconfiguration of vehicle parking provision and associated refuse storage, cycle storage and vehicle parking; and hard and soft landscaping (following demolition of garages and community and caretaker facility) (Regulation 3 - Application by London Borough of Ealing)'",Existing Block Of Residential Garages,,Buckingham Avenue,Greenford,UB6 7RD,,30/04/2025,,,1,0,1,1,1,Approved,10/05/2022,,,https://pam.ealing.gov.uk/online-applications/PLAN/216353NMAR3;
225160VAR,Ealing,07/12/2022,Completed,All Other,"Minor Material Amendment Application (S.73) - variation to housing tenure pursuant to planning permission 180304FUL dated 28/02/2019 for 'Redevelopment of existing car repair workshop to provide 700 sqm of office (Use Class B1), 35 residential units comprising 2xstudio flats, 13x1-bed flats, 18x2-bed flats, 2x3-bed flats landscaping, access and associated works'",45 The Mall,,The Mall,London,W5 3TJ,,28/04/2025,,,8,0,8,8,8,Approved,28/04/2025,,,https://pam.ealing.gov.uk/online-applications/PLAN/225160VAR;
17722/APP/2022/223,Hillingdon,25/01/2022,Completed,All Other,Erection of a 3-bedroom detached house with associated landscaping and parking.,1 WEST DRAYTON PARK AVENUE,,WEST DRAYTON,,UB7 7QA,,24/04/2025,,,1,0,1,1,1,Approved,03/05/2023,,,http://planning.hillingdon.gov.uk/OcellaWeb/planningDetails?reference=17722/APP/2022/223
0658/23,Redbridge,14/03/2023,Commenced,All Other,"Demolish existing structure. Erection of a single dwelling (2-bedrooms) house with associated landscaping works, car parking, cycle, waste / refuse storage and amenity space. (Summary).",Development Site At Rear Of 256 And 258,,Fullwell Avenue,,,22/12/2023,,,,1,0,1,0,1,Approved,04/05/2023,,,
DM2023/00430,London Borough of Sutton,16/03/2023,Completed,All Other,Prior Approval in relation to the erection of 2 new floors and additional accommodation within the roof space to provide 6 self contained residential units and provision of car parking and landscaping to front.,,34,Mulgrave Road,,SM2 6LX,01/12/2023,03/06/2025,,,6,0,6,6,6,Approved,11/05/2023,,,
21/02829/FULL1,Bromley,27/08/2021,Completed,All Other,"Five storey extension to the existing property to the west and south of the site, and an increase to footprint of the existing 6th floor to provide a 72 room hotel and 9 new residential units, including external balconies, undercroft access.",Kelsey House,77,High Street,,BR3 1AN,04/10/2021,07/05/2025,,,9,0,9,9,9,Approved,28/09/2022,,,
75146/APP/2023/1243,Hillingdon,26/04/2023,Completed,All Other,Erection of a three storey 2-bedroom end-of-terrace dwelling with associated parking and amenity space.,36 COLERIDGE WAY,,WEST DRAYTON,,UB7 9HR,04/06/2024,20/06/2025,,,1,0,1,1,1,Approved,21/08/2023,,,http://planning.hillingdon.gov.uk/OcellaWeb/planningDetails?reference=75146/APP/2023/1243
18881/APP/2021/2821,Hillingdon,19/07/2021,Completed,All Other,Conversion of single dwellinghouse into 3 no. residential units with associated private amenity space and vehicle parking,32 COWLEY ROAD,32,Cowley Road,,UB8 2LU,,14/05/2025,,,3,1,2,2,2,Approved,16/09/2022,,,http://planning.hillingdon.gov.uk/OcellaWeb/planningDetails?reference=18881/APP/2021/2821
P2024/2015/FUL,Islington,11/07/2024,Commenced,All Other,Amalgamation of three former flats into a single dwellinghouse (Use Class C3) and the erection a single storey rear extension and associated external works to the facade. Installation of skylights to roof and installation of Air Source Heat Pump to front lightwell.,,28,Ellington Street,London,,15/07/2025,,,,1,3,-2,-2,-3,Approved,27/09/2024,,,
P2025/0072/FUL,Islington,22/01/2025,Commenced,All Other,Conversion of the property from 2 no. maisonette flats to a single family dwellinghouse with associated external alterations including lower ground front infill extension below street level access; removal of front lightwell staircase and gate and replacement with black metal railings; enlargement of rear lower ground floor door opening and formation new stepped arrangement to garden (with balustrading); replacement of all existing single glazed timber framed windows with double glazed timber framed windows and all associated works,Street Record,,Florence Street,London,,15/07/2025,,,,0,1,-1,-1,-1,Approved,17/03/2025,,,
21/03036/FUL,London Borough of Bexley,04/01/2022,Completed,All Other,Erection of two storey detached three bedroom new dwelling.,,12,Stuart Evans Close,,DA16 1SH,,09/05/2025,,,1,0,1,1,1,Approved,31/05/2022,,,
3347/24,Redbridge,07/12/2024,Commenced,All Other,"Part single, part two storey rear extension. Loft conversion with rear dormer. Two front rooflights. Alterations to fenestrations. Conversion of former cosmetic clinic into 5x self-contained one-bedroom flats with associated amenity space, car parking, cycle and refuse storage. (summary)",DEVELOPMENT AT 24,,SEYMOUR GARDENS,CRANBROOK,,28/03/2025,,,,5,0,5,0,5,Approved,14/02/2025,,,
21/02506/FUL,London Borough of Bexley,03/08/2021,Completed,All Other,"Change of use of the first floor from office space (Class E) to 1 x 2 bed dwelling (Class C3), and internal alterations to ground floor for the use as retail with ancillary office space (Class E); rear outbuilding to provide ancillary commercial storage and residentials bin and cycle storage.",,220,Blackfen Road,,DA15 8PT,,09/06/2025,,,1,0,1,1,1,Approved,18/01/2022,,,
25/00965/CEU,Enfield Council,13/03/2025,Completed,All Other,Use of property as 5 self contained flats for over 4 years.,,454,Green Lanes,,N13 5XD,,02/05/2025,,,5,0,5,5,5,Approved,02/05/2025,,,<enter PA URL here>
73218/APP/2025/703,Hillingdon,11/03/2025,Completed,All Other,Change of use from Use Class C3 (dwellinghouse) to Use Class C4 (small House in Multiple Occupation for up to six people) (Application for a Certificate of Lawful Development for a Proposed Use).,9 SHARPS LANE,,RUISLIP,,HA4 7JG,,09/05/2025,,,1,1,0,0,0,Approved,09/05/2025,,,http://planning.hillingdon.gov.uk/OcellaWeb/planningDetails?reference=73218/APP/2025/703
29374/APP/2025/752,Hillingdon,18/03/2025,Completed,All Other,Retention of 1x 2-Bed Flat on Ground Floor and 1x 3-bed Maisonette Flat on Upper Floors (Application for a Certificate of Lawful Development for an Existing Development),22 ROYAL LANE,,YIEWSLEY,,,,06/05/2025,,,2,0,2,2,2,Approved,06/05/2025,,,http://planning.hillingdon.gov.uk/OcellaWeb/planningDetails?reference=29374/APP/2025/752
2796/23,Redbridge,22/09/2023,Completed,All Other,Upward extension of an additional single storey on detached block of flats consisting of 4 new flats. (Summary),Development At 57 To 67 And 69 To 79,,Percy Road,Seven Kings,,12/05/2025,16/07/2025,,,4,0,4,0,4,Approved,09/11/2023,,,
J0016.24,Havering,20/06/2024,Completed,Prior Approval,Application for prior notification of development of upper floors from Use Class E (Commercial) to Use Class C3 (Dwellings),"Tirmizey Da Costa, 30 Station Lane",,Hornchurch,,RM12 6NJ,,19/06/2025,,,0,0,0,0,0,Approved,15/08/2024,,,http://development.havering.gov.uk/OcellaWeb/planningDetails?reference=J0016.24
25/01712/LDCE,London Borough of Lambeth,23/05/2025,Completed,All Other,Application for a Certificate of Lawful Development (Existing) with respect to the change of use of first floor to self-contained dwelling (No.227B Streatham High Road).,,227,Streatham High Road,,SW16 6EN,,12/09/2025,,,1,0,1,1,1,Approved,12/09/2025,,,
J0028.23,Havering,31/08/2023,Completed,Prior Approval,PRIOR APPROVAL for the addition of one storey to existing two storey terrace building to create an additional 4 x 1 bed flats and cycle storage,"75-81, Front Lane, Havering",,Upminster,,RM14 1XL,10/09/2024,04/06/2025,,,4,0,4,4,4,Approved,26/10/2023,,,http://development.havering.gov.uk/OcellaWeb/planningDetails?reference=J0028.23
P0693.19,Havering,02/05/2019,Completed,All Other,"Construction of a detached residential dwelling and carport, together with associated access, parking and landscaping",Estralita Land adjacent to,Estralita Land adjacent to,Broxhill Road,Romford,RM4 1QJ,24/04/2022,01/05/2025,,,1,0,1,1,1,Approved,27/06/2019,,,http://development.havering.gov.uk/OcellaWeb/planningDetails?reference=P0693.19
3669/23,Redbridge,10/04/2024,Completed,All Other,Erection of one single dwelling (one x 2-bedroom) house with a basement and associated waste / refuse storage and amenity space. (AMENDED PLANS). (Summary).,Development Rear Of 390 And 392,390A,New North Road,Hainault,IG6 3DY,04/10/2024,01/05/2025,,,1,0,1,0,1,Approved,25/09/2024,,,
1478/25,Redbridge,22/05/2025,Completed,All Other,Change of use from single dwelling house into a small HMO for up to 6 people. (Summary).,,23,Ashburton Avenue,SEVEN KINGS,IG3 9ET,27/08/2025,27/08/2025,,,1,1,0,0,0,Approved,18/07/2025,,,
1788/APP/2022/2935,Hillingdon,23/09/2022,Completed,All Other,"Erection of 1 no. detached 4-bed dwelling and 2 no. semi-detached 4-bed dwellings, with associated parking and amenity space. (Revised drawing received on 12.10.2022)",34 ACACIA AVENUE,,EASTCOTE,,HA4 8RG,,16/07/2025,,,3,1,2,2,2,Approved,18/11/2022,,,http://planning.hillingdon.gov.uk/OcellaWeb/planningDetails?reference=1788/APP/2022/2935
2025/1899,Wandsworth,27/05/2025,Completed,All Other,Change of use from dwellinghouse (Use C3) to up to 6 person HMO (Use C4).,,238,Sellincourt Road,London,SW17 9SB,,22/07/2025,,,1,1,0,0,0,Approved,22/07/2025,,,http://planning.wandsworth.gov.uk/Northgate/PlanningExplorer/DisplayAppDetails.aspx?AppNo=2025/1899
25/00292/LDCE,London Borough of Bexley,21/02/2025,Completed,All Other,Lawful Development Certificate (Existing) for the continued use as a House of Multiple Occupancy (Class C4).,,9,Holly Hill Road,,DA8 1QB,,14/07/2025,,,1,1,0,0,0,Approved,14/07/2025,,,
70141/APP/2018/248,Hillingdon,,Completed,Prior Approval,Change of use from B8 (storage and distribution) to C3 residential (2 units) (Prior Approval),73,73,Ryefield Crescent,Northwood Hills,HA5 2DH,25/09/2019,14/05/2025,,,2,0,2,2,2,Approved,21/03/2018,,,
25/01297/CEU,Enfield Council,14/05/2025,Completed,All Other,Use of property as two self-contained flats.,,102,Marlborough Road,,N22 8NN,,03/07/2025,,,2,0,2,2,2,Approved,03/07/2025,,,<enter PA URL here>
25/00500/CEU,Enfield Council,10/02/2025,Completed,All Other,Use of property as 2-self-contained flats.,,659,Hertford Road,,EN3 6ND,,07/04/2025,,,2,0,2,2,2,Approved,07/04/2025,,,
22/01782/FULL1,Bromley,16/05/2022,Completed,All Other,"Conversion of garage to habitable accommodation, elevational alterations, and change of use from a 6 bedroom House of Multiple Occupation (HMO) (Use Class C4) to a 7 bedroom House of Multiple Occupation (Sui Generis Use)",,2,Denmark Road,,BR1 3AB,,18/06/2025,,,0,1,-1,-1,-1,Approved,06/10/2022,,,
23/00339/FUL,London Borough of Bexley,06/03/2023,Completed,All Other,"Change of use from 2no. self-contained flats and 2no. non self-contained flats to 3no. 5 bed HMOs (Use Class C4) alongside external alterations comprising the erection of 3no. rear dormers, rooflights and extension of existing extraction flue.",,"125, 129",Bellegrove Road,,DA16 3QS,,09/07/2025,,,3,4,-1,-1,-1,Approved,26/06/2023,,,
25/01416/CEU,Royal Borough of Kingston (LA Code),23/05/2025,Completed,All Other,Retention of studio flat used for more than 8 years as residential use,,67,Surbiton Road,,KT1 2HG,,05/08/2025,,,1,0,1,1,1,Approved,05/08/2025,,,https://publicaccess.kingston.gov.uk/online-applications/applicationDetails.do?activeTab=summary&keyVal=SWPZ2SNHH3100
217192NMA,Ealing,24/12/2021,Completed,All Other,"Application for a Non-Material Amendment (S96a) to planning permission ref: 205101REM dated 23/04/2021 for: Application for the approval of Reserved Matters pursuant to outline planning permission reference 171562VAR dated 16/10/2017, condition 2 pertaining to the third phase of development (Phase 3): details relating to Layout, Appearance, Scale and Landscaping. Amendment seeks minor alterations to the internal layout of Building F which will result in a minor change to the unit mix.",The Straight,,The Straight,Southall,UB1 1QX,04/11/2022,07/08/2025,,,21,0,21,21,21,Approved,04/11/2022,,,https://pam.ealing.gov.uk/online-applications/PLAN/217192NMA;
1335/20,Redbridge,12/05/2020,Completed,All Other,Change of use of ground floor from shop (A1) to 2 self-contained residential units (C3). (Summary),Development At 151,151,High Street,Barkingside,,,10/07/2025,,,2,0,2,0,2,Approved,18/06/2020,,,
P0963.17,Havering,,Completed,All Other,"Demolition of garage and erection of 2 No. three bedroom chalet style bungalows with associated car parking, private amenity space and access road",64& 66 land rear of,64& 66 land rear of,Stanley Road North,RAINHAM,RM13 8BJ,06/05/2021,25/06/2025,,,2,0,2,2,2,Approved,27/02/2018,,,
1661/APP/2023/2883,Hillingdon,03/10/2023,Completed,All Other,"Part two storey, part single storey rear extension, conversion of basement to habitable use and conversion of 1 x 5 bed dwelling to 1 x 1-bed and 1 x 2-bed dwellings with associated parking and amenity space.",63 HARLINGTON ROAD,,HILLINGDON,,UB8 3HY,17/05/2023,13/08/2025,,,2,1,1,1,1,Approved,28/11/2023,,,http://planning.hillingdon.gov.uk/OcellaWeb/planningDetails?reference=1661/APP/2023/2883
25/01364/CPU,Royal Borough of Kingston (LA Code),19/05/2025,Completed,All Other,Change of use from dwelling house (Use Class C3) to 6 person HMO (Use Class C4). Internal alterations.,,6,Winery Lane,,KT1 3GE,,16/07/2025,,,1,1,0,0,0,Approved,16/07/2025,,,https://publicaccess.kingston.gov.uk/online-applications/applicationDetails.do?activeTab=summary&keyVal=SWHYFRNHGY800
0212/24,Redbridge,01/02/2024,Completed,All Other,Conversion of first second floor office space into 2x one-bedroom flats with associated cycle and refuse storage. Alterations to shop front. (summary),Development At 8,,Wangey Road,Chadwell Heath,,,21/08/2025,,,2,0,2,0,2,Approved,20/03/2024,,,
222947FUL,Ealing,05/07/2022,Completed,All Other,"Construction of a four storey residential building comprising eight self contained flats (four x 1 bedroom, three x 2 bedroom, one x 3-bedroom) over basement, ground, first and second floors with associated private amenity space, refuse, cycle storage and parking (following demolition of the existing building - with front facade retained only)",,36,Rosemont Road,London,W3 9LY,31/07/2023,11/06/2025,,,8,1,7,7,5,Approved,06/03/2023,,,https://pam.ealing.gov.uk/online-applications/PLAN/222947FUL;
25/00363/LDCE,London Borough of Bexley,19/03/2025,Completed,All Other,Certificate of Lawfulness (Existing) for the conversion of agricultural building and land to a Dwelling House (Class C3).,Bungalow At Perry Street Farm,,Mayplace Avenue,Crayford,DA1 4PG,,14/05/2025,,,1,0,1,1,1,Approved,14/05/2025,,,
25/00974/CLE,London Borough of Newham,08/05/2025,Completed,All Other,Application for a lawful development certificate (existing) for the use as seperate two flats.,,35,Stevenage Road,East Ham,E6 2AU,,06/08/2025,,,2,0,2,2,2,Approved,06/08/2025,,,
25/01783/LDCE,London Borough of Lambeth,30/05/2025,Completed,All Other,Application for Certificate of Lawfulness (Existing) with respect to the use of the ground floor as a residential unit (use class C3).,,62,Clapham Manor Street,,SW4 6DZ,,30/07/2025,,,1,0,1,1,1,Approved,30/07/2025,,,
DM2025/00222,London Borough of Sutton,21/02/2025,Completed,All Other,Change of use from Class C3 (residential) to Class C4 (small HMO) to provide 4 rooms.,"Flat 2, 85 Cheam RoadSuttonSM1 2BD",,,,,,17/04/2025,,,1,1,0,0,0,Approved,17/04/2025,,,
23/01722/FUL,London Borough of Bexley,17/07/2023,Completed,All Other,Conversion of side extension into a 1 bedroom house with refuse storage.,,69,Hall Place Crescent,,DA5 1PS,15/02/2024,19/08/2025,,,1,0,1,1,1,Approved,15/11/2023,,,
216269FUL,Ealing,08/11/2021,Completed,All Other,"Conversion of the existing single dwelling house to two self-contained units, with associated cycle storage, off street parking and refuse storage facilities; single storey rear/side extension (following demolition of garage); construction of two single storey semi-detached houses to the rear of the site with associated landscaping, refuse and cycle storage.",178 Church Road,,Church Road,London,W7 3BP,01/02/2024,29/08/2025,,,4,1,3,3,3,Approved,24/05/2023,,,https://pam.ealing.gov.uk/online-applications/PLAN/216269FUL;
3720/18,Redbridge,21/09/2018,Completed,All Other,Change of use of first floor from retail (A1) to 2 residential flats (C3). (Summary),Development At 1106 And 1108,1106-1108,High Road,Chadwell Heath,,,04/07/2025,,,2,0,2,0,2,Approved,16/11/2018,,,
24/01066/FULL1,Bromley Custodian Code,25/03/2024,Completed,All Other,"Part reconfiguration and extension to the existing building to provide one new dwelling; the erection of single storey outbuilding associated with the new dwelling; and provision of associated parking, access, refuse storage and landscaping.",,5,Lawn Road,,BR3 1RH,,11/04/2025,,,1,0,1,1,1,Approved,24/05/2024,,,
25/00730/CEU,Enfield Council,24/02/2025,Completed,All Other,Use of premises at the rear of 96 York Road as 1 self-contained flat.,,96,York Road,,N18 2JX,,11/04/2025,,,1,0,1,1,1,Approved,11/04/2025,,,
22/0153/GPD26,Richmond upon Thames,19/01/2022,Completed,Prior Approval,Change of use of part of ground floor and first floor from restaurant to C3 residential use to provide 1 additional first floor flat,,29,Kew Road,,TW9 2NQ,,26/06/2025,,,1,0,1,1,1,Approved,22/03/2022,,,
1171/25,Redbridge,13/05/2025,Completed,All Other,Use as 3no. self-contained flats. (Summary).,,23,Parham Drive,Gants Hill,,,18/07/2025,,,3,0,3,3,3,Approved,18/07/2025,,,
25/00779/CLE,London Borough of Newham,29/04/2025,Completed,All Other,Application for a lawful development certificate (existing) for change of use to HMO (Use Class C4),,185,Corporation Street,Stratford,E15 3DY,,23/06/2025,,,1,0,1,1,1,Approved,23/06/2025,,,
63329/APP/2021/1326,Hillingdon,01/04/2021,Completed,Prior Approval,"Change of use from offices (Use Class B1a ) to residential use (Use Class C3) to create 36 studio apartments (Application for Prior Approval under Schedule 2, Part 3, Class O of the Town and Country Planning (General Permitted Development) (England) Order 2015 (as amended)).","5 OTTER HOUSE, COWLEY BUSINESS PARK",5,HIGH STREET,,UB8 2AD,23/03/2023,06/05/2025,,,36,0,36,36,36,Approved,19/05/2021,,,http://planning.hillingdon.gov.uk/OcellaWeb/planningDetails?reference=63329/APP/2021/1326
1292/22,Redbridge,20/04/2022,Completed,All Other,"Conversion of single dwelling house into 2x two bedroom self-contained flats with associated amenity space, parking, cycle and refuse storage. (summary)",Development At 379,,Thorold Road,Ilford,IG1 4HG,30/09/2023,15/09/2025,,,2,1,1,1,1,Approved,14/06/2022,,,
78697/APP/2025/753,Hillingdon,31/03/2025,Completed,All Other,Continuation of use of dwellinghouse as a six person Class C4 (Small HMO) (Application for a Certificate of Lawful Development for an Existing Use),19 GREATFIELDS DRIVE,,HILLINGDON,,,,12/05/2025,,,1,1,0,0,0,Approved,12/05/2025,,,http://planning.hillingdon.gov.uk/OcellaWeb/planningDetails?reference=78697/APP/2025/753
3001/24,Redbridge,26/02/2025,Commenced,All Other,"Demolish garage. Two storey side and part two storey/part single storey rear extension to create one x 2-bedroom dwelling house with associated amenity space, cycle and refuse storage. Part two storey/part single storey rear extension and rear dormer extension to host property. (Summary).",DEVELOPMENT AT 127,127,STAINES ROAD,,,19/08/2025,,,,2,1,1,1,-1,Approved,02/05/2025,,,
415/APP/2025/465,Hillingdon,20/02/2025,Completed,All Other,Existing use of building as a Dwellinghouse (Use Class C3) (Application for a Certificate of Lawful Development for an Existing Use).,1 RECTORY WAY,,ICKENHAM,,,,24/04/2025,,,1,0,1,1,1,Approved,24/04/2025,,,http://planning.hillingdon.gov.uk/OcellaWeb/planningDetails?reference=415/APP/2025/465
P1659.23,Havering,09/11/2023,Completed,All Other,"Retention of one bedroom self-contained flat in rear projection as built, including new window openings in side and rear elevation of building.","Harold Court House, Church Road",,Romford,,RM3 0JX,,11/09/2025,,,1,0,1,0,1,Approved,09/02/2024,,,http://development.havering.gov.uk/OcellaWeb/planningDetails?reference=P1659.23
1246/25,Redbridge,28/04/2025,Commenced,All Other,"Internal alterations to the entrance lobby. Part first floor rear extension. Alterations to fenestrations. Conversion from a single dwelling house into 2no. self-contained flats (1 x 3 and 1 x 2 bedrooms) with associated car parking, electric car charging point, cycle store, waste / refuse storage and amenity space. (Summary).",DEVELOPMENT AT 13,,LEEDS ROAD,,,28/07/2025,,,,2,1,1,1,-1,Approved,25/07/2025,,,
35893/APP/2021/4656,Hillingdon,30/12/2021,Commenced,All Other,Demolition and replacement of existing detached house with new detached dwelling with associated landscaping and on-site parking,64 COPSE WOOD WAY,,NORTHWOOD,,HA6 2UA,31/07/2025,,,,1,1,0,0,-1,Approved,19/08/2022,,,http://planning.hillingdon.gov.uk/OcellaWeb/planningDetails?reference=35893/APP/2021/4656
DM2025/00714,London Borough of Sutton,27/05/2025,Completed,All Other,Confirmation of the lawful erection of a detached two storey dwelling.,,3,Fenton Close,,SM6 0EJ,,17/07/2025,,,1,0,1,1,1,Approved,17/07/2025,,,https://planningregister.sutton.gov.uk/online-applications/applicationDetails.do?activeTab=summary&keyVal=SWXI5HKCJD500
P0238.22,Havering,18/02/2022,Completed,All Other,Demolition of existing residential dwelling. Proposed 5no dwellings comprising of 3 x 3 bedroom terraced dwelling and 2 x maisonettes and an external staircase.,38 Wrexham Road,,Romford,,RM3 9HH,05/05/2023,29/04/2025,,,5,1,4,4,4,Approved,15/06/2022,,,http://development.havering.gov.uk/OcellaWeb/planningDetails?reference=P0238.22
15/05297/RG4,Lambeth,,Completed,All Other,"Demolition of existing buildings and site clearance works to provide 55 social rented units (Use Class C3), a replacement community hall (Use Class D1), associated landscaping, parking and ancillary work.",Fenwick Housing Estate,Fenwick Housing Estate,Lambeth Housing Estates,,SW9 9NN,01/01/2019,16/06/2025,,,55,0,55,55,55,Approved,10/02/2017,,,
P1135.23,Havering,20/07/2023,Completed,All Other,"1x two storey, 2-bed, detached dwelling with associated parking and amenity space.",138 and 140 Station Lane,,Hornchurch,,RM12 6LU,24/10/2024,12/05/2025,,,1,0,1,1,1,Approved,22/12/2023,,,http://development.havering.gov.uk/OcellaWeb/planningDetails?reference=P1135.23
P1927.20,Havering,18/12/2020,Completed,All Other,Demolition of existing detached single dwelling bungalow. Erection of replacement one and a half storey 2-bed detached single dwelling house with associated parking and amenity space.,14 Hood Road,,Rainham,,RM13 8AS,10/10/2023,18/07/2025,,,1,1,0,0,0,Refused,21/05/2021,,,http://development.havering.gov.uk/OcellaWeb/planningDetails?reference=P1927.20
21/05314/FULL1,Bromley,14/01/2022,Completed,All Other,Creation of dormer window to rear roof of Nos.323 and 325. New lateral 2 bed flat within roofspace. Modification of existing first floor 1 bed flat at No.323 to create common stairwell for access to all flats. Creation of new 1 bed flat at first floor of No.325,,323,Upper Elmers End Road,,BR3 3QP,04/08/2024,01/05/2025,,,2,0,2,2,2,Approved,09/03/2022,,,
25/03201/CEU,Enfield Council,17/09/2025,Completed,All Other,Use of premises as two self-contained dwellings.,,84,Bedford Road,,N9 7DB,22/10/2025,22/10/2025,,,2,0,2,2,2,Approved,22/10/2025,,,<enter PA URL here>
30837/APP/2019/3096,Hillingdon,10/10/2019,Completed,All Other,Erection of 3 x 4-bed dwellings with associated parking and amenity space and installation of vehicular crossover (involving demolition of 5 Firs Walk (Outline Planning Application with Some Matters Reserved),5 & 6 FIRS WALK,5 & 6,Firs Walk,,HA6 2BZ,12/06/2023,28/04/2025,,,3,1,2,2,2,Refused,01/02/2021,,,http://planning.hillingdon.gov.uk/OcellaWeb/planningDetails?reference=30837/APP/2019/3096
75175/APP/2020/2951,Hillingdon,,Completed,All Other,"Erection of a two storey, 2-bed dwelling with associated parking and amenity space",LAND AT 23-25 LITTLE ROAD,,,Hayes,UB3 3BT,,09/07/2025,,,1,0,1,1,1,Approved,19/11/2020,,,
1954/25,Redbridge,23/07/2025,Completed,All Other,Use as a self-contained (C3) dwelling house. (Summary).,REAR OF 14 CROWNFIELD AVENUE IN,,WHITES AVENUE,Newbury Park,IG2 7PJ,11/04/2016,06/08/2025,,,1,0,1,0,1,Approved,06/08/2025,,,
25/01017/CLE,London Borough of Newham,21/05/2025,Completed,All Other,Application for a lawful development certificate (existing) for the use as 2 x 2-bed flats,Flat 12,542,Romford Road,Forest Gate,E7 8AF,,05/08/2025,,,2,2,0,0,0,Approved,05/08/2025,,,
DM2023/00780,London Borough of Sutton,26/05/2023,Completed,All Other,Demolition of side extension erection of an attached two storey dwelling together with the alteration to the roof line of no. 90 Windsor Avenue.,90 Windsor Avenue North Cheam Sutton SM3 9RY,,,,,,07/04/2025,,,1,0,1,1,1,Approved,25/09/2023,,,
24/02586/FUL,London Borough of Bexley,14/11/2024,Completed,All Other,Change of use from dwellinghouse (Class C3) to House of Multiple Occupation (Class C4) and retention of single storey rear extension.,,52,Bledlow Close,,SE28 8HF,11/03/2025,30/05/2025,,,1,1,0,0,0,Approved,11/02/2025,,,
P0303.19,Havering,25/02/2019,Completed,All Other,"Proposed extension and conversion of existing vacant building, to provide ground and basement retail together with 9 self-contained flats over upper floors and erection of a detached house fronting Richards Avenue; together with associated landscaping, access way and parking.",164 London Road,164,Romford,,RM7 9EU,13/09/2022,04/08/2025,,,10,0,10,10,10,Approved,07/11/2019,,,http://development.havering.gov.uk/OcellaWeb/planningDetails?reference=P0303.19
24/2018/PS192,Richmond upon Thames,08/08/2024,Completed,Prior Approval,Change of use from HMO C4 to Single Dwelling C3.,,63,Priory Road,,TW9 3DH,01/11/2024,02/07/2025,,,1,1,0,0,0,Approved,26/09/2024,,,
25/01256/LDCE,London Borough of Lambeth,17/04/2025,Completed,All Other,Application for a Certificate of Lawful Development (Existing) with respect to the deconversion of Flats 1 and 2 into a residential unit at lower and ground floors.,,5,Porteus Place,,SW4 0AP,,29/08/2025,,,1,2,-1,-1,-1,Approved,29/08/2025,,,
2025/1626,Wandsworth,07/05/2025,Completed,All Other,Use of property as single dwelling house.,,37,Culverden Road,London,SW12 9LT,,02/07/2025,,,1,0,1,1,1,Approved,02/07/2025,,,http://planning.wandsworth.gov.uk/Northgate/PlanningExplorer/DisplayAppDetails.aspx?AppNo=2025/1626
0082/24,Redbridge,12/01/2024,Completed,All Other,Change of use from Office to 3no. self contained flats (summary),Development At The Mews 26a,,Roding Lane South,,,13/03/2024,27/08/2025,,,3,0,3,3,3,Approved,06/03/2024,,,
19/03546/FUL,Lambeth,08/11/2019,Completed,All Other,"Redevelopment of the site involving the erection of a 5 storey building comprising light industrial floorspace (Use Class B1(c)) on the ground floor and 17 residential units (Use Class C3) on the upper floors with provision for cycle parking, refuse and recycling storage and landscaping.",Land Between 29 And 31 Blenheim Gardens,,Development Control Pseudo Street,,SW2,01/11/2022,20/07/2025,,,17,0,17,17,17,Approved,19/07/2021,,,
P1471.23,Havering,16/10/2023,Commenced,All Other,Demolition of existing dwelling and construction of 2no. dwellings with off street car parking and private amenity.,92 Harrow Drive,,Hornchurch,,RM11 1NX,23/07/2025,,,,2,1,1,1,-1,Approved,11/12/2023,,,http://development.havering.gov.uk/OcellaWeb/planningDetails?reference=P1471.23
25/0783/191,London Borough of Barnet,26/02/2025,Completed,All Other,Use as 6no. self-contained flats,,8,Brentfield Gardens,Cricklewood,NW2 1JP,,22/04/2025,,,6,0,6,6,6,Approved,22/04/2025,,,
0856/25,Redbridge,27/03/2025,Completed,All Other,Use as a small HMO (C4). (Summary).,,59,Goodmayes Lane,,IG3 9PD,20/08/2019,08/05/2025,,,1,0,1,1,1,Approved,08/05/2025,,,
DM2025/00715,London Borough of Sutton,27/05/2025,Completed,All Other,Confirmation of the lawful erection of a detached two storey dwelling,,4,Fenton Close,,SM6 0EJ,,17/07/2025,,,1,0,1,1,1,Approved,17/07/2025,,,https://planningregister.sutton.gov.uk/online-applications/applicationDetails.do?activeTab=summary&keyVal=SWXI5VKCJD700
230942VAR,Ealing,08/03/2023,Completed,All Other,"Minor material amendment (S.73) to vary condition no. 2 (approved plans) pursuant to planning permission reference 222947FUL dated 06/03/2023 for "Construction of a four storey residential building comprising eight self-contained flats (four x 1 bedroom, three x 2 bedroom, one x 3-bedroom) over basement, ground, first and second floors with associated private amenity space, refuse, cycle storage and parking (following demolition of the existing building - with front facade retained only)". Variation seeks to split the top floor into two units, the addition of dormer roof extensions to the side roof slopes, the construction of an inset balcony on the rear gable, change the ground floor sash window on the ground floor of the front elevation to a door, change the windows and doors on the North-West flank elevation from timber to aluminium, addition of solar panels to the flat roof",36 Rosemont Road,,Rosemont Road,London,W3 9LY,,11/06/2025,,,3,0,3,3,3,Approved,07/08/2023,,,https://pam.ealing.gov.uk/online-applications/PLAN/230942VAR;
0633/25,Redbridge,11/03/2025,Completed,All Other,Use of property as dwelling. (summary),,64,Clarence Avenue,Gants Hill,IG2 6JE,28/10/2016,01/05/2025,,,1,0,1,1,1,Approved,01/05/2025,,,
2023/02470/FUL,London Borough of Hammersmith and Fulham,29/09/2023,Completed,All Other,Deconversion of the existing property from HMO into a single family dwellinghouse. (Revised description),,124,Sulgrave Road,,W6 7PU,,22/07/2025,,,1,1,0,0,0,Approved,19/02/2024,,,
25/01296/CEU,Enfield Council,14/05/2025,Completed,All Other,Use of property as two self-contained flats.,,37,Russell Road,,N13 4RS,,20/06/2025,,,2,0,2,2,2,Approved,20/06/2025,,,<enter PA URL here>
25/01863/CEA,Enfield Council,27/05/2025,Completed,All Other,Change of use from Use Class C3 (dwelling house) to Use Class C2 (children's home).,,25,Pentland Close,,N9 0XN,,11/07/2025,,,0,1,-1,-1,-1,Approved,11/07/2025,,,<enter PA URL here>
25/1594/191,London Borough of Barnet,23/04/2025,Completed,All Other,Use of first and second floors as 2no. self-contained residential units,,10,Russell Gardens,Golders Green,NW11 9NL,,22/05/2025,,,2,0,2,2,2,Approved,22/05/2025,,,
25/00698/CLE,London Borough of Newham,31/03/2025,Completed,All Other,Application for a lawful development certificate (existing) for the use as four self-contained residential flats.,,4,New City Road,Plaistow,E13 9LL,,29/05/2025,,,4,4,0,0,0,Approved,29/05/2025,,,
0036/22,Redbridge,12/01/2022,Completed,All Other,"Demolish existing structure. Erection of two storey building to create 4x one-bedroom self contained flats with associated amenity space, parking, cycyle and refuse storage. (summary)",Development Site At 575,,Green Lane,Seven Kings,,,23/07/2025,,,4,0,4,0,4,Approved,21/03/2022,,,
1474/25,Redbridge,28/05/2025,Completed,All Other,Use of flat as small HMO for up to six people (summary),,182B,Cranbrook Road,,IG1 4LX,12/07/2018,18/07/2025,,,1,0,1,1,1,Approved,18/07/2025,,,
4356/21,Redbridge,26/10/2021,Completed,All Other,"Erection of three storey building to create nine new residential units (1x one bedroom, 2x two bedroom, 6x three bedroom) with assocaited amenity space, car parking, cycle and refuse storage. (summary)",Development At Land Between 17 Rushden Gardens And At 175,,Longwood Gardens,,,13/05/2023,19/08/2025,,,9,0,9,9,9,Approved,24/12/2021,,,
250851CPE,Ealing,27/02/2025,Completed,All Other,Use of existing single dwelling (flat) as House in Multiple Occupation (HMO) (Use Class C4) (Lawful Development Certificate for an Existing Use),Flat 1,,Cecil Road,London,W3 0DA,,24/04/2025,,,1,1,0,0,0,Approved,24/04/2025,,,https://pam.ealing.gov.uk/online-applications/PLAN/250851CPE;
25/01786/CEU,Enfield Council,19/05/2025,Completed,All Other,Use of a single family dwellinghouse as a House in Multiple Occupation (HMO) for up to 6 residents living together as a single household with shared facilities.,,226,Winchester Road,,N9 9EF,,02/07/2025,,,1,1,0,0,0,Approved,02/07/2025,,,<enter PA URL here>
25/00673/ELUD,Bromley Custodian Code,25/02/2025,Completed,All Other,Use of existing barn as single dwelling house. LAWFUL DEVELOPMENT CERTIFICATE (EXISTING),Graylins Farm,,Jackass Lane,,BR2 6AN,,15/05/2025,,,1,0,1,1,1,Approved,15/05/2025,,,
J0046.21,Havering,05/01/2022,Completed,Prior Approval,Application for prior notification of development from Use Class E to Use Class C3 - conversion of first floor office to two bedroom flat (PRIOR APPROVAL),29 STATION ROAD,,HAROLD WOOD,,RM3 0BP,,27/05/2025,,,1,0,1,1,1,Approved,02/09/2022,,,http://development.havering.gov.uk/OcellaWeb/planningDetails?reference=J0046.21
2022/03419/FUL,London Borough of Hammersmith and Fulham,10/01/2023,Completed,All Other,De-conversion of the existing property from 2no. self-contained maisonettes into a single family dwellinghouse; removal of the existing chimney and erection of a parapet above the roof of first floor rear back addition to match neighbouring property (9 Adie Road); Alteration to the existing terrace at second floor level. (Revised description),,10,Adie Road,,W6 0PW,,01/07/2025,,,0,3,-3,-3,-3,Approved,23/05/2023,,,
35392/APP/2024/3243,Hillingdon,11/12/2024,Completed,All Other,"Erection of a part single storey, part two storey extension to the side and rear and conversion of roof space to habitable use to include a rear dormer, to accommodate the conversion of the existing dwelling into two dwellings, along with associated car and cycle parking, external amenity space.",23 PINE GARDENS,,RUISLIP,,,,08/04/2025,,,2,1,1,1,1,Approved,25/04/2025,,,http://planning.hillingdon.gov.uk/OcellaWeb/planningDetails?reference=35392/APP/2024/3243
DM2025/00230,London Borough of Sutton,24/02/2025,Completed,All Other,Change of use from Class C3 (residential) to Class C4 (small HMO for up to 6 people).,,151A,Epsom Road,,SM3 9EY,,11/04/2025,,,1,1,0,0,0,Approved,11/04/2025,,,
21/03699/P3MA,Lambeth,17/09/2021,Completed,All Other,Application for Prior Approval for the change of use from office spaces (Use Class E) at first and second floors into 2 residential units (Use Class C3).,290 - 292 Brixton Road,,Development Control Pseudo Street,,SW9 6AG,,01/07/2025,,,2,0,2,2,2,Approved,30/12/2021,,,
1111/25,Redbridge,16/04/2025,Completed,All Other,Use as a small HMO (C4) for up to 6 people. (Summary).,,17,Ridgeway Gardens,,IG4 5HJ,,10/06/2025,,,1,0,1,1,1,Approved,10/06/2025,,,
P0739.24,Havering,28/05/2024,Completed,All Other,"Proposed demolition of existing dwelling, erection of new 7 bedroom dwelling with swimming pool complex.",9 Parkstone Avenue,,Hornchurch,,RM11 3LX,16/09/2024,18/06/2025,,,1,1,0,0,0,Approved,19/11/2024,,,http://development.havering.gov.uk/OcellaWeb/planningDetails?reference=P0739.24
P1331.16,Havering,,Completed,All Other,"Demolition of existing social club and redevelopment of site to provide 4no. three bedroom houses together with associated access road, parking and landscaping. Single storey rear extension to existing retained bungalow at no. 121 Cross Road.",121,121,Cross Road,Romford,RM7 8EA,28/08/2024,04/07/2025,,,4,1,3,3,3,Approved,30/08/2019,,,
DM2025/00220,London Borough of Sutton,20/02/2025,Completed,All Other,Change of use from Class C3 (residential) to Class C4 (small HMO for up to 6 people).,,45B,North Street,,SM5 2HG,,10/04/2025,,,1,0,1,1,1,Approved,10/04/2025,,,
3428/20,Redbridge,20/10/2020,Completed,All Other,"Demolition of 6no. garages and a caretaker's store. Roof extensions to existing blocks and the erection of 4no. infill blocks to create sixty residential units (consisting of 12 x 1 bedroom, 20 x 2 bedroom, 21 x 3 bedroom and 7 x 4 bedroom flats) with associated landscaping, boundary treatment, cycle and car parking, waste storage and amenity space. (Summary).",Development At Suffolk Court,378,Suffolk Road,Newbury Park,IG3 8JQ,13/06/2023,05/08/2025,,,60,0,60,60,60,Approved,05/02/2021,,,
53180/APP/2021/1325,Hillingdon,01/04/2021,Completed,Prior Approval,"Change of use from offices (Class B1a) to 51 studio apartments (Class C3) (Application for Prior Approval under Schedule 2, Part 3, Class O of the Town and Country Planning (General Permitted Development) (England) Order 2015 (as amended)).","4 WATERSIDE HOUSE, COWLEY BUSINESS PARK",,HIGH STREET,,UB8 2AD,27/03/2023,06/05/2025,,,51,0,51,51,51,Approved,19/05/2021,,,http://planning.hillingdon.gov.uk/OcellaWeb/planningDetails?reference=53180/APP/2021/1325
25/01990/CEU,Enfield Council,11/06/2025,Completed,All Other,Use of premises as 2 self-contained flats.,,97,Evesham Road,,N11 2RR,,31/07/2025,,,2,0,2,2,2,Approved,31/07/2025,,,<enter PA URL here>
77404/APP/2022/2171,Hillingdon,06/07/2022,Completed,All Other,"Outline planning application for the partial demolition and retention of existing No.37 Midhurst Gardens and construction of new end-of-terrace two-bedroom dwelling set over two floors with associated, parking, amenity and formation of new access (all matters reserved)",37 MIDHURST GARDENS,,HILLINGDON,,UB10 9D,29/01/2024,06/06/2025,,,1,0,1,1,1,Approved,14/06/2023,,,http://planning.hillingdon.gov.uk/OcellaWeb/planningDetails?reference=77404/APP/2022/2171
J0029.23,Havering,05/09/2023,Completed,Prior Approval,Application for prior notification of development from Use Class E to Use Class C3,21 STATION ROAD,,UPMINSTER,,RM14 2SS,,01/08/2025,,,2,0,2,0,2,Approved,27/10/2023,,,http://development.havering.gov.uk/OcellaWeb/planningDetails?reference=J0029.23
25/01145/CLE,London Borough of Newham,17/06/2025,Completed,All Other,"Application for a Lawful Development Certificate for existing basement flat at 26C Stopford Road, E13.",,26C,Stopford Road,Plaistow,E13 0LZ,,12/08/2025,,,1,0,1,1,1,Approved,12/08/2025,,,
25/01580/LDCP,London Borough of Lambeth,13/05/2025,Completed,All Other,"Application for a Certificate of Lawful Development (Proposed) with respect to the change of use of the property (Use Class C3) to small HMO (Use Class C4), together with the replacement of the ground floor rear window with double doors.",96 Sherwood AvenueLondonLambethSW16 5EJ,,,,,,14/07/2025,,,1,0,1,1,1,Approved,14/07/2025,,,
2025/1900,Wandsworth,27/05/2025,Completed,All Other,Change of use from dwellinghouse (Use C3) to up to 6 person HMO (Use C4).,,240,Sellincourt Road,London,SW17 9SB,,22/07/2025,,,1,1,0,0,0,Approved,22/07/2025,,,http://planning.wandsworth.gov.uk/Northgate/PlanningExplorer/DisplayAppDetails.aspx?AppNo=2025/1900
4678/21,Redbridge,03/12/2021,Completed,All Other,Erection of two bedroom house with associated car parking and amenity space. Formation of new vehicular access. (Summary).,Development Site At And Rear Of 779,,Eastern Avenue,,,,24/07/2025,,,1,0,1,0,1,Approved,26/01/2022,,,
J0042.23,Havering,29/11/2023,Completed,Prior Approval,Application for prior notification of development from Use Class E(a) to Use Class C3 to create 2 no. 1-bed flats,144 South Street,,Romford,,RM1 1SX,,20/05/2025,,,2,0,2,0,2,Approved,24/01/2024,,,http://development.havering.gov.uk/OcellaWeb/planningDetails?reference=J0042.23
25/01906/CEU,Enfield Council,12/06/2025,Completed,All Other,"Conversion of single family dwellinghouse (Use Class C3) to one self-contained flat and change of use to one 5-room, 5-person House in Multiple Occupation (Use Class C4)",,40,Bromley Road,,N18 1LH,,11/08/2025,,,2,1,1,1,1,Approved,11/08/2025,,,<enter PA URL here>
P0800.24,Havering,19/06/2024,Completed,All Other,Change of Use of first and second floor from an Office (Class E) to one 3-bed flat (Class C3),161A High Street,,Hornchurch,,RM11 3XS,,20/08/2025,,,1,0,1,0,1,Approved,24/09/2024,,,http://development.havering.gov.uk/OcellaWeb/planningDetails?reference=P0800.24
25/02039/CEU,Enfield Council,09/06/2025,Completed,All Other,Use of property as 4x self-contained flats.,,9,Hinton Road,,N18 1PW,,31/07/2025,,,4,0,4,4,4,Approved,31/07/2025,,,<enter PA URL here>
231447FUL,Ealing,04/04/2023,Completed,All Other,Construction of a two-storey detached building comprising of 3 self-contained flats (with accommodation within the roof) along with provision for cycle and bin storage and private amenity space and; single storey rear extension to the existing dwelling (Following demolition of existing side and rear extensions),11 Panhard Place,,Panhard Place,Southall,UB1 3JJ,,02/06/2025,,,3,1,2,2,2,Approved,02/06/2023,,,https://pam.ealing.gov.uk/online-applications/PLAN/231447FUL;
2136/25,Redbridge,24/07/2025,Completed,All Other,Use of annexe as self-contained residential unit. (Summary).,,112,Glebelands Avenue,Newbury Park,IG2 7DL,12/03/2018,12/08/2025,,,1,0,1,0,1,Approved,12/08/2025,,,
79420/APP/2025/1016,Hillingdon,07/04/2025,Completed,All Other,Change of use from a 2-bedroom flat (Use Class C3) to a 3-bedroom 3-person small House in Multiple Occupation (Use Class C4) (Application for a Certificate of Lawful Development for a Proposed Development),39 GREAT CENTRAL AVENUE,,RUISLIP,,HA4 6TT,,07/05/2025,,,1,1,0,0,0,Approved,07/05/2025,,,http://planning.hillingdon.gov.uk/OcellaWeb/planningDetails?reference=79420/APP/2025/1016
25/0295/191,London Borough of Barnet,06/03/2025,Completed,All Other,Implementaton of planning permission 21/6468/FUL dated 16/03/2022 for `Demolition of existing detached dwelling house. Erection of a two storey dwelling house with rooms in the roofspace. New rear garage.`,,16,Woodward Avenue,Hendon,NW4 4NY,,01/05/2025,,,1,1,0,0,0,Approved,01/05/2025,,,
2936/21,Redbridge,22/07/2021,Completed,All Other,"Part single, part two storey rear extension. Internal alterations to create 1x two bedroom flat and 3x studio flats with associated waste storage. (summary)",Development At 17,,Grosvenor Road,,,07/05/2024,18/06/2025,,,4,2,2,2,2,Approved,16/09/2021,,,
DM2021/00731,London Borough of Sutton,29/06/2021,Completed,All Other,Demolition of existing bungalow and erection of a new bungalow with parking and cycle storage.,,47,Mount Park,,SM5 4PR,01/08/2022,30/05/2025,,,1,1,0,0,0,Approved,15/12/2021,,,
73955/APP/2020/139,Hillingdon,,Commenced,All Other,"Demolition of existing buildings for residential-led mixed use development comprising buildings between 3 and 11 storeys to provide residential units (Use Class C3) and ground floor employment floorspace (Use Class B1) with associated access and car and cycle parking, landscape and amenity areas and associated servicing.",CROWN TRADING ESTATE,,Clayton Road,Hayes,UB3 1DU,18/11/2022,,,,407,0,407,407,195,Approved,27/08/2021,,,
28177/APP/2025/305,Hillingdon,06/02/2025,Completed,All Other,Confirmation of change of use from a dwellinghouse (Use Class C3) into a House in Multiple Occupation (HMO) (Use Class C4) (Application for a Certificate of Lawful Development for a Proposed Use),247 WEST END ROAD,,RUISLIP,,,,21/05/2025,,,1,1,0,0,0,Approved,21/05/2025,,,http://planning.hillingdon.gov.uk/OcellaWeb/planningDetails?reference=28177/APP/2025/305
22/05002/FULL1,Bromley Custodian Code,12/01/2023,Completed,All Other,"Proposed erection of 1 no. detached dwelling with associated amenity space, cycle / bin storage and parking, including associated vehicular crossover.",,11,Hartfield Road,,BR4 9DA,,16/06/2025,,,1,0,1,1,1,Approved,13/03/2023,,,
P1256.23,Havering,01/09/2023,Completed,All Other,Erection of a 3 bedroom house and alteration to existing garage to rear,27 Frinton Road,,Romford,,RM5 2EP,,23/06/2025,,,1,0,1,0,1,Approved,03/11/2023,,,http://development.havering.gov.uk/OcellaWeb/planningDetails?reference=P1256.23
2022/3642,Wandsworth,01/09/2022,Completed,All Other,Change of use from office (Class E) to residential (Class C3) in connection with provision of 1 x 3 bedroom dwelling with associated refuse store (concurrent listed building consent ref. 2022/3602).,Professional Centre School House,281,Franciscan Road,London,SW17 8HE,,31/05/2025,,,1,0,1,1,1,Approved,01/11/2022,,,http://planning.wandsworth.gov.uk/Northgate/PlanningExplorer/DisplayAppDetails.aspx?AppNo=2022/3642
205321FUL,London Borough of Ealing,24/12/2020,Completed,All Other,"Construction of four-storey building to provide 1no. commercial unit at ground floor level and 6no. self-contained residential units; and provision of associated amenity space, refuse and cycle storage (following demolition of existing building)",,135,Uxbridge Road,,W13 9AU,,01/06/2025,,,6,0,6,6,6,CDS106,02/09/2022,,,
15/04618/FUL,Lambeth,14/08/2015,Completed,All Other,"Demolition of existing buildings and erection of a part-2/part-3-storey building incorporating a mansard roof to provide a retail unit (Use Class A1) at ground floor level and 4 self-contained residential units (2 x 1 bed, 1 x 2 bed and 1 studio) together with the provision of cycle storage, refuse and associated landscaping works.",,28,Dalton Street,,SE27 9HS,02/12/2018,01/08/2025,,,4,0,4,4,4,Approved,23/12/2015,,,
25/00754/FUL,London Borough of Bexley,28/04/2025,Completed,All Other,Retrospective planning permission application for change of use from private dwelling use Class (C3) to Class C4 use as a small HMO for six people.,,54,Seacourt Road,,SE2 9UP,23/07/2025,23/07/2025,,,1,1,0,0,0,Approved,23/07/2025,,,
P1653.22,Havering,07/12/2022,Completed,All Other,"1 x 3-bed, and 2 x 2-bed terraced dwellings with associated parking, cycle storage, and amenity space, involving demolition of existing dwelling",2 Prospect Road,,Hornchurch,,RM11 3TZ,02/05/2025,14/06/2025,,,3,1,2,2,2,Approved,24/02/2023,,,http://development.havering.gov.uk/OcellaWeb/planningDetails?reference=P1653.22
25/2243/191,London Borough of Barnet,04/06/2025,Completed,All Other,Use as a two storey dwelling with lower ground floor level and rooms in the roofspace with attached garage,Century House,,Camlet Way,,EN4 0NJ,,30/07/2025,,,1,0,1,1,1,Approved,30/07/2025,,,
25/00958/FUL,London Borough of Bexley,08/05/2025,Completed,All Other,Retrospective Change of Use from Residential Dwelling (Class C3) to Residential Care (Class C2) for a maximum of five occupants including carers and replacement windows.,,58,Green Walk,Crayford,DA1 4JL,06/08/2025,06/08/2025,,,0,1,-1,-1,-1,Approved,06/08/2025,,,
25/01365/CEU,Enfield Council,09/04/2025,Completed,All Other,Use of property as two self-contained flats.,,22,Firs Lane,,N21 3ES,,04/06/2025,,,2,0,2,2,2,Approved,04/06/2025,,,<enter PA URL here>
P0212.19,Havering,08/02/2019,Completed,All Other,"Conversion and extension of the existing ground floor store to create a self-contained one bedroom, 2 person maisonette at side and rear of existing building, a side/front extension, first floor side and rear extensions and minor alterations to the existing offices and flat.",88 & 88A North Street,88 & 88A,Hornchurch,,RM11 1SR,08/03/2021,09/07/2025,,,1,0,1,1,1,Approved,05/04/2019,,,http://development.havering.gov.uk/OcellaWeb/planningDetails?reference=P0212.19
P0229.23,Havering,09/02/2023,Completed,All Other,Outline application incorporating details of access and layout for 6 x two storey dwellings with associated parking and amenity space (with all other matters reserved),Land rear of 18-28 Prospect Road,,Hornchurch,,RM11 3TZ,,19/07/2025,,,6,0,6,0,6,Approved,31/07/2023,,,http://development.havering.gov.uk/OcellaWeb/planningDetails?reference=P0229.23
P1304.24,Havering,30/09/2024,Completed,All Other,Demolition of existing dwelling and creation of a 5 Bedroom detached dwelling,109 Parkstone Avenue,,Hornchurch,,RM11 3LP,16/09/2024,18/06/2025,,,1,1,0,0,0,Approved,25/11/2024,,,http://development.havering.gov.uk/OcellaWeb/planningDetails?reference=P1304.24
79035/APP/2024/2449,Hillingdon,11/09/2024,Completed,Prior Approval,"Conversion of the first and second floors to create 2no self contained flats. Retention of ground floor in commercial use (Schedule 2, Part 3, Class G of the Town and Country Planning (General Permitted Development) (England) Order 2015 (as amended).",79 A PARK WAY,,RUISLIP,,HA4 8NS,,30/06/2025,,,2,0,2,2,2,Approved,31/10/2024,,,http://planning.hillingdon.gov.uk/OcellaWeb/planningDetails?reference=79035/APP/2024/2449
22/03435/FUL,Lambeth,04/10/2022,Completed,All Other,"Demolition of the vacant Health Clinic (Use Class E) and redevelopment of the site, involving the erection of 4 storey building to provide five dwellinghouses (Use Class C3) with provision of cycle parking, refuse storage, amenity space, landscaping plus boundary treatment and other associated works.",141 - 149 Railton Road,,Development Control Pseudo Street,,SE24 0LT,27/11/2023,01/07/2025,,,5,0,5,5,5,Approved,18/05/2023,,,
21/4119/FUL,Richmond upon Thames,30/11/2021,Completed,All Other,Construction of new detached family home following demolition of existing detached bungalow.,,92,Sandy Lane,,TW11 0DF,01/03/2023,22/07/2025,,,1,1,0,0,0,Approved,05/08/2022,,,
DM2025/00713,Sutton,27/05/2025,Completed,All Other,Confirmation of the lawful erection of a detached two storey dwelling,,2,Fenton Close,,SM6 0EJ,,17/07/2025,,,1,0,1,1,1,Approved,17/07/2025,,,https://planningregister.sutton.gov.uk/online-applications/applicationDetails.do?activeTab=summary&keyVal=SWXI53KCJD300
3054/22,Redbridge,15/10/2022,Completed,All Other,"Demolish existing light industrial building. Erection of five bedroom dwelling house with associated amenity space, landscaping, car parking, cycle and refuse storage. (summary)",Development Site At 34a,,Chadwell Avenue,Chadwell Heath,,01/11/2023,30/06/2025,,,1,0,1,1,1,Approved,13/12/2022,,,
22/00864/FUL,Royal Borough of Kingston (LA Code),15/03/2022,Commenced,All Other,Demolition of the existing building and erection of a three-storey building to provide nine residential units (Use Class C3) and 315 sqm of commercial (Class E) floorspace with associated refuse/recycling facilities and cycle storage,,"192, 194",London Road,,KT2 6QP,09/01/2024,,,,9,0,9,9,9,Approved,07/09/2022,,,https://publicaccess.kingston.gov.uk/online-applications/applicationDetails.do?activeTab=summary&keyVal=R8SNALNHHVA00
25/1255/191,London Borough of Barnet,24/03/2025,Completed,All Other,Use 6no. self-contained residential flats,,119,Leeside Crescent,Golders Green,NW11 0JN,,17/04/2025,,,6,0,6,6,6,Approved,17/04/2025,,,
19/02343/FULL1,Bromley,30/05/2019,Completed,All Other,Demolition of existing commercial buildings and erection of a single detached house with associated access road and parking,Lilly's Farm,,Chelsfield Lane,,BR6 6NN,05/05/2022,19/05/2025,,,1,0,1,1,1,Approved,27/01/2021,,,
0943/25,Redbridge,01/04/2025,Completed,All Other,Use of property at small HMO. (summary),,107,Hampton Road,,IG1 1PU,06/09/2016,21/05/2025,,,1,0,1,1,1,Approved,21/05/2025,,,
DM2025/00712,London Borough of Sutton,27/05/2025,Completed,All Other,Confirmation of the lawful erection of a detached two storey dwelling,,1,Fenton Close,,SM6 0EJ,,17/07/2025,,,1,0,1,1,1,Approved,17/07/2025,,,https://planningregister.sutton.gov.uk/online-applications/applicationDetails.do?activeTab=summary&keyVal=SWXI4KKCJD100
3334/23,Redbridge,20/01/2024,Completed,All Other,Additional storey to create one x 2-bedroom self-contained flat with associated and waste/refuse. (summary),Development At 80 To 84 And 90,,Belgrave Road,,,,20/08/2025,,,1,0,1,0,1,Approved,21/05/2024,,,
25/2475/192,London Borough of Barnet,16/06/2025,Completed,All Other,Change of use from Supported Living (Use Class C3b) to single dwelling house (C3a),,10,Bernhart Close,,HA8 0SH,,15/07/2025,,,1,0,1,1,1,Approved,15/07/2025,,,
44343/APP/2022/43,Hillingdon,27/01/2022,Commenced,All Other,"Single storey side/rear extension and conversion of dwelling into 3 x self contained studio flats and 1 x self contained 1-bed flat, with associated amenity space",101 BELMONT ROAD,101,Belmont Road,,UB8 1QX,06/06/2025,,,,4,1,3,3,-1,Approved,06/07/2022,,,http://planning.hillingdon.gov.uk/OcellaWeb/planningDetails?reference=44343/APP/2022/43
3828/APP/2023/3361,Hillingdon,18/12/2023,Commenced,All Other,Erection of single storey ground floor and second floor rear extensions. Creation of an additional storey to create a new studio flat (1 person) above the current house. Alterations and replacement of the existing front and rear elevation windows and provision of cycle storage,142 CHURCH ROAD,,HAYES,,UB3 2LW,01/12/2024,,,,2,1,1,1,1,Approved,17/05/2024,,,http://planning.hillingdon.gov.uk/OcellaWeb/planningDetails?reference=3828/APP/2023/3361
20/04226/FULL1,Bromley,08/12/2020,Completed,All Other,"Demolition of the existing club house buildings, erection of a part four and part five storey building to provide 32 residential flats comprising of 13 x 1 bed and 19 x 2 bed with 23 parking spaces and enabling the approved redevelopment of Track Pavilion, Norman Park, Hayes Lane to provide a part single and part two storey multi-sports facility and associated works under planning reference (ref: 18/01660/FULL1).",,56,Bourne Way,Hayes,BR2 7EY,11/07/2022,08/04/2025,,,32,0,32,32,32,Approved,14/06/2021,,,
DM2025/00200,London Borough of Sutton,17/02/2025,Completed,All Other,Change of use from Class C3 (residential) to Class C4 (small HMO for up to 6 people).,"Chesterton House, Flat 13",31,Cressingham Grove,,SM1 4DT,,09/04/2025,,,1,1,0,0,0,Approved,09/04/2025,,,
P1207.22,Havering,01/08/2022,Completed,All Other,Demolition of the existing building and erection of 1 x 4 bedroom dwelling with habitable loft and 1 x 2 bedroom semi-detached dwelling,54 SOUTH STREET,,RAINHAM,,RM13 8PJ,21/10/2024,16/06/2025,,,2,1,1,1,1,Approved,03/10/2022,,,http://development.havering.gov.uk/OcellaWeb/planningDetails?reference=P1207.22
P0232.22,Havering,16/02/2022,Completed,All Other,"Two storey, 2-bed, end terrace dwelling with associated parking and amenity space",53 Taunton Road,,Romford,,RM3 7ST,15/04/2024,14/05/2025,,,1,0,1,1,1,Approved,04/05/2022,,,http://development.havering.gov.uk/OcellaWeb/planningDetails?reference=P0232.22
22/01273/FULL1,Bromley,31/03/2022,Completed,All Other,"Subdivision of existing 3-bedroom maisonette into 2x 2-bedroom flats and 1x 1-bedroom studio flat incorporating side and rear roof extension with associated refuse storage, cycle storage and erection of rear roof extension (to Nos. 59 and 59A Chislehurst Road).",,59A,Chislehurst Road,,BR7 5NP,,24/04/2025,,,3,1,2,2,2,Approved,27/06/2023,,,
22/3119,Brent,07/09/2022,Completed,Prior Approval,Prior approval for the change of use from light industrial (Use Class E) to 2 residential units (Use Class C3),,,574 High Road,,HA0 2AA,,02/07/2025,,,2,0,2,2,2,Approved,02/11/2022,,,
1293/24,Redbridge,16/05/2024,Completed,All Other,Variation of Condition 2 of approved planning permission 1449/22: Reconfiguration to enlarge the top floor and amendment to internal layout. (Summary).,Development At 17 To 21,,Stanley Road,,,08/06/2024,03/05/2025,,,6,2,4,4,4,Approved,12/07/2024,,,
244313CPE,Ealing,17/01/2025,Completed,All Other,Continued use of dwellinghouse and rear outbuilding as three self-contained residential units (Lawful Development Certificate for an Existing Use),31 Priory Gardens,,Priory Gardens,London,W5 1DY,,17/04/2025,,,3,0,3,3,3,Approved,17/04/2025,,,https://pam.ealing.gov.uk/online-applications/PLAN/244313CPE;
45222/APP/2015/4692,Hillingdon,,Completed,All Other,"Erection of a six storey building on land facing Belmont Road comprising 335 sq. m of floorspace for use in Classes A1 - A5 at ground floor level and 33 residential dwellings, associated works including disabled car parking areas, landscaping, bin storage areas and cycle parking.",33-37,33-37,BELMONT ROAD,Uxbridge,UB8 1QT,13/11/2019,18/06/2025,,,33,0,33,33,33,Approved,11/01/2018,,,
181718FUL,Ealing,17/04/2018,Completed,All Other,"Redevelopment comprising a two-storey residential building with basement and roof level accommodation to provide nine self-contained flats (following demolition of existing dwellinghouse); and associated amenity spaces, cycle storage, refuse storage, and vehicle parking",42 Creswick Road,42,Creswick Road,London,W3 9HF,,01/08/2025,,,9,1,8,8,8,Approved,14/03/2019,,,https://pam.ealing.gov.uk/online-applications/PLAN/181718FUL;
DM2025/00196,London Borough of Sutton,17/02/2025,Completed,All Other,Change of use from Class C3 (residential) to Class C4 (small HMO) to provide 3 rooms.,,178,Beddington Lane,,CR0 4TF,,10/04/2025,,,1,1,0,0,0,Approved,10/04/2025,,,
25/01486/LDCE,London Borough of Lambeth,08/05/2025,Completed,All Other,Use of the property as an HMO (Use Class C4).,,151,Streatham Vale,,SW16 5SP,,03/07/2025,,,1,0,1,1,1,Approved,03/07/2025,,,
25/01328/CEU,Enfield Council,07/04/2025,Completed,All Other,Use of premises as 2 self-contained flats.,,34,Green Lanes,,N13 6HT,,23/05/2025,,,2,0,2,2,2,Approved,23/05/2025,,,<enter PA URL here>
240709CPE,Ealing,16/02/2024,Completed,All Other,Conversion of the property into three self-contained flats (Lawful Development Certificate for Existing Use),107 Norwood Road,,Norwood Road,Southall,UB2 4DZ,,13/05/2025,,,3,0,3,3,3,Refused,09/04/2024,,,https://pam.ealing.gov.uk/online-applications/PLAN/240709CPE;
1174/APP/2023/2859,Hillingdon,29/09/2023,Completed,All Other,"Conversion of single dwelling into two flats, including the erection of a two storey side extension, part single storey and part two storey rear extensions, with refuse and cycle storage and landscaping/amenity space, rear dormer and 3 roof lights.",383 VICTORIA ROAD,,RUISLIP,,HA4 0EF,23/03/2023,09/05/2025,,,2,1,1,1,1,Approved,24/11/2023,,,http://planning.hillingdon.gov.uk/OcellaWeb/planningDetails?reference=1174/APP/2023/2859
P0883.20,Havering,25/06/2020,Commenced,All Other,"Demolition of existing buildings and redevelopment of the site to provide 120 residential dwellings comprising 78 houses and 42 flats(1bed x 12, 2bed x 53, 3bed x 55) with associated car parking, landscaping, open space, play space and infrastructure.",Havering College Of Further And Higher Education,,Tring Gardens,,RM3 9ES,01/07/2023,,,,120,0,120,120,16,Approved,01/02/2022,,,http://development.havering.gov.uk/OcellaWeb/planningDetails?reference=P0883.20
DM2025/00488,London Borough of Sutton,03/04/2025,Completed,All Other,Erection of a first floor side/rear extension and a dormer extension to rear in connection with the conversion of the property into 2 self contained flat.,322 And 322A Stafford RoadWallingtonCR0 4NH,322,Stafford Road,,CR0 4NH,,20/05/2025,,,2,0,2,2,2,Approved,20/05/2025,,,https://planningregister.sutton.gov.uk/online-applications/applicationDetails.do?activeTab=summary&keyVal=SU4TIBKCIIE00
25/02119/CEU,Enfield Council,27/06/2025,Completed,All Other,Use of single family dwelling as 3x self contained flats.,,23,Shrubbery Road,,N9 0PA,,28/08/2025,,,3,1,2,2,2,Approved,28/08/2025,,,<enter PA URL here>
23/03251/FULL1,Bromley Custodian Code,31/10/2023,Completed,All Other,"Conversion of detached annex building into 1 bedroom dwelling together with the construction of a single storey rear extension, refuse and recycling stores, cycle parking, hard and soft landscaping and elevational alterations.",,34,Sandford Road,,BR2 9AW,,15/05/2025,,,1,0,1,1,1,Approved,20/12/2023,,,
0562/25,Redbridge,05/03/2025,Completed,All Other,Use of existing annexe as a self-contained flat (summary),ANNEXE REAR OF,35,ASHGROVE ROAD,GOODMAYES,IG3 9XF,12/02/2013,25/04/2025,,,1,0,1,1,1,Approved,25/04/2025,,,
25/01463/CEU,Enfield Council,15/05/2025,Completed,All Other,Use of property as two self-contained flats.,,191A,Bowes Road,,N11 2HN,,03/07/2025,,,2,0,2,2,2,Approved,03/07/2025,,,<enter PA URL here>
24/02616/FULL1,Bromley Custodian Code,29/07/2024,Completed,All Other,Conversion of dwellinghouse into 3 flats with associated elevational/fenestration alterations.,,141,Sevenoaks Way,,BR5 3AQ,,19/06/2025,,,3,1,2,2,2,Approved,19/09/2024,,,
24/00968/FUL,London Borough of Bexley,26/03/2024,Completed,All Other,"Demolition of existing garage and single storey side extension, erection of a two storey detached dwelling with associated parking, bike store, refuse store and vehicular crossover at front.",,1,Canterbury Avenue,,DA15 9AZ,21/06/2024,02/09/2025,,,1,0,1,1,1,Approved,21/05/2024,,,
2879/25,Redbridge,14/10/2025,Completed,All Other,Use as a small HMO (C4). Summary).,,322,Green Lane,Seven Kings,IG3 9JE,01/12/1999,31/10/2025,,,1,0,1,1,1,Approved,31/10/2025,,,
0084/25,Redbridge,30/01/2025,Completed,All Other,Change of use from Single Dwellinghouse to Small HMO for up to 6 people. (summary) AMENDED PLANS,,63,Ashurst Drive,,IG6 1EF,29/09/2025,29/09/2025,,,1,1,0,-1,0,Approved,11/06/2025,,,
22/02774/FUL,London Borough of Bexley,09/11/2022,Completed,All Other,"Subdivision, alterations and extensions to the existing dwelling to provide 4 residential units comprising 2 x 1 bed, 1 x 2 bed and 1 x 3 bed flats. Provision of refuse and cycle storage area. (Revised proposal to application 21/01277/FUL)",,59,Maylands Drive,,DA14 4SB,01/04/2022,09/09/2025,,,4,1,3,3,3,Approved,10/02/2023,,,
22/01110/FUL,London Borough of Bexley,06/06/2022,Completed,All Other,Demolition of existing single storey cottage and construction of a new four-bedroom dwelling house.,,269,Upton Road South,,DA5 1QU,19/02/2022,15/09/2025,,,1,1,0,0,0,Approved,01/08/2022,,,
1226/21,Redbridge,09/04/2021,Completed,All Other,"Demolish garage / shed. Erection of one 2 x bedroom single dwelling house with associated parking, cycle storage, recycling and amenity space. (Summary).",Development At 2,,Primrose Avenue,Chadwell Heath,,01/06/2024,15/10/2025,,,1,0,1,1,1,Approved,05/07/2021,,,
22/00975/FUL,London Borough of Bexley,01/09/2022,Completed,All Other,Demolition of existing garages and erection of 6 no. dwellinghouses and associated amenity space.,Garages Off,,Rutland Gate,,,26/02/2023,31/07/2025,,,6,0,6,6,6,Approved,26/01/2023,,,
2836/24,Redbridge,23/10/2024,Completed,All Other,"Erection of 2no. semi-detached (2 x 2 bedrooms) single dwelling houses with associated cycle storage, waste / refuse space and amenity space. (Summary).",Development At 8,,Wickets Way,Hainault,,,05/09/2025,,,2,0,2,0,2,Approved,07/02/2025,,,
3022/23,Redbridge,28/10/2023,Completed,All Other,"Conversion of detached garage into an outbuilding. Alterations to garage fenestrations. Replace existing boundary fence with a 2m high brick boundary wall. Erection of 2no. detached single dwelling (2 x 4 bedrooms) houses with associated hard and soft landscaping works, car parking, cycle storage, waste / refuse space and amenity space. (AMENDED DESCRIPTION). (Summary).",Development At 8,,Wickets Way,Hainault,,02/06/2025,11/08/2025,,,2,1,1,-1,1,Approved,22/03/2024,,,
64510/APP/2023/550,Hillingdon,23/02/2023,Completed,All Other,Erection of 2 x 4-bed dwellings with associated landscaping and car parking together with the erection of a close boarded timber fence with 300mm trellis over to the side of House A.,LAND ADJACENT TO WHITEHEATH JUNIOR SCHOOL,,WHITEHEATH AVENUE,,,,15/07/2025,,,2,0,2,2,2,Approved,24/05/2024,,,http://planning.hillingdon.gov.uk/OcellaWeb/planningDetails?reference=64510/APP/2023/550
47044/APP/2025/1767,Hillingdon,25/06/2025,Completed,All Other,Confirmation of continuous use of the property as a C4 HMO for 6 people. Erection of single-storey side extension. Erection of single-storey rear extension. (Application for a Certificate of Lawful Development for an Existing Development),4 PRESS ROAD,,UXBRIDGE,,,15/08/2025,15/08/2025,,,1,0,1,1,1,Approved,15/08/2025,,,http://planning.hillingdon.gov.uk/OcellaWeb/planningDetails?reference=47044/APP/2025/1767
54563/APP/2025/1542,Hillingdon,03/06/2025,Completed,All Other,Confirmation of the existing and continued use as a Class C4 House in Multiple Occupation (Application for a Certificate of Lawful Development for a Existing Development).,66 DELLFIELD CRESCENT,,COWLEY,,,15/08/2025,15/08/2025,,,1,0,1,1,1,Approved,15/08/2025,,,http://planning.hillingdon.gov.uk/OcellaWeb/planningDetails?reference=54563/APP/2025/1542
1638/23,Redbridge,01/07/2023,Completed,All Other,Change of use from live-work unit (office) to residential dwelling. (summary),Outbuilding Rear Of,186,High Road,,IG8 9EF,10/08/2023,23/06/2025,,,1,1,0,-1,0,Approved,10/08/2023,,,
1741/25,Redbridge,20/06/2025,Commenced,All Other,"Loft conversion with rear dormer. Hip to gable roof alterations. Five front rooflights. Subdivision of existing first floor flat to create additional self contained flat with associated amenity space, parking, cycle and refuse storage. (summary)",DEVELOPMENT AT 24,,York Road,,,28/10/2025,,,,2,1,1,1,-1,Approved,17/10/2025,,,
0675/25,Redbridge,19/03/2025,Commenced,All Other,Change of use from a single dwelling house into a small HMO for up to 6 people. (Summary).,,19,Inglehurst Gardens,,IG4 5HD,17/03/2020,,,,1,1,0,-1,0,Approved,11/09/2025,,,
205101REM,London Borough of Ealing,30/11/2020,Commenced,All Other,"Application for the approval of Reserved Matters pursuant to outline planning permission reference 171562VAR dated 16/10/2017, condition 2 pertaining to the third phase of development (Phase 3): details relating to Layout, Appearance, Scale and Landscaping.",The StraightSouthallMiddlesexUB1 1QX,,,,,01/04/2022,,,,645,0,645,645,444,CDS106,23/04/2021,,,
23/00201/PRIORM,London Borough of Bexley,26/01/2023,Completed,All Other,"Notification for Prior Approval for a proposed change of use of the building from Commercial, Business and Service (Use Class E) to provide 2 residential units (Class C3)",,8,Gilbert Road,,DA17 5DA,22/04/2023,30/10/2025,,,2,0,2,2,2,Approved,22/03/2023,,,
2741/25,Redbridge,27/09/2025,Completed,All Other,Use of dwelling as a small HMO (C4) for thee - six occupants at one time (summary),,150,Clements Road,,IG1 1BE,10/08/2019,14/11/2025,,,1,1,0,0,0,Approved,14/11/2025,,,
1664/24,Redbridge,18/06/2024,Completed,All Other,"Demolish garage. Sub division of plot to create one x 4-bedroom single dwelling house with associated waste/refuse, car parking, cycle store and amenity space (summary)",Development At 27,,Montfort Gardens,Hainault,,04/01/2025,11/11/2025,,,1,0,1,1,1,Approved,19/09/2024,,,
24/01761/LDCP,London Borough of Bexley,11/06/2024,Completed,All Other,Lawful Development Certificate (Proposed) for the Change of Use from Residential (Class C3) to Supported Housing (Class C3(b)) for a maximum of six people.,,55,Heathside Avenue,,DA7 4PY,01/09/2024,21/10/2025,,,1,1,0,0,0,Approved,01/08/2024,,,
22/02447/FULM,Bexley,17/10/2022,Completed,All Other,"2 x two storey buildings with roof space accommodation, providing 16 residential units comprising 13 x 2 bed and 3 x 1 bed flats with amenity space and 16 parking spaces and 16 cycle spaces with access via Ash Close.",,16A,St Johns Road,,DA14 4HB,12/12/2023,31/10/2025,,,16,1,15,15,15,Approved,21/12/2023,,,
21/00335/FULL,Barking & Dagenham,29/03/2021,Completed,All Other,Conversion of existing dwellinghouse into two flats (1x 3 bedroom and 1x 1 bedroom) including a bin and bike store and gardens for both flats.,,19,CADIZ ROAD,,RM10 8XL,29/08/2025,29/08/2025,,,2,1,1,1,1,Refused,05/05/2021,,,/planning/index.html?fa=getApplication&id=27606
20/00097/FUL,Barking & Dagenham,17/07/2020,Commenced,All Other,"Change of use of the former Barking Library building from sui generis (furniture recycling) to Class D1 (community). Construction of up to 266sqm (GIA) building for flexible Class D1 (community)/sui generis (police station), 56 no. Class C3 (residential) units; and associated works including landscaping and car parking provision",Development Site Junction Of,,Stamford Road,,,01/03/2021,,,,56,0,56,56,56,Approved,17/07/2020,,,https://online-befirst.lbbd.gov.uk/planning/index.html?fa=getApplication&id=17642
22/00914/PRIORT,London Borough of Bexley,27/05/2022,Completed,All Other,"Prior approval notification (Schedule 2, Part 20, Class AA) for construction of two storey upward extension to provide 28 residential units.",Heather Court,6,Maidstone Road,,DA14 5HH,24/08/2024,07/08/2025,,,28,0,28,28,28,Not Required,21/07/2022,,,
2019/2514,Hackney,17/07/2019,Commenced,All Other,"Demolition of the existing buildings, and construction of 4 residential blocks, ranging in height from 6 to 20 storeys, to provide 584 residential units and 1,045 sqm (GEA) of flexible floorspace (Use Class A1, A2, A3, D1, D2), a new energy centre (sui generis) and a new public park; together with ancillary hard and soft landscaping, public realm, cycle and associated car parking, highway works including access road and all other works associated with the development. (THIS APPLICATION IS ACCOMPANIED BY AN ENVIRONMENTAL STATEMENT).","Woodberry Down Phase 3 - Land bounded by Seven Sisters Road to the North, Woodberry Grove to the West, and Devan Grove and Eastern Reservoir to the South, which includes buildings identified as The Happy Man Public House, 89 Woodberry Grove, 440 Seven Sisters Road,1-25 Bayhurst House, 1-30 Chattenden House, 1-45 Farningham House, 1-80 Ashdale House, 1-80 Burtonwood House, Woodberry Down, London, N4",,,,N4,06/09/2021,,,,584,0,584,584,584,Approved,,,,
2020/4390,Wandsworth,,Completed,All Other,Erection of single storey side/rear extension and installation of single front entrance door in connection with conversion of property from 2 x 2 bedroom flats to single dwelling.,39 Selkirk Road,39,Selkirk Road,London,SW17 0ER,01/04/2024,15/04/2025,,,1,2,-1,-1,-1,Approved,12/02/2021,,,
2024/2076,Wandsworth,17/06/2024,Completed,All Other,Change of use from residential (Class C3) to a 5-bedroom HMO (Class C4).,Flat Upper Floors A,,Balham High Road,London,SW17 7AW,30/09/2024,22/04/2025,,,1,1,0,0,0,Approved,12/08/2024,,,http://planning.wandsworth.gov.uk/Northgate/PlanningExplorer/DisplayAppDetails.aspx?AppNo=2024/2076
3428/24,Redbridge,17/12/2024,Completed,All Other,"Subdivision of existing 6-bedroom dwelling house into 2 dwellings (1x3-bedroom, 1x2bedroom) with associated amenity space, car parking, cycle store and waste/refuse. Installation of new side door. Demolish rear shed front projection and insertion of new shed door. Internal alterations. Alterations to fenestrations (summary)",DEVELOPMENT AT 851,,EASTERN AVENUE,,,28/04/2025,18/08/2025,,,2,1,1,-1,1,Approved,24/01/2025,,,
3406/24,Redbridge,13/12/2024,Commenced,All Other,Change of use from a single dwelling house into a small HMO for a maximum of 5 people with associated waste/refuse and cycle store (summary),,301,Hampton Road,,IG1 1PL,30/09/2025,,,,1,1,0,-1,0,Approved,31/01/2025,,,
3397/24,Redbridge,13/12/2024,Completed,All Other,Change of use from a single dwelling house into a small HMO for up to 6 people. (Summary).,,26,Lancing Road,Newbury Park,IG2 7DP,26/09/2025,26/09/2025,,,1,1,0,-1,0,Approved,06/02/2025,,,
2258/25,Redbridge,06/08/2025,Completed,All Other,Use as a small HMO (C4). (Summary).,,35,Fernhall Drive,,IG4 5BW,,30/09/2025,,,1,1,0,0,0,Approved,30/09/2025,,,
2384/24,Redbridge,04/09/2024,Completed,All Other,Variation of Condition 2 of approved planning permission 5259/18: alterations to internal and external layout (please refer to Statement Letter dated 22/08/2024 online for further details). (Summary).,William Court,122,Crown Road,Barkingside,IG6 1NN,09/12/2021,18/08/2025,,,2,0,2,0,2,Approved,18/10/2024,,,
1557/25,Redbridge,30/05/2025,Completed,All Other,Change of use from a single dwelling house into a large HMO for up to 9 people. (Summary).,,158,Chadwell Heath Lane,Chadwell Heath,RM6 4YX,01/10/2025,01/10/2025,,,1,1,0,-1,0,Approved,06/08/2025,,,
24/3907/191,London Borough of Barnet,04/10/2024,Completed,All Other,Use as 1no. self-contained flat,,7C,Golders Way,Golders Green,NW11 8JY,01/08/2025,01/08/2025,,,1,0,1,1,1,Approved,01/08/2025,,,
0137/23,Redbridge,16/01/2023,Completed,All Other,Upward extension of one storey on detached block of flats consisting of two new flats. (Summary),Development At Regency Court 89 To 111,,High Road,South Woodford,,29/04/2023,18/09/2025,,,2,0,2,2,2,Approved,09/03/2023,,,
1817/22,Redbridge,02/06/2022,Commenced,All Other,"Demolish existing bungalow. Erection of part three, part four storey building to create 9x residential units (3x three-bedroom, 2x two-bedroom, 4x one-bedroom) with associated amenity space, landscaping, car parking, cycle and refuse storage. Enlargement to existing means of access. (summary)",Development At 38,,The Avenue,Wanstead,,06/08/2025,,,,9,1,8,-1,-1,Approved,09/08/2022,,,
2429/25,Redbridge,28/08/2025,Completed,All Other,Use as 2no. self-contained flats. (Summary).,,125,Henley Road,,,01/05/2014,08/10/2025,,,2,0,2,2,2,Approved,08/10/2025,,,
23/00861/FUL,London Borough of Bexley,17/04/2023,Completed,All Other,"Alterations to existing dwelling to provide an additional dwelling with associated amenity space, including a part one / part two storey rear extension and alterations to the roofline of existing property.",,10,Knoll Road,,DA5 1AZ,17/07/2023,29/08/2025,,,1,0,1,1,1,Approved,17/07/2023,,,
25/2161/191,London Borough of Barnet,30/05/2025,Completed,All Other,Use as 2no self contained flats,,54,West Heath Drive,Golders Green,NW11 7QH,11/07/2025,11/07/2025,,,2,0,2,2,2,Approved,11/07/2025,,,
23/04312/DET,Bromley Custodian Code,14/11/2023,Completed,All Other,"Details of appearance, landscaping and scale pursuant to Outline permission DC/23/01185/OUT granted permission on 01.06.2023 for demolition of existing dwelling and erection of 2 five bedroom detached houses with parking.",13 Lancaster CloseShortlandsBromleyBR2 0QF,,,,,30/08/2024,30/06/2025,,,2,1,1,1,1,Approved,09/01/2024,,,
22/00447/FUL,London Borough of Bexley,16/03/2022,Completed,All Other,Erection of two storey block of 4 x 1 bed self contained flats.,Land At,,Mera Drive,,,21/01/2023,06/08/2025,,,4,0,4,4,4,Approved,21/12/2022,,,
2024/3509,Wandsworth,16/10/2024,Completed,All Other,Change of use from dwelling (Class C3) to House of multiple use (Class C4) for max 6 residents.,,12,Fountain Road,London,SW17 0HQ,06/11/2024,24/05/2025,,,1,1,0,0,0,Approved,06/11/2024,,,http://planning.wandsworth.gov.uk/Northgate/PlanningExplorer/DisplayAppDetails.aspx?AppNo=2024/3509
78748/APP/2025/437,Hillingdon,07/03/2025,Completed,All Other,Use as a self-contained residential dwelling (Use Class C3) (Application for a Certificate of Lawful Development for an Existing Use).,"FLAT G, REAR OF",,65 HERCIES ROAD,,UB10 9LU,08/07/2025,08/07/2025,,,1,0,1,1,1,Approved,08/07/2025,,,http://planning.hillingdon.gov.uk/OcellaWeb/planningDetails?reference=78748/APP/2025/437
3357/24,Redbridge,17/12/2024,Completed,All Other,"Single storey rear extension. Part first floor rear extension. Loft conversion with rear dormer incorporating Juliette balcony. Hip to gable roof alterations. Five rooflights. Alterations to fenestrations. Subdivision of house to create 5x self-contained flats (1x three-bed, 1x two-bed and 3x one-bed) with associated landscaping, amenity space, car parking, cycle and refuse storage. (summary)",Development At 2,,Crossway,,,03/05/2025,29/09/2025,,,5,1,4,4,4,Approved,02/05/2025,,,
78750/APP/2025/241,Hillingdon,11/02/2025,Completed,All Other,Use as a self-contained residential dwelling (Use Class C3) (Application for a Certificate of Lawful Development for an Existing Use),"Flat A, Land Rear of 65",,HERCIES ROAD,,,25/06/2025,25/06/2025,,,1,0,1,1,1,Approved,25/06/2025,,,http://planning.hillingdon.gov.uk/OcellaWeb/planningDetails?reference=78750/APP/2025/241
25/04120/CLEUD,Westminster,17/06/2025,Completed,All Other,Existing use as three self-contained 2-bedroom flats.,,31,Fermoy Road,,W9 3NH,13/08/2025,13/08/2025,,,3,3,0,0,0,Approved,13/08/2025,,,
3417/22,Redbridge,18/10/2022,Completed,All Other,"Redevelopment of site to provide 98 new affordable homes across three blocks (2x five storey and 1x 4 storey) with associated public realm improvements, landscaping, car parking, cycle and refuse/recycling storage and improvements to Station Approach. (summary)",Development At Builders Yard And Land At,,Station Approach,Barkingside,,03/09/2023,28/08/2025,,,98,0,98,98,98,Approved,02/03/2023,,,
25/2057/191,London Borough of Barnet,16/05/2025,Completed,All Other,Use as 1no. self-contained dwelling,,33,Ambrose Avenue,Golders Green,NW11 9AP,09/06/2025,09/06/2025,,,1,0,1,1,1,Approved,09/06/2025,,,
25/1713/191,London Borough of Barnet,25/06/2025,Completed,All Other,Use as 1no. self-contained flat,Flat 3 Coxshall Lodge33 Parkhurst RoadLondonN11 3GZ,,,,,19/08/2025,19/08/2025,,,1,0,1,1,1,Approved,19/08/2025,,,
78749/APP/2025/412,Hillingdon,17/02/2025,Completed,All Other,Self-contained dwelling in use for an excess of 4 years (Application for a Certificate of Lawful Development for an Existing Use),"FLAT F, REAR OF",,65 HERCIES ROAD,,UB10 9LU,25/06/2025,25/06/2025,,,1,0,1,1,1,Approved,25/06/2025,,,http://planning.hillingdon.gov.uk/OcellaWeb/planningDetails?reference=78749/APP/2025/412
21/03151/FUL,London Borough of Croydon,14/06/2021,Completed,All Other,Demolition of garage and erection of a pair of two storey semi-detached houses with associated refuse and cycle storage and reinstatement of raised kerb,Rear Of 18-20 Chelsham Road South Croydon CR2 6HY,,,,CR2 6HY,01/04/2024,07/10/2025,,,2,0,2,2,2,Refused,09/08/2021,,,
2024/3510,Wandsworth,14/10/2024,Completed,All Other,Change of use from residential dwelling house (Class C3) to HMO use (Class C4).,,10,Fountain Road,London,SW17 0HQ,06/11/2024,24/04/2025,,,1,1,0,0,0,Approved,06/11/2024,,,http://planning.wandsworth.gov.uk/Northgate/PlanningExplorer/DisplayAppDetails.aspx?AppNo=2024/3510
2186/22,Redbridge,30/06/2022,Commenced,All Other,"Conversion of single dwellinghouse into two self-contained flats with associated amenity space, parking and refuse storage. (Summary)",Development At 67,,Ashgrove Road,Goodmayes,IG3 9XF,,,,,2,1,1,0,1,Approved,06/09/2022,,,
2024/0453,Wandsworth,09/02/2024,Completed,All Other,"RECONSULTATION: Alterations including installation of replacement windows and doors throughout, formation of a roof terrace at first floor level with 1100m high screen, installation of gas pipe to front elevation. Installation of rear landing/ external staircases in connection with the conversion of existing flats and storage area (excluding the second floor flat) to create 2 x studio, 3 x 2 bed units",,16,Seymour Road,London,SW18 5JA,09/08/2024,08/04/2025,,,4,4,0,0,0,Approved,19/06/2024,,,http://planning.wandsworth.gov.uk/Northgate/PlanningExplorer/DisplayAppDetails.aspx?AppNo=2024/0453
P2024/3141/FUL,Islington,25/10/2024,Commenced,All Other,"Change of use from three to two self-contained residential units (C3), single storey rear/side ground floor extension with green roof, increased size of two side elevation windows and two additional side elevation windows and associated alterations.",,10,Dalmeny Road,,N7 0HH,15/07/2025,,,,2,3,-1,-1,-3,Approved,13/03/2025,,,
25/03236/CEU,Enfield Council,19/09/2025,Completed,All Other,Use of single family dwelling as HMO (House in Multiple occupation).,,100,Croyland Road,,N9 7AY,06/11/2025,06/11/2025,,,0,1,-1,-1,-1,Approved,06/11/2025,,,<enter PA URL here>
24/01079/CEU,Enfield Council,02/04/2024,Completed,All Other,Use of garage as a single family dwellinghouse.,,9,Blagdens Close,,N14 6DE,03/11/2025,03/11/2025,,,1,0,1,1,1,Refused,28/05/2024,,,<enter PA URL here>
25/03180/CEU,Enfield Council,16/09/2025,Completed,All Other,The use of rooms number 1 to 5 at first and second floors with their own entrance as an HMO for more than 10 years.,,20,Powys Lane,,N14 7JG,06/11/2025,06/11/2025,,,1,0,1,1,1,Approved,06/11/2025,,,<enter PA URL here>
1173/25,Redbridge,24/04/2025,Commenced,All Other,Change of use from single dwelling (C3) to small HMO (C4) for up to 3 people with associated cycle store and waste/refuse (part retrospective) (Amended plans) (summary).,,10,Fowey Avenue,,IG4 5JT,25/07/2025,,,,1,1,0,0,-1,Approved,10/10/2025,,,
25/03203/CEU,Enfield Council,18/09/2025,Completed,All Other,Use of premises as 5 self-contained flats.,,85,Brownlow Road,,N11 2BN,07/11/2025,07/11/2025,,,5,0,5,5,5,Approved,07/11/2025,,,<enter PA URL here>
21/03801/FUL,London Borough of Bexley,24/01/2022,Completed,All Other,Single storey rear extension and erection of 1 x 3 bedroom new dwelling with associated amenity space.,,2A,Woolwich Road,,DA17 5EW,28/03/2025,29/10/2025,,,1,0,1,1,1,Approved,29/03/2022,,,
25/00447/LDCE,London Borough of Lambeth,13/02/2025,Completed,All Other,Application of Certificate of Lawful Development (Existing) with respect to the loft conversion into a 2-bed self-contained residential unit (Flat 13).,Hereford House,,Rushcroft Road,,SW2 1LQ,09/04/2025,09/04/2025,,,1,0,1,1,1,Approved,09/04/2025,,,
235071FUL,Ealing,20/12/2023,Completed,All Other,"Conversion of existing two single dwelling houses (semi-detached) into five self contained flats; part single, part two storey rear/side extensions; alteration from hip to both gable ends, rear roof extension; associated cycle and refuse stores (Following demolition of two garages and an outbuilding)",71 And 73 Nutfield Gardens,,Nutfield Gardens,Northolt,UB5 6LU,01/07/2024,29/09/2025,,,5,2,3,3,3,Approved,18/03/2024,,,https://pam.ealing.gov.uk/online-applications/PLAN/235071FUL;
3410/23,Redbridge,18/11/2023,Completed,All Other,Variation of Condition 2 of approved planning permission 3979/20: to allow amended plans (summary),Development At 8,,Sylvan Road,Wanstead,,21/03/2024,21/11/2025,,,8,1,7,7,7,Approved,18/03/2024,,,
2500/25,Redbridge,05/09/2025,Completed,All Other,Use of dwelling as two separate self-contained flats (summary),,2,Cavenham Gardens,,IG1 1XY,23/04/2019,07/10/2025,,,2,1,1,-1,1,Approved,07/10/2025,,,
24/00631/FUL,London Borough of Bexley,26/02/2024,Completed,All Other,Retrospective change of use from Financial services (E(c)(i) Use) to a 5 bed Home in Multiple Occupation (C4 Use).,First And Second Floors,14,Bexley High Street,,DA5 1AD,21/11/2025,21/11/2025,,,1,0,1,1,1,Approved,21/11/2025,,,
9354/APP/2024/2148,Hillingdon,10/09/2024,Completed,All Other,Conversion of single dwelling house to 2 x 3 bed flats.,129 WOOD END GREEN ROAD,,HAYES,,UB3 2SQ,11/06/2024,09/04/2025,,,2,1,1,1,1,Approved,17/12/2024,,,http://planning.hillingdon.gov.uk/OcellaWeb/planningDetails?reference=9354/APP/2024/2148
21/02454/FUL,London Borough of Bexley,05/10/2021,Completed,All Other,"Change of use from vacant retail (Class E (a)) to studio flat (Class C3), erection of balustrade, elevational alterations, associated parking and waste and cycle storage.",,"119, 121",Broadway,,DA6 7HF,17/04/2022,21/11/2025,,,1,0,1,1,1,Approved,17/03/2022,,,
19/01946/FUL,Croydon,17/05/2019,Completed,All Other,"Erection of 1 no 2 Bed bungalow, 2 no 3 Bed 2.5 storey semi-detached units, with associated parking landscaping.",,1,New Barn Lane,,CR3 0EX,01/09/2022,31/10/2025,,,1,0,1,1,1,Approved,05/07/2019,,,
25/03246/CEU,Enfield Council,19/09/2025,Completed,All Other,Use of premises as 2 self-contained flats.,,96,Park Avenue,,N13 5PN,12/11/2025,12/11/2025,,,2,0,2,2,2,Approved,12/11/2025,,,<enter PA URL here>
25/00568/CLE,London Borough of Newham,21/03/2025,Completed,All Other,Application for a lawful development certificate (existing) for the use as two self-contained residential flats.,,81,Sixth Avenue,Manor Park,E12 5PR,19/11/2025,19/11/2025,,,2,0,2,2,2,Approved,19/11/2025,,,
54986/APP/2023/3718,Hillingdon,27/12/2023,Completed,All Other,"Erection of an additional detached three-bedroom dwelling with associated parking, cycle and bin storage following part demolition of the existing dwelling and garage. Alterations to the existing dwelling to include a single storey rear extension, conversion of roof space to habitable use involving the construction of a rear dormer roof extension and amendments to fenestration to accommodate two three-bedroom dwellings within the site.",67 PINKWELL LANE,,HAYES,,UB3 1PJ,16/04/2025,15/09/2025,,,1,0,1,1,1,Approved,06/06/2024,,,http://planning.hillingdon.gov.uk/OcellaWeb/planningDetails?reference=54986/APP/2023/3718
25/02168/CEU,Enfield Council,25/09/2025,Completed,All Other,Use of premises as 2 self-contained flats.,,81,Sedcote Road,,EN3 4RG,20/11/2025,20/11/2025,,,2,0,2,2,2,Approved,20/11/2025,,,<enter PA URL here>
25/03514/CEU,Enfield Council,10/10/2025,Completed,All Other,Use of property as 7 self-contained flats.,Hailsham Terrace,12,Great Cambridge Road,,N18 1HX,21/11/2025,21/11/2025,,,7,0,7,7,7,Approved,21/11/2025,,,<enter PA URL here>
25/1782/191,London Borough of Barnet,29/04/2025,Completed,All Other,Use as 4no. self-contained flats,,118,Clitterhouse Road,Cricklewood,NW2 1DN,22/05/2025,22/05/2025,,,4,0,4,4,4,Approved,22/05/2025,,,
2025/3432,Wandsworth,07/10/2025,Completed,All Other,Lawful Development Certificate to confirm lawful use of basement as a separate dwelling,,84,Girdwood Road,London,SW18 5QT,09/12/2025,09/12/2025,,,2,0,2,2,2,Approved,09/12/2025,,,http://planning.wandsworth.gov.uk/Northgate/PlanningExplorer/DisplayAppDetails.aspx?AppNo=2025/3432
5060/21,Redbridge,01/01/2022,Completed,All Other,"Erection of 3x three-bedroom houses with asociated amenity space, car parking, cycle and refuse storage. (summary)",,24,Inverclyde Gardens,Chadwell Heath,RM6 5SH,17/07/2024,27/11/2025,,,3,0,3,3,3,Approved,11/02/2022,,,
2718/22,Redbridge,13/08/2022,Completed,All Other,Change of use single dwelling house to care home supported living for six people. Alterations to fenestrations (summary),"172, Balfour Road, Ilford, IG1 4JB",172,Balfour Road,,IG1 4JB,08/12/2025,08/12/2025,,,0,1,-1,-1,-1,Approved,18/08/2022,,,
2374/21,Redbridge,04/06/2021,Completed,All Other,Second and third floor rear extensions. Change of use of upper floors from office to contain a additional five residential units with balconies with associated waste/refuse and cycle store. Alterations to roof. Alterations to fenestrations (summary),Development At 109,,George Lane,South Woodford,,01/06/2024,28/11/2025,,,5,0,5,5,5,Approved,25/08/2021,,,
1569/25,Redbridge,03/06/2025,Completed,All Other,Change of use from single dwelling to a small HMO for up to 6 people (summary),,19,Evanston Gardens,,IG4 5AF,05/12/2025,05/12/2025,,,1,1,0,-1,0,Approved,23/07/2025,,,
0718/25,Redbridge,18/03/2025,Completed,All Other,Change of use from a single dwelling house into a small HMO for up to 5 people. (Summary).,,172,Horns Road,Barkingside,IG6 1BG,18/02/2024,06/08/2025,,,1,1,0,-1,0,Approved,06/08/2025,,,
25/02820/LDCE,London Borough of Lambeth,22/09/2025,Completed,All Other,Application for a Certificate of Lawful Development (Existing) with respect to use of the property as 4 self-contained flats (Use Class C3).,,1,Tradescant Road,,SW8 1XD,10/12/2025,10/12/2025,,,4,0,4,4,4,Approved,10/12/2025,,,
1174/23,Redbridge,03/05/2023,Commenced,All Other,Change of use from single dwellinghouse to supported living accommodation for up to five adults with care provided. (Summary).,,668,Eastern Avenue,,IG2 6PF,10/12/2025,,,,1,1,0,-1,0,Approved,02/06/2023,,,
25/04043/CLEUD,Westminster,13/06/2025,Completed,All Other,Use of 47 Chester Square and 47 Ebury Mews together as a single dwelling (Use Class C3).,,47,Chester Square,,SW1W 9EA,04/08/2025,04/08/2025,,,1,0,1,1,1,Approved,04/08/2025,,,
25/03419/CEU,Enfield Council,13/10/2025,Completed,All Other,Use of premises as 3 self-contained flats.,,88,Stainton Road,,EN3 5JR,02/12/2025,02/12/2025,,,3,0,3,3,3,Approved,02/12/2025,,,<enter PA URL here>
DM2025/01188,London Borough of Sutton,18/09/2025,Completed,All Other,Continued use of building as 11 self contained units.,,"40, 42",High Street,,SM1 1HF,14/11/2025,14/11/2025,,,11,0,11,11,11,Approved,14/11/2025,,,https://planningregister.sutton.gov.uk/online-applications/applicationDetails.do?activeTab=summary&keyVal=T2SB3AKCL5U00
1189/20,Redbridge,14/05/2020,Completed,All Other,Demolition of existing buildings. Redevelopment of site to create 17 Dwellings (C3) and 142 flats with associated landscaping and car parking. (Summary),Development At 1 To 3 Boundary Close And Former Hyleford School Site,369a,Loxford Lane,,,24/04/2023,12/12/2025,,,159,0,159,159,159,Approved,23/02/2023,,,
1720/24,Redbridge,22/06/2024,Completed,All Other,Loft conversion with rear dormer. Hip to gable roof alterations. Alterations to existing first floor rear extension. To create 1x one bedroom self-contained residential unit with associated amenity space. (summary),Development At 10,,Kildowan Road,Goodmayes,,20/10/2024,26/09/2025,,,1,0,1,1,1,Approved,19/08/2024,,,
PA25/3011,Richmond,16/09/2025,Completed,All Other,Lawful Use of the site Class C3 (Residential),,12,Station Yard,,TW1 4LJ,15/10/2025,15/10/2025,,,1,0,1,1,1,Approved,15/10/2025,,,
PA25/3321,Richmond,02/10/2025,Completed,All Other,Lawful Use of Ground Floor Unit as C3 Residential.,,344,Richmond Road,,TW1 2DU,22/10/2025,22/10/2025,,,1,0,1,1,1,Approved,22/10/2025,,,
24/AP/1038,London Borough of Southwark,03/05/2024,Completed,All Other,Conversion to form 2 self contained flats.,,51,Glazebrook Close,,SE21 8RR,18/11/2025,18/11/2025,,,2,0,2,2,2,Refused,17/06/2024,,,
2025/3752,Wandsworth,22/10/2025,Completed,All Other,Use of building as two self-contained residential units (Use Class C3).,,49,Khartoum Road,London,SW17 0JA,16/12/2025,16/12/2025,,,2,0,2,2,2,Approved,16/12/2025,,,http://planning.wandsworth.gov.uk/Northgate/PlanningExplorer/DisplayAppDetails.aspx?AppNo=2025/3752
25/07112/CLEUD,Westminster,02/10/2025,Completed,All Other,Use of 14 Rutland Gate as a single family dwelling house (Class C3).,,14,Rutland Gate,,SW7 1BB,13/11/2025,13/11/2025,,,1,0,1,1,1,Approved,13/11/2025,,,
25/3884/191,London Borough of Barnet,22/09/2025,Completed,All Other,Use as a two storey single family dwelling,Rear Of 90 Russell LaneLondonN20 0AR,,,,,20/10/2025,20/10/2025,,,1,0,1,1,1,Approved,20/10/2025,,,
25/3717/191,London Borough of Barnet,09/09/2025,Completed,All Other,Conversion of the garage into 1no. self-contained unit,,14A,Fernside Avenue,Mill Hill,NW7 3BD,29/10/2025,29/10/2025,,,1,0,1,1,1,Approved,29/10/2025,,,
25/4291/191,London Borough of Barnet,27/10/2025,Completed,All Other,Use as 1no. self-contained flat,Second Floor Flat,87,Brent Street,Hendon,NW4 2DY,10/11/2025,10/11/2025,,,1,0,1,1,1,Approved,10/11/2025,,,
PA25/3535,Richmond,27/10/2025,Completed,All Other,Lawful development certificate to confirm the use of the property as 2 residential dwellings,,101,Boileau Road,,SW13 9BW,13/11/2025,13/11/2025,,,2,0,2,2,2,Approved,13/11/2025,,,
25/00914/LDCE,Lambeth,08/04/2025,Completed,All Other,Application for a Certificate of Lawful Development (Existing) with respect to the use to the first floor rear extension as a self-contained flat (Flat C).,33 Stansfield Road London Lambeth SW9 9RY,,Stansfield Road,,SW9 9RY,03/06/2025,03/06/2025,,,1,0,1,1,1,Approved,03/06/2025,,,
20/0088/FUMOPDC,Hammersmith & Fulham,29/07/2020,Completed,All Other,"Demolition of existing buildings and redevelopment of the site to provide residential units (Use Class C3) within a new residential-led building ranging in height from 7 to 24 storeys (above ground), over ground floor commercial floorspace (Use Class A1/A2/A3/A5/B1A/B1C), with basement car parking, cycle parking and plant space, landscaping and associated works.",,115-129A,Scrubs Lane,,NW10 6QU,01/02/2022,30/05/2025,,,208,0,208,208,208,Approved,01/07/2021,,,
P0717.21,Havering,14/04/2021,Completed,All Other,"Erection of 2 x two storey, 4-bed dwellings and 1x 4 bed bungalow with associated parking and amenity space following the demolition of existing detached bungalow.",61-63 KING EDWARD AVENUE,,RAINHAM,,RM13 9RH,16/05/2022,05/12/2025,,,3,1,2,2,2,Approved,05/11/2021,,,http://development.havering.gov.uk/OcellaWeb/planningDetails?reference=P0717.21
P1326.24,Havering,08/10/2024,Completed,All Other,Construction of a detached 3 bed 5 person chalet bungalow with associated amenities and parking,Land R/O 54 CENTRAL DRIVE,,HORNCHURCH,,RM12 6AX,01/04/2025,15/12/2025,,,1,0,1,1,1,Approved,11/03/2025,,,http://development.havering.gov.uk/OcellaWeb/planningDetails?reference=P1326.24
P1467.19,Havering,25/09/2019,Commenced,All Other,Demolition of existing Car Wash and construction of 5 new 3 bedroom houses with gardens and parking,14 Rainham Road,,Rainham,,RM13 7RR,09/03/2024,,,,5,0,5,5,2,Approved,12/11/2021,,,http://development.havering.gov.uk/OcellaWeb/planningDetails?reference=P1467.19
204553FUL,Ealing,06/11/2020,Commenced,All Other,"Demolition of existing buildings and construction of a mixed use development comprising commercial floor space (Use Class E(g)) and residential units (Class C3) within two buildings, one being 15 storeys (2-10 Roslin Road) and the other part 11, part 8 and part 2 storeys (29-39 Stirling Road), both with associated landscaping, ancillary and enabling works.",29-39 Stirling Road,,Stirling Road,London,W3 8DJ,22/02/2021,,,,149,0,149,149,73,Approved,01/09/2021,,,https://pam.ealing.gov.uk/online-applications/PLAN/204553FUL;
P0519.23,Havering,31/03/2023,Completed,All Other,"Two storey, 3-bed, semi-detached dwelling with associated parking and amenity space. Reinstatement of boundary treatment.","17 Kent View, Wennington Road",,"Wennington, Rainham",,RM13 9DT,14/06/2024,23/12/2025,,,1,1,0,0,0,Approved,26/05/2023,,,http://development.havering.gov.uk/OcellaWeb/planningDetails?reference=P0519.23
J0016.23,Havering,19/06/2023,Completed,Prior Approval,"Application for prior notification of development of upward extension of an additional single-storey on a block of flats, to provide 4 residential dwellings, and associated storage.",No.s 24 to 46 Falkirk Court,,Falkirk Close,,RM11 3QX,11/11/2024,24/09/2025,,,8,0,8,8,8,Approved,29/09/2023,,,http://development.havering.gov.uk/OcellaWeb/planningDetails?reference=J0016.23
61883/APP/2025/1665,Hillingdon,16/06/2025,Completed,All Other,Existing use of building as a Dwellinghouse (Use Class C3) (Application for a Certificate of Lawful Development for an Existing Use).,1A RECTORY WAY,,ICKENHAM,,UB10 8BP,17/10/2025,17/10/2025,,,1,0,1,1,1,Approved,17/10/2025,,,http://planning.hillingdon.gov.uk/OcellaWeb/planningDetails?reference=61883/APP/2025/1665
24/01514/FUL,London Borough of Bexley,13/05/2024,Completed,All Other,Erection of a single storey dwelling with associated landscaping and parking.,Garages Rear Of 20 - 28 Blenheim Drive Welling Kent,,,,,22/09/2024,28/11/2025,,,1,0,1,1,1,Approved,22/08/2024,,,
23/00236/FUL,London Borough of Bexley,31/01/2023,Completed,All Other,Part one part two storey rear extension and increase in roof height to allow the conversion of existing building into 5 residential units and associated amenity space and community use at ground floor.,The Royal Standard Public House,59,Lion Road,,DA6 8NW,29/11/2024,13/11/2025,,,5,0,5,5,5,Approved,17/10/2023,,,
24/01884/FUL,London Borough of Bexley,27/06/2024,Completed,All Other,"Erection of single storey rear and side extension to existing 2 storey dwelling to provide 2 x 2 storey dwellinghouses with associated parking, cycle and refuse storage.",,14,Maple Crescent,,DA15 9LT,08/12/2024,11/12/2025,,,1,0,1,1,1,Approved,08/11/2024,,,
21/03835/PRIOR,Bexley,22/12/2021,Completed,Prior Approval,Notification for Prior Approval for a proposed change of use of the first and second floors of the building from Office Use (Class E) to provide 6 studio flats. (Revised proposal to application 21/01190/PRIOR),77-77A Bexley High Street Bexley Kent DA5 1JX,,,,DA5 1JX,15/03/2022,05/11/2025,,,6,0,6,6,6,Approved,15/02/2022,,,
2025/3433,Wandsworth,06/10/2025,Completed,All Other,Use of rear part of first floor as a self contained studio flat (Class C3).,,97,Balham High Road,London,SW12 9AP,15/01/2026,15/01/2026,,,1,0,1,1,1,Approved,15/01/2026,,,http://planning.wandsworth.gov.uk/Northgate/PlanningExplorer/DisplayAppDetails.aspx?AppNo=2025/3433
22/00759/FUL,London Borough of Bexley,02/06/2022,Completed,All Other,Demolition of existing outbuilding and erection of 1 X 2 bed new dwelling.,,68,Latham Road,,DA6 7NQ,23/06/2025,24/11/2025,,,1,0,1,1,1,Approved,14/09/2022,,,
21/03340/FULM,Bexley,22/11/2021,Completed,All Other,"Redevelopment of site to create a four storey building to provide 32 flats comprising 13 x 1 bed, 13 x 2 bed and 6 x 3 bed flats with vehicular access from St. Johns Road, associated parking and refuse/recycling storage",Sidcup Library,2A,Hadlow Road,,DA14 4AQ,01/04/2023,11/11/2025,,,32,0,32,32,32,Approved,08/03/2023,,,
19/01273/FUL,London Borough of Bexley,01/07/2019,Completed,All Other,Technical Details Consent for the demolition of existing garages and the erection of 6 residential flats comprising 4 X 1 bed and 2 X 2 bed pursuant to Permission in Principle application reference 19/00393/PIP,Garage Site At,,Betsham Road,,,15/10/2020,18/11/2025,,,6,0,6,6,6,Approved,30/10/2019,,,
DM2025/01309,Sutton,22/10/2025,Completed,All Other,Continued use of property as a single dwellinghouse (Class C3).,,5,Westmead Corner,,SM5 2NZ,15/12/2025,15/12/2025,,,1,0,1,1,1,Approved,15/12/2025,,,https://planningregister.sutton.gov.uk/online-applications/applicationDetails.do?activeTab=summary&keyVal=T4AH12KCLLW00
25/1614/191,London Borough of Barnet,14/04/2025,Completed,All Other,Use as 4no. self-contained flats,Rear Of 74 High StreetEdgwareHA8 7EJ,,,,,09/06/2025,09/06/2025,,,4,0,4,4,4,Approved,09/06/2025,,,
2518/25,Redbridge,18/09/2025,Commenced,All Other,"Sub-division of dwelling house to create two (one x 3 and one x 2-bedroom) dwellings with associated waste/refuse, cycle store and car parking (summary)",DEVELOPMENT AT 42,,EXETER GARDENS,CRANBROOK,,01/02/2026,,,,2,1,1,1,-1,Approved,05/12/2025,,,
2941/25,Redbridge,15/10/2025,Completed,All Other,Foundation installation on site to implement planning consent Ref:1161/21 for the erection of 20 residential units including 2 disabled parking spaces and associated bin store and bike store (summary),Development At 23,23,Balfour Road,,,09/12/2025,09/12/2025,,,20,0,20,20,20,Approved,09/12/2025,,,
25/02738/CLE,London Borough of Newham,01/12/2025,Completed,All Other,Application for a lawful development certificate for the existing use of two separate self-contained flats.,,4,Harcourt Road,Stratford,,06/01/2026,06/01/2026,,,2,0,2,2,2,Approved,06/01/2026,,,
25/1925/191,London Borough of Barnet,08/05/2025,Completed,All Other,Use of the ground floor unit as a flat (Class C3) and the upper floors as offices (Class E),,8,Rodborough Road,Golders Green,NW11 8RY,27/05/2025,27/05/2025,,,1,0,1,1,1,Approved,27/05/2025,,,
25/1973/191,London Borough of Barnet,12/05/2025,Completed,All Other,Use as 7no. separate residential units including garden bungalow,,88,Hamilton Road,Golders Green,NW11 9DY,03/07/2025,03/07/2025,,,7,0,7,7,7,Approved,03/07/2025,,,
77948/APP/2023/979,Hillingdon,05/04/2023,Commenced,All Other,Demolition of existing dwellings and erection of 4 no. 3-bedroom dwellings with habitable roof space and the construction of 4 rear outbuildings.,2-4 DENBIGH DRIVE,,HAYES,,UB3 1QE,22/05/2025,,,,4,2,2,-2,-2,Approved,07/08/2023,,,http://planning.hillingdon.gov.uk/OcellaWeb/planningDetails?reference=77948/APP/2023/979
35924/APP/2023/1358,Hillingdon,12/05/2023,Completed,All Other,"Demolition of an existing garage. Erection of a two storey, 1-bed end-of-terrace dwelling and erection of two storey rear extension.",174 AYLSHAM DRIVE,,ICKENHAM,,UB10 8UF,12/03/2024,30/06/2025,,,1,0,1,1,1,Approved,01/08/2023,,,http://planning.hillingdon.gov.uk/OcellaWeb/planningDetails?reference=35924/APP/2023/1358
25/02658/CLE,London Borough of Newham,09/12/2025,Completed,All Other,Application for a Lawful Development Certificate for the existing use of two separate self-contained flats on ground and first floors.,,10,Kingsland Road,Plaistow,E13 9PA,18/12/2025,18/12/2025,,,2,0,2,2,2,Approved,18/12/2025,,,
3107/25,Redbridge,31/10/2025,Completed,All Other,Use as a small HMO (C4). (Summary).,,201,Somerville Road,Chadwell Heath,RM6 5AT,30/10/2015,05/12/2025,,,1,0,1,1,1,Approved,05/12/2025,,,
25/00250/LDCE,London Borough of Bexley,19/02/2025,Completed,All Other,Lawful Development Certificate (existing) for the retention of a part 1/part 2 storey front/side and rear extension with a granny annexe.,Mayfield Villas,6,Cray Road,,DA14 5DH,22/01/2026,22/01/2026,,,2,0,2,2,2,Approved,22/01/2026,,,
76184/APP/2025/1051,Hillingdon,09/04/2025,Commenced,All Other,"Erection of a two storey detached dwelling house, vehicular crossover, and associated parking, following the demolition of existing dwelling house.",5 FRINGEWOOD CLOSE,,NORTHWOOD,,HA6 2TB,02/08/2025,,,,1,1,0,-1,-1,Approved,17/06/2025,,,http://planning.hillingdon.gov.uk/OcellaWeb/planningDetails?reference=76184/APP/2025/1051
22/02663/FUL,Bexley,27/10/2022,Completed,All Other,Erection of a two storey three bedroom dwelling with associated parking and amenity space.,,238,Hurst Road,,DA5 3DY,20/05/2024,01/02/2026,,,1,0,1,1,1,Approved,19/12/2022,,,
22/01146/FUL,London Borough of Bexley,02/06/2022,Completed,All Other,Change of use from Class C3 dwellinghouse to dental surgery (Class E) including part one/part two story rear extension to create 1 x 2 bed and 1 x 1 bed units.,,135,Danson Road,,DA5 1DG,01/07/2023,06/12/2025,,,2,1,1,1,1,Approved,16/01/2023,,,
P/2025/1135,Hounslow,04/04/2025,Completed,All Other,Certificate of lawfulness for the existing use of a single family house.,,51,Harvesters Close,Isleworth,TW7 7PS,28/05/2025,28/05/2025,,,1,0,1,1,1,Approved,28/05/2025,,,https://planningandbuilding.hounslow.gov.uk/NECSWS/ES/Presentation/Planning/OnlinePlanning/OnlinePlanningOverview?applicationNumber=P/2025/1135
P/2025/3593,Hounslow,02/12/2025,Completed,All Other,Certificate of lawfulness for the existing use of a ground floor self contained flat.,Flat 3,,St Stephens Road,Hounslow,TW3 2BH,23/01/2026,23/01/2026,,,1,0,1,1,1,Approved,23/01/2026,,,https://planningandbuilding.hounslow.gov.uk/NECSWS/ES/Presentation/Planning/OnlinePlanning/OnlinePlanningOverview?applicationNumber=P/2025/3593
P/2025/1141,Hounslow,07/04/2025,Completed,All Other,Certificate of lawfulness for the existing use of a small House in Multiple Occupation Use Class C4,,4,Crane Avenue,Isleworth,TW7 7JL,02/06/2025,02/06/2025,,,1,0,1,1,1,Approved,02/06/2025,,,https://planningandbuilding.hounslow.gov.uk/NECSWS/ES/Presentation/Planning/OnlinePlanning/OnlinePlanningOverview?applicationNumber=P/2025/1141
P/2025/3457,Hounslow,24/11/2025,Completed,All Other,Certificate of lawfulness existing for the conversion of the first floor into a self-contained flat,,290A,Bath Road,Hounslow,TW4 7DN,15/01/2026,15/01/2026,,,1,0,1,1,1,Approved,15/01/2026,,,https://planningandbuilding.hounslow.gov.uk/NECSWS/ES/Presentation/Planning/OnlinePlanning/OnlinePlanningOverview?applicationNumber=P/2025/3457
P/2025/0657,Hounslow,03/03/2025,Completed,All Other,Certificate of Lawfulness for the existing use of the building's first and second floors as two self-contained two-bedroom flats (Class C3).,,,,,,10/07/2025,10/07/2025,,,2,1,1,1,1,Approved,10/07/2025,,,https://planningandbuilding.hounslow.gov.uk/NECSWS/ES/Presentation/Planning/OnlinePlanning/OnlinePlanningOverview?applicationNumber=P/2025/0657
P/2025/1793,Hounslow,09/06/2025,Commenced,All Other,Certificate of Lawfulness for the existing use of the property as a single dwelling house (Use Class C3).,,337,Jersey Road,Isleworth,TW7 5PJ,19/09/2025,,,,1,1,0,1,1,Approved,19/09/2025,,,https://planningandbuilding.hounslow.gov.uk/NECSWS/ES/Presentation/Planning/OnlinePlanning/OnlinePlanningOverview?applicationNumber=P/2025/1793
P/2025/1364,Hounslow,30/06/2025,Completed,All Other,Certificate of lawfulness for the existing use of the ground floor left as a self-contained flat.,,4,Roseville Avenue,Hounslow,TW3 3TD,05/09/2025,05/09/2025,,,1,0,1,1,1,Approved,05/09/2025,,,https://planningandbuilding.hounslow.gov.uk/NECSWS/ES/Presentation/Planning/OnlinePlanning/OnlinePlanningOverview?applicationNumber=P/2025/1364
P/2025/2915,Hounslow,13/10/2025,Completed,All Other,Certificate of lawfulness for the existing use of the detached outbuilding in the rear garden as a self-contained studio residential unit.,,89,Princes Avenue,London,,08/01/2026,08/01/2026,,,1,0,1,1,1,Approved,08/01/2026,,,https://planningandbuilding.hounslow.gov.uk/NECSWS/ES/Presentation/Planning/OnlinePlanning/OnlinePlanningOverview?applicationNumber=P/2025/2915
P/2025/3458,Hounslow,24/11/2025,Completed,All Other,Certificate of lawfulness existing for the erection of a first floor rear extension to create one self-contained flat,,290B,Bath Road,Hounslow,TW4 7DN,15/01/2026,15/01/2026,,,1,0,1,1,1,Approved,15/01/2026,,,https://planningandbuilding.hounslow.gov.uk/NECSWS/ES/Presentation/Planning/OnlinePlanning/OnlinePlanningOverview?applicationNumber=P/2025/3458
P/2025/1462,Hounslow,03/06/2025,Completed,All Other,Certificate of Lawfulness for the existing use of part of the subdivided house's ground floor as a self-contained flat.,,91,The Ridgeway,London,W3 8LP,30/01/2026,30/01/2026,,,1,0,1,1,1,Approved,30/01/2026,,,https://planningandbuilding.hounslow.gov.uk/NECSWS/ES/Presentation/Planning/OnlinePlanning/OnlinePlanningOverview?applicationNumber=P/2025/1462
P/2025/1099,Hounslow,15/04/2025,Completed,All Other,Certificate of lawfulness for the existing use of the detached outbuilding in the rear garden as a self-contained dwelling,,33,Martindale Road,Hounslow,TW4 7EW,28/05/2025,28/05/2025,,,1,0,1,1,1,Approved,28/05/2025,,,https://planningandbuilding.hounslow.gov.uk/NECSWS/ES/Presentation/Planning/OnlinePlanning/OnlinePlanningOverview?applicationNumber=P/2025/1099
P/2025/3476,Hounslow,27/11/2025,Completed,All Other,Certificate of lawfulness for the existing use of two self contained units.,,91,Thornbury Road,Isleworth,TW7 4NL,10/02/2026,10/02/2026,,,2,0,2,2,2,Approved,10/02/2026,,,https://planningandbuilding.hounslow.gov.uk/NECSWS/ES/Presentation/Planning/OnlinePlanning/OnlinePlanningOverview?applicationNumber=P/2025/3476
P/2025/2687,Hounslow,05/09/2025,Completed,All Other,Certificate of lawfulness for the existing use of a part ground floor studio flat.,Flat 1,,Central Way,Feltham,TW14 0XQ,19/01/2026,19/01/2026,,,1,0,1,1,1,Approved,19/01/2026,,,https://planningandbuilding.hounslow.gov.uk/NECSWS/ES/Presentation/Planning/OnlinePlanning/OnlinePlanningOverview?applicationNumber=P/2025/2687
P/2025/1573,Hounslow,16/05/2025,Completed,All Other,Certificate of lawfulness for the existing use of part of the rear building as a self contained flat.,,159,Thornbury Road,Isleworth,TW7 4QG,07/08/2025,07/08/2025,,,1,0,1,1,1,Approved,07/08/2025,,,https://planningandbuilding.hounslow.gov.uk/NECSWS/ES/Presentation/Planning/OnlinePlanning/OnlinePlanningOverview?applicationNumber=P/2025/1573
P/2025/0902,Hounslow,21/03/2025,Completed,All Other,Certificate of lawfulness for the existing use of the first floor as two self contained flats.,,159A,Thornbury Road,Isleworth,TW7 4QG,16/05/2025,16/05/2025,,,2,0,2,2,2,Approved,16/05/2025,,,https://planningandbuilding.hounslow.gov.uk/NECSWS/ES/Presentation/Planning/OnlinePlanning/OnlinePlanningOverview?applicationNumber=P/2025/0902
P/2025/3461,Hounslow,17/11/2025,Completed,All Other,Certificate of lawfulness for the existing use of two self contained units.,,,,,,12/01/2026,12/01/2026,,,2,0,2,2,2,Approved,12/01/2026,,,https://planningandbuilding.hounslow.gov.uk/NECSWS/ES/Presentation/Planning/OnlinePlanning/OnlinePlanningOverview?applicationNumber=P/2025/3461
P/2025/1463,Hounslow,03/06/2025,Completed,All Other,Certificate of Lawfulness for the existing use of part of the subdivided house's ground floor as a self-contained flat.,,91,The Ridgeway,London,W3 8LP,30/01/2026,30/01/2026,,,1,0,1,1,1,Approved,30/01/2026,,,https://planningandbuilding.hounslow.gov.uk/NECSWS/ES/Presentation/Planning/OnlinePlanning/OnlinePlanningOverview?applicationNumber=P/2025/1463
P/2025/1597,Hounslow,21/05/2025,Completed,All Other,Certificate of lawfulness for the existing use of the detached outbuilding in the rear garden as a self contained flat.,,38,Basildene Road,Hounslow,TW4 7LE,16/07/2025,16/07/2025,,,1,0,1,1,1,Approved,16/07/2025,,,https://planningandbuilding.hounslow.gov.uk/NECSWS/ES/Presentation/Planning/OnlinePlanning/OnlinePlanningOverview?applicationNumber=P/2025/1597
16/00981/FUL,London Borough of Barking and Dagenham,01/12/2016,Commenced,All Other,"Demolition of existing warehouse and redevelopment of site to provide part 4/part 5 storey building comprising 63 residential units comprising 9 x studio flats, 28 x one bedroom flats, 20 x two bedroom flats and 6 x one bedroom maisonettes and 353 square metres mixed commercial space (A1/B1/D1/A3) together with associated car parking spaces.",Bms House,1,WANTZ ROAD,Dagenham,RM10 8PS,,,,,63,0,63,0,63,Approved,29/05/2018,,,https://online-befirst.lbbd.gov.uk/planning/index.html?fa=getApplication&id=12204
P/2025/2889,Hounslow,25/09/2025,Completed,All Other,Certificate of lawfulness for the existing use of the house as two self-contained flats.,,81,Tiverton Road,Hounslow,TW3 4JE,23/12/2025,23/12/2025,,,2,1,1,1,1,Approved,23/12/2025,,,https://planningandbuilding.hounslow.gov.uk/NECSWS/ES/Presentation/Planning/OnlinePlanning/OnlinePlanningOverview?applicationNumber=P/2025/2889
P/0632/22,Harrow,18/03/2022,Completed,All Other,Redevelopment to provide five X two storey dwellings; parking; landscaping (demolition of garages),Garages Adjacent 16,,Charles Crescent,Harrow,HA1 4AP,21/02/2024,12/11/2025,,,5,0,5,5,5,Approved,28/06/2022,,,http://site.com?appref=P/0632/22-or-1180301
23/00340/FUL,Bexley,14/02/2023,Completed,All Other,"Vertical extension to create 3 x1 bedroom flats and conversion of first floor to 2x1 bedroom flats, with associated cycle and refuse stores and facade improvements.",,"371, 373",Bexley Road,,DA8 3EZ,01/06/2025,11/02/2026,,,5,0,5,5,5,Approved,11/04/2023,,,
P/4586/20,Harrow,16/12/2020,Completed,All Other,Front porch; single and two strorey side and rear extensions; rear dormer; creation of additional studio flat; reconfiguration of existing two flats; rear dormer (demolition of detached garage and shed),186A and 186B Whitchurch Lane Edgware HA8 6QJ,186A,Whitchurch Lane,,HA8 6QJ,22/02/2024,06/05/2025,,,1,2,-1,-1,-1,Approved,31/03/2021,,,
PL/2360/24,Harrow,02/09/2024,Completed,All Other,"Certificate of Lawful Development (Proposed): Single storey outbuilding, rear dormer, loft conversion, 3 rooflights to front, porch and s/s rear extension (determined under P/2219/23/PRIOR). Change of use from C3 to C4 (HMOs) for up to 6 persons.",,,45 Grant Road,Wealdston,HA3 7SB,31/01/2025,15/08/2025,,,1,1,0,0,0,Approved,28/10/2024,,,
P/2706/21,Harrow,23/07/2021,Completed,All Other,Single storey front extension; single and two storey side to rear extension; first floor rear extension; creation of one bed dwelling (demolition of side extension),,228,Somervell Road,Harrow,HA2 8TS,29/08/2024,19/11/2025,,,1,0,1,1,1,Approved,29/11/2021,,,http://site.com?appref=P/2706/21-or-1143547
P/4266/22,Harrow,22/12/2022,Completed,All Other,Conversion of House of multiple occupancy (HMO) into four flats (3 X Studio and 1 X 2 bed); single storey rear extension; rear dormer; external alterations; separate amenity space; bin and cycle stores,,52,Spencer Road,Harrow,HA3 7AR,01/10/2024,01/09/2025,,,4,0,4,4,4,Approved,13/03/2023,,,http://site.com?appref=P/4266/22-or-1234184
22/00748/FUL,Bexley,24/03/2022,Completed,All Other,Conversion of upper floor with rear infill extension and erection of front and rear dormers to existing building to provide 2 x two bed apartments.,,"128, 130",Welling High Street,,DA16 1TJ,02/08/2024,04/02/2026,,,2,0,2,2,2,Approved,15/07/2022,,,
P/3370/21,Harrow,27/08/2021,Completed,All Other,Conversion of dwellinghouse into two flats (1 x 1 Bed and 1 x 3 Bed) ; Rear dormer with juliette balcony and insertion of two rooflights in front roofslope; Single storey rear extension; Separate amenity space; Refuse and Cycle Storage,,17,Greenhill Road,Harrow,HA1 1LD,25/10/2024,24/07/2025,,,2,1,1,1,1,Approved,11/11/2021,,,http://site.com?appref=P/3370/21-or-1150481
PL/1284/24/PRIOR,Harrow,08/05/2024,Completed,Prior Approval,Change of use from office (Class E) to 3 self-contained flats (Class C3) (PRIOR APPROVAL),,,3 Cardinal Way,Wealdston,HA3 5TE,07/08/2024,01/05/2025,,,3,0,3,3,3,Approved,28/06/2024,,,
P/4209/22,Harrow,12/12/2022,Completed,All Other,Conversion of dwelling into three flats (3 X 2 bed); single and two storey side to rear extension; single storey rear extension; rear dormer; front porch; external alterations; separate amenity space; bin and cycle stores,,80,Kings Road,Harrow,HA2 9JF,01/06/2024,09/06/2025,,,3,1,2,2,2,Approved,06/02/2023,,,http://site.com?appref=P/4209/22-or-1233363
25/02910/CLE,London Borough of Newham,23/12/2025,Completed,All Other,Application for a lawful development certificate (existing) for the use of property as HMO (Use Class C4).,,8,Middle Road,Plaistow,E13 0DQ,29/01/2026,29/01/2026,,,1,0,1,1,1,Approved,29/01/2026,,,
P/1916/22,Harrow,24/05/2022,Commenced,All Other,Conversion of dwelling into two flats (1 X 2 bed and 1 X 3 bed); single and two storey rear extension; single storey side extension to detached outbuilding; removal and alterations to boundary wall to install metal gates; separate amenity space; bin and cycle stores,,9,Crowshott Avenue,Stanmore,HA7 1HN,01/09/2025,,,,2,1,1,1,-1,Approved,09/09/2022,,,http://site.com?appref=P/1916/22-or-1199822
203705FUL,Ealing,17/09/2020,Completed,All Other,"Redevelopment of the site to provide a residential building of up to seven-storeys to accommodate 118 residential units together with associated pedestrian through-access, disabled car parking, cycle storage, private and communal amenity spaces, refuse and recycling storage, and hard and soft landscaping (following demolition of existing buildings).",Former Southall College Site,,Beaconsfield Road,Southall,UB1 1DP,19/10/2022,26/08/2025,,,118,0,118,118,72,Approved,12/05/2021,,,https://pam.ealing.gov.uk/online-applications/PLAN/203705FUL;
PL/1223/24/PRIOR,Harrow,12/04/2024,Commenced,Prior Approval,Change of use from Office (Class E) to 1 self-contained flat (Class C3) on first floor (PRIOR APPROVAL),Vinney Ross & Co Ltd,,184b Station Road,,HA1 2RH,01/04/2025,,,,1,0,1,1,1,Approved,17/07/2024,,,
200486FUL,Ealing,06/02/2020,Completed,All Other,"Construction of three x two storey buildings and one x three storey building to provide 40 residential units and a community and caretaker facility; reconfiguration of vehicle parking provision and associated refuse storage, cycle storage and vehicle parking; and hard and soft landscaping (following demolition of garages and community and caretaker facility) (Regulation 3 - Application by London Borough of Ealing)",Buckingham Avenue,,Buckingham Avenue,Greenford,UB6 7RA,01/12/2021,30/04/2025,,,40,0,40,40,40,Approved,20/05/2020,,,https://pam.ealing.gov.uk/online-applications/PLAN/200486FUL;
200549FUL,Ealing,07/02/2020,Completed,All Other,"Construction of a three storey residential building with lower ground floor level comprising 17 residential units (4 x studios, 10 x 1 bed and 3 x 2 bed); and provision of associated landscaping and amenity space, car parking space, refuse and cycle storage",19-23 Berrymede Road,,Berrymede Road,London,W4 5JE,01/09/2022,25/08/2025,,,17,0,17,17,17,Approved,17/03/2021,,,https://pam.ealing.gov.uk/online-applications/PLAN/200549FUL;
230883FUL,Ealing,03/03/2023,Commenced,All Other,Construction of an additional floor to provide 8 self-contained flats,Rosemont Court,,Rosemont Road,London,W3 9LS,08/06/2023,,,,8,0,8,8,8,Approved,08/06/2023,,,https://pam.ealing.gov.uk/online-applications/PLAN/230883FUL;
25/03930/CEU,Enfield Council,03/12/2025,Completed,All Other,Use of outbuilding as dwelling.,,49,Cavendish Road,,N18 2LT,28/01/2026,28/01/2026,,,1,0,1,1,1,Approved,28/01/2026,,,<enter PA URL here>
25/4107/191,London Borough of Barnet,11/11/2025,Completed,All Other,Use of existing outbuilding as 2no. self-contained flats,,62,Rushgrove Avenue,Colindale,NW9 6RB,06/01/2026,06/01/2026,,,2,0,2,2,2,Approved,06/01/2026,,,
P/2447/18,Harrow,,Completed,All Other,Redevelopment to provide three-storey building comprising of 4 offices and 8 x 2-bedroom flats; parking; bin and cycle stores involving demolition of existing building/workshops (amended plans),290,290,Northolt Road,Harrow,HA2 8EB,20/10/2022,01/06/2025,,,8,2,6,6,6,Approved,27/09/2019,,,
P/3052/22/PRIOR,Harrow,23/08/2022,Completed,Prior Approval,"Change of use from Office (Class E) To 2 Self-Contained Flats (Class C3); (Prior Approval Of Transport & Highways Impacts Of The Development, Contamination Risks And Flooding Risks On The Site, and Impacts Of Noise From Commercial Premises On The Intended Occupiers Of The Development and provision of natural light in all habitable rooms)",,21B,Bridge Street,Pinner,HA5 3HR,20/07/2023,20/10/2025,,,2,0,2,2,2,Approved,20/07/2023,,,http://site.com?appref=P/3052/22/PRIOR-or-1216543
P/4089/22,Harrow,27/12/2022,Completed,All Other,Conversion of dwellinghouse into two flats (1 x 2 Bed and 1 x 3 Bed); Rear dormer; Refuse and Cycle Storage,,3,Montgomery Road,Edgware,HA8 6NS,04/12/2023,18/11/2025,,,2,1,1,1,1,Approved,27/06/2023,,,http://site.com?appref=P/4089/22-or-1231423
P/3905/22,Harrow,08/12/2022,Commenced,All Other,"Conversion of dwelling into three flats (1 X 3 bed, 1 X 2 bed and 1 x 1 bed); single storey rear extension; rear dormer; external alterations",,316,Whitchurch Lane,Edgware,HA8 6QX,25/05/2025,,,,3,1,2,2,-1,Approved,27/06/2023,,,http://site.com?appref=P/3905/22-or-1228823
PL/0872/24,Harrow,26/03/2024,Completed,Prior Approval,Change of use from Office (Class E) to 1 self-contained flat (Class C3) on lower ground and ground floor (PRIOR APPROVAL),Zeitgeist Limited,,4a Crown Street,Harrow Hill,HA2 0HR,31/01/2025,01/05/2025,,,1,0,1,1,1,Approved,20/05/2024,,,
P/1291/23,Harrow,11/05/2023,Completed,All Other,Conversion of dwellinghouse into two separate dwellings ( 1 x 3 Bed and 1 X 2 Bed); Single storey side to rear extension; First floor rear extension; Separate Amenity Space; Landscaping; Refuse and Cycle Storage,,10,South Hill Grove,Harrow,HA1 3PR,30/01/2024,10/07/2025,,,2,1,1,1,1,Approved,06/07/2023,,,http://site.com?appref=P/1291/23-or-1252884
P/2025/3744,Hounslow,18/12/2025,Completed,All Other,Certificate of lawfulness for the existing use of a self contained flat on the second floor,,,,,,16/02/2026,16/02/2026,,,1,0,1,1,1,Approved,16/02/2026,,,https://planningandbuilding.hounslow.gov.uk/NECSWS/ES/Presentation/Planning/OnlinePlanning/OnlinePlanningOverview?applicationNumber=P/2025/3744
P/2785/20,Harrow,10/08/2020,Completed,All Other,Creation of third floor comprising of eight flats (8 X 2 bed); parking; bin and cycle stores,Northcote,86,Rickmansworth Road,Pinner,,29/05/2024,15/12/2025,,,8,0,8,8,8,Approved,09/07/2021,,,http://site.com?appref=P/2785/20-or-1091722
PL/1721/24/PRIOR,Harrow,19/06/2024,Completed,Prior Approval,Change of use from office (Class E) to 5 self-contained flats (Class C3) on first floor (PRIOR APPROVAL),Buckingham Parade,,Buckingham House East,Stanmore,HA7 4EB,27/01/2025,18/07/2025,,,3,0,3,3,3,Approved,08/11/2024,,,
P/2553/22,Harrow,25/07/2022,Completed,All Other,Two storey side to rear extension to form new attached dwellinghouse; Vehicle access; Cycle and Refuse storage; Separate amenity space; Landscaping and Parking (Demolition of detached garage at side),,7,Runnelfield,Harrow,HA1 3NY,29/05/2024,27/08/2025,,,1,0,1,1,1,Approved,04/10/2022,,,http://site.com?appref=P/2553/22-or-1208943
P/4980/21,Harrow,08/03/2022,Completed,All Other,Redevelopment to provide two X two storey semi-detached dwellings; separate amenity space; proposed vehicle access; parking; bin and cycle stores,,138,Pinner Hill Road,Pinner,HA5 3SJ,05/03/2024,13/08/2025,,,2,1,1,1,1,Approved,04/08/2023,,,http://site.com?appref=P/4980/21-or-1170661
PL/0291/23,Harrow,19/10/2023,Completed,All Other,Conversion of dwelling house into two flats (2x1 bed); single storey rear extension; separate amenity space,,,179 Kenmore Avenue,Kenton,HA3 8PB,01/12/2024,21/01/2026,,,2,1,1,1,1,Approved,17/05/2024,,,
61380/APP/2023/3184,Hillingdon,02/11/2023,Completed,All Other,Sub-division of the existing semidetached house no.5 Primrose Gardens to provide a new flat no. 5A (Application for a Certificate of Lawful Development for an Existing Development),5 PRIMROSE GARDENS,,RUISLIP,,,18/11/2025,18/11/2025,,,2,1,1,1,1,Refused,30/01/2024,,,http://planning.hillingdon.gov.uk/OcellaWeb/planningDetails?reference=61380/APP/2023/3184
2623/22/09,Redbridge,05/10/2023,Completed,All Other,Landscaping (DETAILS FOLLOWING RESERVERD MATTERS FOLLOWING OUTLINE APPROVAL). (Summary).,Development At 120 To 126,,Maybank Road,South Woodford,,28/05/2024,01/02/2026,,,28,10,18,0,18,Approved,15/01/2024,,,
220456VAR,Ealing,07/02/2022,Completed,All Other,"Minor material amendment (S.73) to vary condition no. 2, 11, 36, 37 and 48 pursuant to planning permission reference 203705FUL dated 12/05/2021 for 'Redevelopment of the site to provide a residential building of up to seven-storeys to accommodate 118 residential units together with associated pedestrian through-access, disabled car parking, cycle storage, private and communal amenity spaces, refuse and recycling storage, and hard and soft landscaping (following demolition of existing buildings)' Variation seeks to alter the revised drawings that support the proposed design changes.",Ealing Hammersmith And West London College,,Beaconsfield Road,Southall,UB1 1DP,19/10/2022,26/08/2025,,,46,0,46,46,46,Approved,07/09/2022,,,https://pam.ealing.gov.uk/online-applications/PLAN/220456VAR;
25/04110/CEU,Enfield Council,28/11/2025,Completed,All Other,Use of outbuilding at rear as self-contained flat.,,27,Third Avenue,,EN1 1BU,23/01/2026,23/01/2026,,,1,0,1,1,1,Approved,23/01/2026,,,<enter PA URL here>
P/2025/1374,Hounslow,02/06/2025,Completed,All Other,Certificate of lawfulness for the existing use of the ground floor right as a self-contained flat.,,4,Roseville Avenue,Hounslow,TW3 3TD,05/09/2025,05/09/2025,,,1,0,1,1,1,Approved,05/09/2025,,,https://planningandbuilding.hounslow.gov.uk/NECSWS/ES/Presentation/Planning/OnlinePlanning/OnlinePlanningOverview?applicationNumber=P/2025/1374
P/2025/0600,Hounslow,10/03/2025,Completed,All Other,Certificate of Lawfulness for the existing use of a small House In Multiple Occupation (Use Class C4).,,136,Springwell Road,Hounslow,TW5 9BP,05/11/2025,05/11/2025,,,1,0,1,1,1,Approved,05/11/2025,,,https://planningandbuilding.hounslow.gov.uk/NECSWS/ES/Presentation/Planning/OnlinePlanning/OnlinePlanningOverview?applicationNumber=P/2025/0600
P/2025/0377,Hounslow,13/02/2025,Commenced,All Other,Certificate of Lawfulness for the existing continuous use of the property as small HMO (C4).,,50,Queens Road,Feltham,TW13 5AR,17/07/2025,,,,1,1,0,1,1,Approved,17/07/2025,,,https://planningandbuilding.hounslow.gov.uk/NECSWS/ES/Presentation/Planning/OnlinePlanning/OnlinePlanningOverview?applicationNumber=P/2025/0377
P/2025/1445,Hounslow,03/06/2025,Completed,All Other,Certificate of Lawfulness for the existing use of the house's second floor as a self-contained studio flat.,,91,The Ridgeway,London,W3 8LP,30/01/2026,30/01/2026,,,2,0,2,2,2,Approved,30/01/2026,,,https://planningandbuilding.hounslow.gov.uk/NECSWS/ES/Presentation/Planning/OnlinePlanning/OnlinePlanningOverview?applicationNumber=P/2025/1445
P/2025/3630,Hounslow,18/12/2025,Completed,All Other,Certificate of lawfulness existing for the continued use as a flat,,563A,Chiswick High Road,London,W4 3AY,10/02/2026,10/02/2026,,,1,0,1,1,1,Approved,10/02/2026,,,https://planningandbuilding.hounslow.gov.uk/NECSWS/ES/Presentation/Planning/OnlinePlanning/OnlinePlanningOverview?applicationNumber=P/2025/3630
25/04229/CEU,Enfield Council,15/12/2025,Completed,All Other,Use of property as 3 self contained flats.,,101,Middleham Road,,N18 2RZ,26/01/2026,26/01/2026,,,3,0,3,3,3,Approved,26/01/2026,,,<enter PA URL here>
P/2024/0839,Hounslow,13/03/2024,Completed,All Other,"Certificate of Lawfulness for existing conversion of house into two self contained flat, ground and first floor.",,142,Ash Grove,Hounslow,,23/07/2025,23/07/2025,,,2,1,1,1,1,Approved,23/07/2025,,,https://planningandbuilding.hounslow.gov.uk/NECSWS/ES/Presentation/Planning/OnlinePlanning/OnlinePlanningOverview?applicationNumber=P/2024/0839
3781/23,Redbridge,18/01/2024,Commenced,All Other,"Demolish detached rear structure. Remove formation of means of access to a highway (Granton Road). Erection of 1no. single storey (1 x bedroom) self-contained Studio flat with an associated cycle store, waste / refuse storage and amenity space. (Summary).",Development Rear Of 513 Green Lane In,,Granton Road,Goodmayes,,,,,,1,0,1,0,1,Approved,15/03/2024,,,
0838/23,Redbridge,23/03/2023,Completed,All Other,Change of use from office to residential at first floor. (summary),Development At 4,,Wellington Passage,WANSTEAD,,28/02/2025,20/01/2026,,,1,0,1,1,1,Approved,15/05/2023,,,
3269/22,Redbridge,07/10/2022,Completed,All Other,Conversion of single dwellinghouse into two self-contained flats with associated cycle parking and waste provision. Alterations to fenestrations. (Summary),Development At 11,,Swindon Close,Seven Kings,,01/08/2025,22/12/2025,,,2,1,1,1,1,Approved,08/12/2022,,,
1150/24,Redbridge,23/05/2024,Completed,All Other,Subdivision of flat into two residential units (one x 1-bedroom and one x studio) with associated cycle and waste storage. Installation of external staircase and walkway to rear. Alterations to fenestrations. (summary),Development At 82a,82B,High Road,South Woodford,E18 2NA,01/09/2025,01/12/2025,,,2,1,1,1,1,Approved,12/08/2024,,,
0659/24,Redbridge,11/04/2024,Commenced,All Other,Upward extension of single storey to create 2 studio flats. Alterations to fenestrations. Conversion of garages to cycle/refuse storage. Replacement of extraction flue from commercial unit at ground floor. (summary),Development At 65 To 67,,High Road,South Woodford,,13/01/2025,,,,4,0,4,4,4,Approved,16/08/2024,,,
0165/24,Redbridge,24/01/2024,Completed,All Other,"Change of use of ground floor from a Garage into a 1 x 1 bedroom self-contained residential unit with associated cycle, refuse storage and amenity space. Alterations to fenestrations. Erection of fence. (Summary).",Development At 4,,Wellington Passage,Wanstead,,28/02/2025,20/01/2026,,,1,0,1,1,1,Approved,22/03/2024,,,
25/02602/CLE,London Borough of Newham,26/11/2025,Completed,All Other,Application for a lawful development certificate existing for the use as HMO (Use Class C4).,,2,Fairland Road,Stratford,E15 4AF,05/12/2025,05/12/2025,,,1,0,1,1,1,Approved,05/12/2025,,,
3013/24,Redbridge,05/12/2024,Commenced,All Other,"First floor rear extension. Subdivision of house into two dwellings (one x 3-bedroom and one x 2-bedroom) with associated amenity space, cycle and refuse storage. (AMENDED DESCRIPTION) (summary)",DEVELOPMENT AT 3,,CECIL ROAD,,,20/06/2025,,,,2,1,1,1,1,Approved,24/06/2025,,,
3351/23,Redbridge,18/12/2023,Completed,Prior Approval,Upward extension of 2 additional storeys on detached block of flats to provide 12 new flats (6x one and 6x2 bedroom flats) (Summary),Development At Harley Court,,Blake Hall Road,Wanstead,,08/09/2023,06/08/2025,,,12,0,12,12,12,Approved,05/03/2024,,,
25/02516/CLE,London Borough of Newham,10/11/2025,Completed,All Other,Application for a lawful development certificate existing for use as HMO (Use Class C4).,,96,Hayday Road,Canning Town,E16 4AS,19/01/2026,19/01/2026,,,1,0,1,1,1,Approved,19/01/2026,,,
25/03853/CEU,Enfield Council,18/11/2025,Completed,All Other,Use of property as self-contained flat.,,61C,Windmill Hill,,EN2 7AF,13/01/2026,13/01/2026,,,1,0,1,1,1,Approved,13/01/2026,,,<enter PA URL here>
25/03751/LDCE,London Borough of Lambeth,03/12/2025,Completed,All Other,Application for a Certificate of Lawful Development (Existing) with respect to the change of use from C3 to C4 (HMO).,,6,Grayscroft Road,,SW16 5UP,28/01/2026,28/01/2026,,,1,1,0,0,0,Approved,28/01/2026,,,
P0248.19,Havering,21/02/2019,Commenced,All Other,"Outline planning application for the demolition of all buildings and structures on site, and redevelopment of the site providing up to 37 residential dwellings, creation of a new highway access, public open space and landscaping and related infrastructure",Hall Lane Miniature Golf Course,,Hall Lane,,RM14 1AU,09/05/2023,,,,37,0,37,37,2,Approved,16/09/2021,,,http://development.havering.gov.uk/OcellaWeb/planningDetails?reference=P0248.19
25/01620/CEU,Royal Borough of Kingston (LA Code),03/10/2025,Completed,All Other,Certificate of lawfulness required to prove implementation of planning permission 19/01173/FUL (Erection of additional floor creating 4x flats and construction of lift shaft to the rear of building). Works started in January 2025 creating pads and erection of steel work for addition of extra storey.,Dollary Court,,Kingston Road,,KT1 3PB,19/01/2026,19/01/2026,,,4,0,4,4,4,Approved,19/01/2026,,,https://publicaccess.kingston.gov.uk/online-applications/applicationDetails.do?activeTab=summary&keyVal=SY23WZNHHM700
P0498.19,Havering,29/03/2019,Completed,All Other,"Demolition of existing buildings on site and erection of a four to six storey development comprising 46 residential units (30 x 1 bed, 12 x 2 bed and 4 x 3 bed) and 340sqm flexible commercial floor space at ground floor (Use Classes A1, A2, A3, B1(a) and D1), plus associated plant space, bin storage, cycle parking and external landscaping, including disabled parking",22-44 North Street,,Romford,,RM1 1BH,30/01/2023,06/08/2025,,,49,0,49,49,49,Approved,12/08/2020,,,http://development.havering.gov.uk/OcellaWeb/planningDetails?reference=P0498.19
3385/24,Redbridge,20/12/2024,Completed,All Other,Change of use from a single dwelling house into a small HMO for up to 6 people. (Summary).,,30,Avondale Crescent,,IG4 5JB,09/02/2026,09/02/2026,,,1,1,0,-1,0,Approved,13/02/2025,,,
2358/23,Redbridge,06/09/2023,Completed,All Other,Change of use from single dwellinghouse to care home for up to 6 people. (Summary),,67,Christie Gardens,Chadwell Heath,RM6 4SA,,01/08/2025,,,0,1,-1,0,-1,Approved,13/10/2023,,,
2286/19,Redbridge,14/06/2019,Completed,All Other,Internal reconfiguration and alterations to fenestrations. (Summary),,"20, 22 & 24",Broomhill Road,,IG3 9SJ,25/11/2025,25/11/2025,,,2,2,0,-2,0,Approved,08/08/2019,,,
25/02400/FUL,London Borough of Bexley,24/11/2025,Completed,All Other,Retrospective Change of Use of Caretaker's Lodge to self-contained residential unit (Class C3) along with alterations to fenestration and associated cycle storage.,Caretakers Lodge 55 Sheridan Road Belvedere Kent DA17 5AR,,,,,23/01/2026,23/01/2026,,,1,0,1,1,1,Approved,23/01/2026,,,
20/02554/FUL,London Borough of Bexley,04/11/2020,Completed,All Other,Erection of 1 x 4 bed detached dwelling with associated parking and amenity space.,Land Rear Of,"1, 3",Cloudeseley Close,,DA14 6TF,21/02/2024,23/01/2026,,,1,0,1,1,1,Approved,23/02/2021,,,
25/02745/CLE,London Borough of Newham,02/12/2025,Completed,All Other,Application for a lawful development certificate (existing) for use of second floor as 1 self-contained residential unit (Use Class C3).,,56,Sprowston Mews,Forest Gate,E7 9AE,27/01/2026,27/01/2026,,,1,0,1,1,1,Approved,27/01/2026,,,
2442/22,Redbridge,22/07/2022,Completed,All Other,"Loft conversion with 2x rear dormers. Hip to gable roof alterations including new window in gable end. Five rooflights. To create 1x one-bedroom flat with associated parking, waste and cycle storage. Formation of two points of vehicular access; one on Cranbrook Road and one on Ranelagh Gardens. (summary)",Development At 353,,Cranbrook Road,,,25/08/2025,09/01/2026,,,1,0,1,1,1,Approved,14/09/2022,,,
25/04063/CEU,Enfield Council,25/11/2025,Completed,All Other,Use of premises as 3 self-contained flats.,,32,Tillotson Road,,N9 9AH,20/01/2026,20/01/2026,,,3,0,3,3,3,Approved,20/01/2026,,,<enter PA URL here>
0440/23,Redbridge,14/02/2023,Completed,All Other,Change of use from a single dwellinghouse to supported living accommodation for up to 5 people with care provided. (Summary).,,128,Ashburton Avenue,Seven Kings,IG3 9EP,,10/07/2025,,,0,1,-1,0,-1,Approved,24/03/2023,,,
24/02211/CEU,Enfield Council,19/07/2024,Completed,All Other,Use of property as 2-self-contained flats.,,49,Albany Park Avenue,,EN3 5NU,22/01/2026,22/01/2026,,,2,0,2,2,2,Refused,10/09/2024,,,<enter PA URL here>
22/01771/FUL,London Borough of Bexley,11/07/2022,Completed,All Other,Conversion of a residential dwelling house (Class C3) to a House of Multiple Occupation (HMO) (Class C4) for up to 4 persons.,,63,Ripley Road,,DA17 5AH,05/10/2022,18/06/2025,,,1,1,0,0,0,Approved,05/09/2022,,,
2021/6213/P,Camden,21/12/2021,Completed,All Other,"Change of use of ground and basement floors from mini-cab office to a self-contained maisonette (Class C3), erection of two storey rear extension (following removal of existing single storey rear extension), reinstatement of front lightwell with new stair and railings from ground to basement, creation of access to garden at the rear, new door and window openings at basement and ground floor level on the front and rear elevations, alterations to the ground floor front facade, and new cycle and waste storage.",,184,Eversholt Street,London,NW1 1BL,01/08/2024,01/09/2025,,,1,0,1,1,1,Approved,07/10/2022,,,https://planningrecords.camden.gov.uk/Northgate/PlanningExplorer/DisplayAppDetails.aspx?AppNo=2021/6213/P
25/02739/CLE,London Borough of Newham,01/12/2025,Completed,All Other,Application for a lawful development certificate (existing) for use of first floor as 1 self-contained residential unit (Use Class C3).,,56,Sprowston Mews,Forest Gate,E7 9AE,27/01/2026,27/01/2026,,,1,0,1,1,1,Approved,27/01/2026,,,
75315/APP/2020/755,Hillingdon,04/03/2020,Commenced,All Other,"Demolition of existing bungalows and erection of 4 x two storey, semi-detached houses with associated access, parking and landscape works",42 & 44 Mahlon Avenue,42&44,MAHLON AVENUE,,HA4 6TF,22/12/2025,,,,4,2,2,2,-2,Approved,01/05/2020,,,http://planning.hillingdon.gov.uk/OcellaWeb/planningDetails?reference=75315/APP/2020/755
P/2022/4013,Hounslow,15/12/2022,Commenced,All Other,"Erection of a two-storey building to form four self-contained flats with first floor rear balconies along with associated parking, garden space and refuse storage following the demolition of the existing bungalow",,36,Sutton Lane,Hounslow,TW3 3BD,28/08/2023,,,,4,1,3,3,3,Approved,21/07/2023,,,https://planningandbuilding.hounslow.gov.uk/NECSWS/ES/Presentation/Planning/OnlinePlanning/OnlinePlanningOverview?applicationNumber=P/2022/4013
P/2025/1444,Hounslow,03/06/2025,Completed,All Other,Certificate of Lawfulness for the existing use of part of the house's first floor as a self-contained studio flat.,,91,The Ridgeway,London,W3 8LP,30/01/2026,30/01/2026,,,1,0,1,1,1,Approved,30/01/2026,,,https://planningandbuilding.hounslow.gov.uk/NECSWS/ES/Presentation/Planning/OnlinePlanning/OnlinePlanningOverview?applicationNumber=P/2025/1444
P/2025/1446,Hounslow,03/06/2025,Completed,All Other,Certificate of Lawfulness for the existing use of the detached single storey outbuilding at the rear of the subdivided house's subdivided rear garden as a self-contained studio flat.,,91,The Ridgeway,London,W3 8LP,30/01/2026,30/01/2026,,,1,0,1,1,1,Approved,30/01/2026,,,https://planningandbuilding.hounslow.gov.uk/NECSWS/ES/Presentation/Planning/OnlinePlanning/OnlinePlanningOverview?applicationNumber=P/2025/1446
P/2025/1443,Hounslow,03/06/2025,Completed,All Other,Certificate of Lawfulness for the existing use of part of the house's first floor as a self-contained flat.,,91,The Ridgeway,London,W3 8LP,30/01/2026,30/01/2026,,,1,0,1,1,1,Approved,30/01/2026,,,https://planningandbuilding.hounslow.gov.uk/NECSWS/ES/Presentation/Planning/OnlinePlanning/OnlinePlanningOverview?applicationNumber=P/2025/1443
P/2025/1894,Hounslow,18/06/2025,Completed,All Other,"Certificate of lawfulness for the existing implementation of the approved planning permission dated 24/06/2021 of demolition of the existing buildings and redevelopment of the site to provide 21 residential units (C3) within a part three, part four and part set back six storey, building with associated amenity space, landscaping, basement car parking and all associated works.",,486,Bath Road,Hounslow,TW5 9UP,12/08/2025,12/08/2025,,,21,0,21,21,21,Approved,12/08/2025,,,https://planningandbuilding.hounslow.gov.uk/NECSWS/ES/Presentation/Planning/OnlinePlanning/OnlinePlanningOverview?applicationNumber=P/2025/1894
P/2025/0613,Hounslow,07/03/2025,Completed,All Other,Certificate of Lawfulness for the existing use of the subdivided house as two self-contained flats.,,9,Crowther Avenue,Brentford,,30/06/2025,30/06/2025,,,2,1,1,1,1,Approved,30/06/2025,,,https://planningandbuilding.hounslow.gov.uk/NECSWS/ES/Presentation/Planning/OnlinePlanning/OnlinePlanningOverview?applicationNumber=P/2025/0613
25/02590/CEU,Royal Borough of Kingston (LA Code),28/10/2025,Completed,All Other,Continued use of Basement Flat as residential use for student accommodation,,65,Surbiton Road,,KT1 2HG,29/01/2026,29/01/2026,,,1,0,1,1,1,Approved,29/01/2026,,,https://publicaccess.kingston.gov.uk/online-applications/applicationDetails.do?activeTab=summary&keyVal=T3PW41NHJZZ00
25/01285/CEU,Enfield Council,29/07/2025,Completed,All Other,"Use of property as 10 x self-contained flats, along with extensions including basement, ground floor rear extension and roof extension.",,51,Chichester Road,,N9 9DH,30/01/2026,30/01/2026,,,10,0,10,10,10,Approved,30/01/2026,,,<enter PA URL here>
211685FUL,Ealing,03/02/2021,Completed,All Other,"Construction of a part 6 storey, part 5 storey building to accommodate 23 self-contained flats and provision of two commercial units (Use Class E).",Land Between Rosebank Way And Leamington Park,,Rosebank Way,,,31/01/2023,22/04/2025,,,23,0,23,23,23,Approved,17/11/2021,,,https://pam.ealing.gov.uk/online-applications/PLAN/211685FUL;
25/04172/CEU,Enfield Council,03/12/2025,Completed,All Other,Use of premises as 5 self-contained flats.,,17,Huxley Road,,N18 1NW,30/01/2026,30/01/2026,,,5,0,5,5,5,Approved,30/01/2026,,,<enter PA URL here>
26/00150/CLE,London Borough of Newham,23/01/2026,Completed,All Other,Application for a lawful development certificate (existing) for the use of property as 4 self-contained residential dwellings.,,279,Katherine Road,Forest Gate,E7 8PP,10/02/2026,10/02/2026,,,4,0,4,4,4,Approved,10/02/2026,,,
250622,Waltham Forest,12/03/2025,Completed,All Other,Lawful Development Certificate (Existing)  Use of property as a House in Multiple Occupation (HMO) (Use Class C4).,,7,SIDMOUTH ROAD,,E10 5QZ,07/05/2025,07/05/2025,,,1,0,1,1,1,Approved,07/05/2025,,,https://builtenvironment.walthamforest.gov.uk/planning/index.html?fa=getApplication&id=117307
2025/0688,Hackney,21/03/2025,Completed,All Other,Application for a Certificate of Lawful Use (Existing) to confirm use of the site as seven self-contained flats each falling within Use Class C3.,410,,Seven Sisters Road,London,N4 2LX,09/05/2025,09/05/2025,,,7,7,0,0,0,Approved,09/05/2025,,,https://developmentandhousing.hackney.gov.uk//planning/index.html?fa=getApplication&id=81714
2025/0800,Hackney,03/04/2025,Completed,All Other,Existing use of part of building at ground floor level as residential flat (C3 use class),"Unit G14, Olympic House",12,SOMERFORD GROVE,HACKNEY,N16 7RZ,27/05/2025,27/05/2025,,,1,0,1,1,1,Approved,27/05/2025,,,https://developmentandhousing.hackney.gov.uk//planning/index.html?fa=getApplication&id=81842
2025/2674,Hackney,04/12/2025,Completed,All Other,Existing use of part of building at basement and ground floor levels as No.2 x residential units (C3 use class),Flat 5,411,MARE STREET,HACKNEY,E8 1HY,23/01/2026,23/01/2026,,,2,0,2,2,2,Approved,23/01/2026,,,https://developmentandhousing.hackney.gov.uk//planning/index.html?fa=getApplication&id=84152
2025/2589,Hackney,26/11/2025,Completed,All Other,Application for a Certificate of Lawful Use (Existing) to confirm lawful use of the property as a self-contained residential dwelling (Use Class C3).,"Flat 5, New Inn Square",8 - 13,NEW INN STREET,HACKNEY,EC2A 3PY,19/01/2026,19/01/2026,,,1,0,1,1,1,Approved,19/01/2026,,,https://developmentandhousing.hackney.gov.uk//planning/index.html?fa=getApplication&id=84085
2025/0805,Hackney,03/04/2025,Completed,All Other,Existing use of part of building at ground floor level as residential flat (C3 use class),"Unit G3, Olympic House",12,SOMERFORD GROVE,HACKNEY,N16 7RZ,28/05/2025,28/05/2025,,,1,0,1,1,1,Approved,28/05/2025,,,https://developmentandhousing.hackney.gov.uk//planning/index.html?fa=getApplication&id=81837
2025/0835,Hackney,09/04/2025,Completed,All Other,Existing use of part of building at lower ground floor level as residential flat (C3 use class),"Unit G28, Olympic House",12,SOMERFORD GROVE,HACKNEY,N16 7RZ,04/06/2025,04/06/2025,,,1,0,1,1,1,Approved,04/06/2025,,,https://developmentandhousing.hackney.gov.uk//planning/index.html?fa=getApplication&id=81956
2025/0799,Hackney,03/04/2025,Completed,All Other,Existing use of part of building at first floor level as residential flat (C3 use class),"Unit G11, Olympic House",12,SOMERFORD GROVE,HACKNEY,N16 7RZ,27/05/2025,27/05/2025,,,1,0,1,1,1,Approved,27/05/2025,,,https://developmentandhousing.hackney.gov.uk//planning/index.html?fa=getApplication&id=81843
PL/0247/24,Harrow,18/03/2024,Completed,All Other,Conversion of detached dwelling into two semi-detached dwellings (1 X 4 bed and 1 X 2 bed),,64 - 66,BOXTREE LANE,,HA3 6JR,20/05/2024,12/05/2025,,,2,1,1,1,1,Approved,20/05/2024,,,https://planningsearch.harrow.gov.uk//planning/index.html?fa=getApplication&id=226768
2025/0811,Hackney,03/04/2025,Completed,All Other,Existing use of part of building at ground floor level as residential flat (C3 use class),"Unit G4, Olympic House",12,SOMERFORD GROVE,HACKNEY,N16 7RZ,28/05/2025,28/05/2025,,,1,0,1,1,1,Approved,28/05/2025,,,https://developmentandhousing.hackney.gov.uk//planning/index.html?fa=getApplication&id=81852
PL/2403/24,Harrow,30/08/2024,Completed,All Other,Conversion of dwelling into two flats (2 x 2 beds) and associated external alterations; separate amenity space; boundary treatment; bin/cycle storage,,5,CAMBRIDGE ROAD,,,25/10/2024,25/07/2025,,,2,1,1,1,1,Approved,25/10/2024,,,https://planningsearch.harrow.gov.uk//planning/index.html?fa=getApplication&id=228050
PL/0903/24,Harrow,28/03/2024,Completed,All Other,Conversion of dwellinghouse into two flats (1 x 3 Bed and 1 X 2 Bed); First floor side to rear extension; Rear dormer; External alterations; Amentiy space; Parking; Refuse and Cycle storage,,30,GREENFORD ROAD,,,25/09/2024,16/07/2025,,,2,1,1,1,1,Approved,26/07/2024,,,https://planningsearch.harrow.gov.uk//planning/index.html?fa=getApplication&id=226811
2025/0836,Hackney,09/04/2025,Completed,All Other,Existing use of part of building at lower ground floor level as residential flat (C3 use class),"Unit G30, Olympic House",12,SOMERFORD GROVE,HACKNEY,N16 7RZ,04/06/2025,04/06/2025,,,1,0,1,1,1,Approved,04/06/2025,,,https://developmentandhousing.hackney.gov.uk//planning/index.html?fa=getApplication&id=82010
2024/0424,Hackney,28/02/2024,Completed,All Other,Conversion of property from 2 x self-contained flats to 1 x single family dwellinghouse.,Flat A,2,MARTABAN ROAD,HACKNEY,N16 5SJ,16/04/2024,01/05/2025,,,1,2,-1,-1,-1,Approved,16/04/2024,,,https://developmentandhousing.hackney.gov.uk//planning/index.html?fa=getApplication&id=78352
2025/0838,Hackney,09/04/2025,Completed,All Other,Existing use of part of building at lower ground floor level as residential flat (C3 use class),"Unit G20, Olympic House",12,SOMERFORD GROVE,HACKNEY,N16 7RZ,04/06/2025,04/06/2025,,,1,0,1,1,1,Approved,04/06/2025,,,https://developmentandhousing.hackney.gov.uk//planning/index.html?fa=getApplication&id=81955
PL/2864/25,Harrow,03/11/2025,Completed,All Other,Certificate of Lawful Existing Development: Use of the dwelling as a HMO (C4) for 6 people,,1,COLBECK ROAD,,HA1 4BS,19/12/2025,19/12/2025,,,1,0,1,1,1,Approved,19/12/2025,,,https://planningsearch.harrow.gov.uk//planning/index.html?fa=getApplication&id=231596
2025/0846,Hackney,09/04/2025,Completed,All Other,Existing use of part of building at lower ground floor level as residential flat (C3 use class),"Unit G29, Olympic House",12,SOMERFORD GROVE,HACKNEY,N16 7RZ,04/06/2025,04/06/2025,,,1,0,1,1,1,Approved,04/06/2025,,,https://developmentandhousing.hackney.gov.uk//planning/index.html?fa=getApplication&id=81957
2025/0814,Hackney,03/04/2025,Completed,All Other,Existing use of part of building at ground floor level as residential flat (C3 use class),"Unit G8, Olympic House",12,SOMERFORD GROVE,HACKNEY,N16 7RZ,27/05/2025,27/05/2025,,,1,0,1,1,1,Approved,27/05/2025,,,https://developmentandhousing.hackney.gov.uk//planning/index.html?fa=getApplication&id=81855
2025/0857,Hackney,09/04/2025,Completed,All Other,Existing use of part of building at lower ground floor level as residential flat (C3 use class),"Unit G25, Olympic House",12,SOMERFORD GROVE,HACKNEY,N16 7RZ,04/06/2025,04/06/2025,,,1,0,1,1,1,Approved,04/06/2025,,,https://developmentandhousing.hackney.gov.uk//planning/index.html?fa=getApplication&id=81946
PL/2292/24,Harrow,19/08/2024,Completed,All Other,Certificate of Lawful Existing Development:&nbsp;Detached outbuilding at rear for use as Self-contained residential accommodation,,21,SOUTH HILL AVENUE,,HA2 0NN,20/05/2025,20/05/2025,,,1,0,1,1,1,Approved,20/05/2025,,,https://planningsearch.harrow.gov.uk//planning/index.html?fa=getApplication&id=227936
2025/0802,Hackney,03/04/2025,Completed,All Other,Existing use of part of building at ground floor level as residential flat (C3 use class),"Unit G5, Olympic House",12,SOMERFORD GROVE,HACKNEY,N16 7RZ,28/05/2025,28/05/2025,,,1,0,1,1,1,Approved,28/05/2025,,,https://developmentandhousing.hackney.gov.uk//planning/index.html?fa=getApplication&id=81840
251172,Waltham Forest,09/05/2025,Completed,All Other,Lawful Development Certificate (Existing) - Continuation of use of property as a single dwellinghouse (Use Class C3).&nbsp;,Vestry Works,9,VESTRY ROAD,,E17 9NH,04/08/2025,04/08/2025,,,1,0,1,1,1,Approved,04/08/2025,,,https://builtenvironment.walthamforest.gov.uk/planning/index.html?fa=getApplication&id=117826
26/0349/191,London Borough of Barnet,29/01/2026,Completed,All Other,"Implementation of planning permission 22/2242/FUL dated 27/09/22 for `Demolition of existing garages, erection of 2no dwellings. Associated refuse/recycling store and amenity space.`",Sunnyside House,,Sunnyside,Cricklewood,NW2 2QL,03/02/2026,03/02/2026,,,2,0,2,2,2,Approved,03/02/2026,,,
2025/0837,Hackney,09/04/2025,Completed,All Other,Existing use of part of building at lower ground floor level as residential flat (C3 use class),"Unit G22, Olympic House",12,SOMERFORD GROVE,HACKNEY,N16 7RZ,04/06/2025,04/06/2025,,,1,0,1,1,1,Approved,04/06/2025,,,https://developmentandhousing.hackney.gov.uk//planning/index.html?fa=getApplication&id=81954
PL/2505/24,Harrow,10/09/2024,Completed,All Other,Conversion of dwelling into two flats (2 X 2 bed); landscaping; separate amenity space; refuse and cycle storage; external alterations,,31,COLLEGE AVENUE,,,05/11/2024,01/05/2025,,,2,2,0,0,0,Approved,05/11/2024,,,https://planningsearch.harrow.gov.uk//planning/index.html?fa=getApplication&id=228317
PL/0860/25,Harrow,27/03/2025,Completed,All Other,Certificate of lawful development (existing): Use of property as seven self contained flats,,121a,HIGH STREET,,,21/07/2025,21/07/2025,,,7,2,5,5,5,Approved,21/07/2025,,,https://planningsearch.harrow.gov.uk//planning/index.html?fa=getApplication&id=230141
PL/0147/25,Harrow,05/03/2025,Completed,All Other,Certificate of lawful development (existing): Use of property as two self contained flats,,19,GRANT ROAD,,HA3 7SB,30/04/2025,30/04/2025,,,2,2,0,0,0,Approved,30/04/2025,,,
2025/0911,Hackney,16/04/2025,Completed,All Other,Application for a certificate of lawful development (existing) to confirm lawful use of the property as a self-contained residential dwelling in Use Class C3.&nbsp;,Flat B,30,CLARENCE ROAD,HACKNEY,E5 8HB,05/06/2025,05/06/2025,,,1,0,1,1,1,Approved,05/06/2025,,,https://developmentandhousing.hackney.gov.uk//planning/index.html?fa=getApplication&id=82232
251465,Waltham Forest,11/06/2025,Completed,All Other,Lawful Development Certificate (Existing)- Use of property as one self-contained residential unit (Use Class C3).&nbsp;,Ground Floor Front Flat,396c,LEA BRIDGE ROAD,,E10 7DY,05/08/2025,05/08/2025,,,1,0,1,1,1,Approved,05/08/2025,,,https://builtenvironment.walthamforest.gov.uk/planning/index.html?fa=getApplication&id=118114
251318,Waltham Forest,28/05/2025,Completed,All Other,Lawful Development Certificate (Existing) - Use of property as a small house in multiple occupation (HMO) (Use Class C4).,,13,COOKES CLOSE,,E11 3EF,22/07/2025,22/07/2025,,,1,1,0,0,0,Approved,22/07/2025,,,https://builtenvironment.walthamforest.gov.uk/planning/index.html?fa=getApplication&id=117966
PL/2406/24,Harrow,13/09/2024,Completed,All Other,Conversion of dwelling into two flats (2 x 1 beds); external alterations; parking; separate amenity space; boundary treatment; hard and soft landscaping; bin / cycle storage; front porch; outbuilding.,,127,BELLAMY DRIVE,,,03/03/2025,10/11/2025,,,2,1,1,1,1,Approved,26/02/2025,,,https://planningsearch.harrow.gov.uk//planning/index.html?fa=getApplication&id=228206
2025/0839,Hackney,09/04/2025,Completed,All Other,Existing use of part of building at lower ground floor level as residential flat (C3 use class),"Unit G31, Olympic House",12,SOMERFORD GROVE,HACKNEY,N16 7RZ,04/06/2025,04/06/2025,,,1,0,1,1,1,Approved,04/06/2025,,,https://developmentandhousing.hackney.gov.uk//planning/index.html?fa=getApplication&id=82009
2025/1290,Hackney,05/06/2025,Completed,All Other,Existing use of the premises as a self-contained dwelling (use class C3).,Ground Floor Flat Rear,68a,DOWNHAM ROAD,HACKNEY,N1 5BG,30/07/2025,30/07/2025,,,1,0,1,1,1,Approved,30/07/2025,,,https://developmentandhousing.hackney.gov.uk//planning/index.html?fa=getApplication&id=82790
2025/0798,Hackney,03/04/2025,Completed,All Other,Existing use of part of building at ground floor level as residential flat (C3 use class),"Unit G7, Olympic House",12,SOMERFORD GROVE,HACKNEY,N16 7RZ,27/05/2025,27/05/2025,,,0,1,-1,-1,-1,Approved,27/05/2025,,,https://developmentandhousing.hackney.gov.uk//planning/index.html?fa=getApplication&id=81833
2025/0809,Hackney,03/04/2025,Completed,All Other,Existing use of part of building at ground floor level as residential flat (C3 use class),"Unit G6, Olympic House",12,SOMERFORD GROVE,HACKNEY,N16 7RZ,27/05/2025,27/05/2025,,,1,0,1,1,1,Approved,27/05/2025,,,https://developmentandhousing.hackney.gov.uk//planning/index.html?fa=getApplication&id=81839
251385,Waltham Forest,02/06/2025,Completed,All Other,Lawful Development Certificate (Existing)- Use of rear ground floor as one self-contained residential unit (Use Class C3).,,370b,HOE STREET,,E17 9AA,12/09/2025,12/09/2025,,,1,0,1,1,1,Approved,12/09/2025,,,https://builtenvironment.walthamforest.gov.uk/planning/index.html?fa=getApplication&id=118022
2025/2615,Hackney,22/01/2026,Completed,All Other,Certificate of Lawful Use (Existing) for use of the property as 1no self contained flat within Use Class C3.,"Flat 3, Raines Court",19,NORTHWOLD ROAD,HACKNEY,N16 7DG,02/03/2026,02/03/2026,,,1,0,1,1,1,Approved,02/03/2026,,,https://developmentandhousing.hackney.gov.uk//planning/index.html?fa=getApplication&id=84481
2025/0959,Hackney,23/04/2025,Completed,All Other,Certificate of Lawfulness for Existing Use of Second Floor Flat as Residential Dwelling (Use Class C3),Second Floor Flat,53,HOXTON SQUARE,HACKNEY,N1 6PB,16/06/2025,16/06/2025,,,1,0,1,1,1,Approved,16/06/2025,,,https://developmentandhousing.hackney.gov.uk//planning/index.html?fa=getApplication&id=82111
2025/0701,Hackney,27/03/2025,Completed,All Other,Certificate of Lawfulness (Existing) for six self contained flats,410,,Seven Sisters Road,London,N4 2LX,19/08/2025,19/08/2025,,,6,0,6,6,6,Approved,19/08/2025,,,https://developmentandhousing.hackney.gov.uk//planning/index.html?fa=getApplication&id=82072
251321,Waltham Forest,22/07/2025,Completed,All Other,Lawful Development Certificate (Existing) - Use of first floor of property as two self-contained residential units (Use Class C3).,,238a,HIGH ROAD LEYTON,,E10 5PS,12/09/2025,12/09/2025,,,2,0,2,2,2,Approved,12/09/2025,,,https://builtenvironment.walthamforest.gov.uk/planning/index.html?fa=getApplication&id=118446
25/4020/191,London Borough of Barnet,03/10/2025,Completed,All Other,"Use as 5 bed, 5 person House in Multiple Occupation (HMO), use class C4",,12A,East Barnet Road,Station Road To Brookhill Road,EN4 8RW,27/11/2025,27/11/2025,,,1,0,1,1,1,Approved,27/11/2025,,,
DM2026/00025,Sutton,12/01/2026,Completed,All Other,Change of use from Class C3 (Dwelling House) to Class C4 (Small HMO).,,429,Green Wrythe Lane,,SM5 1JL,09/03/2026,09/03/2026,,,1,1,0,0,0,Approved,09/03/2026,,,https://planningregister.sutton.gov.uk/online-applications/applicationDetails.do?activeTab=summary&keyVal=T8QTB6KCMXA00
26/AP/0045,London Borough of Southwark,12/01/2026,Completed,All Other,"Certificate of Lawful development (existing) for the conversion of ground floor shop's ancillary storage space in basement and rear of ground and first floors into self-contained studio flat, i.e. "basement flat" (retrospective approval).",,193,Queens Road,,SE15 2NG,09/03/2026,09/03/2026,,,1,0,1,1,1,Approved,09/03/2026,,,
215892REM,Ealing,27/09/2021,Commenced,All Other,"Reserved matters application for Phases 9.3, 9.5 and 9.6 of the Remaining Acton Gardens Masterplan pursuant to conditions 7 (Reserved Matters) and 8 (Reserved Matters Details) of the Hybrid Outline Planning Permission Ref: 182579OUT (dated 24/12/2018) for the continued regeneration of the South Acton Estate. Application seeks approval for Means of Access, Appearance, Landscaping, Layout and Scale in relation to the construction of a new buildings varying in height from 3 to 9 storeys comprising 215 residential units including the retention and refurbishment of 8 no. terraced dwellings within Phase 9.3; with associated reconfiguration of the Jerome Tower Allotments; amenity space; refuse, recycling and bicycle storage; plant rooms; car parking; tree removal and public realm improvements; following the demolition of all other existing buildings. Application is accompanied by an Environmental Statement of Compliance.",Remaining Area Of Acton Gardens Master Plan,,Strafford Road,London,W3 8TQ,01/08/2024,,,,215,120,95,-88,-88,Approved,24/12/2021,,,https://pam.ealing.gov.uk/online-applications/PLAN/215892REM;
2025/2312,Hackney,10/12/2025,Completed,All Other,Existing use as six self contained dwellings (C3),Flat 1,58,LOWER CLAPTON ROAD,HACKNEY,E5 0RN,04/02/2026,04/02/2026,,,6,0,6,6,6,Approved,04/02/2026,,,https://developmentandhousing.hackney.gov.uk//planning/index.html?fa=getApplication&id=84186
252576,Waltham Forest,31/10/2025,Completed,All Other,Lawful Development Certificate (Existing) - Use as a small house in multiple occupation (HMO) (Use Class C4).,,113,MILLAIS ROAD,,E11 4EZ,19/12/2025,19/12/2025,,,1,0,1,1,1,Approved,19/12/2025,,,https://builtenvironment.walthamforest.gov.uk/planning/index.html?fa=getApplication&id=119125
2025/0812,Hackney,03/04/2025,Completed,All Other,Existing use of part of building at ground floor level as residential flat (C3 use class),"Unit G17, Olympic House",12,SOMERFORD GROVE,HACKNEY,N16 7RZ,27/05/2025,27/05/2025,,,1,0,1,1,1,Approved,27/05/2025,,,https://developmentandhousing.hackney.gov.uk//planning/index.html?fa=getApplication&id=81853
2025/0848,Hackney,09/04/2025,Completed,All Other,Existing use of part of building at lower ground floor level as residential flat (C3 use class),"Unit G19, Olympic House",12,SOMERFORD GROVE,HACKNEY,N16 7RZ,04/06/2025,04/06/2025,,,1,0,1,1,1,Approved,04/06/2025,,,https://developmentandhousing.hackney.gov.uk//planning/index.html?fa=getApplication&id=81959
PL/1585/25,Harrow,19/08/2025,Completed,All Other,Certificate of Lawful Development Existing: Retrospective C4 - House in multiple occupation&nbsp;,,39,ABERCORN CRESCENT,,HA2 0PX,14/10/2025,14/10/2025,,,1,0,1,1,1,Approved,14/10/2025,,,https://planningsearch.harrow.gov.uk//planning/index.html?fa=getApplication&id=230991
2025/0864,Hackney,09/04/2025,Completed,All Other,Existing use of part of building at lower ground floor level as residential flat (C3 use class),"Unit G26, Olympic House",12,SOMERFORD GROVE,HACKNEY,N16 7RZ,04/06/2025,04/06/2025,,,1,0,1,1,1,Approved,04/06/2025,,,https://developmentandhousing.hackney.gov.uk//planning/index.html?fa=getApplication&id=81949
260087,Waltham Forest,14/01/2026,Completed,All Other,Lawful Development Certificate (Existing)-Use of the ground floor rear as a self-contained residential unit (Use Class C3).,Ground Floor Rear Flat,168,CHURCH ROAD,,E10 7BH,24/03/2026,24/03/2026,,,1,0,1,1,1,Approved,24/03/2026,,,https://builtenvironment.walthamforest.gov.uk/planning/index.html?fa=getApplication&id=119631
2025/0847,Hackney,09/04/2025,Completed,All Other,Existing use of part of building at lower ground floor level as residential flat (C3 use class),"Unit G18, Olympic House",12,SOMERFORD GROVE,HACKNEY,N16 7RZ,04/06/2025,04/06/2025,,,1,0,1,1,1,Approved,04/06/2025,,,https://developmentandhousing.hackney.gov.uk//planning/index.html?fa=getApplication&id=81958
260059,Waltham Forest,09/01/2026,Completed,All Other,Lawful Development Certificate (Existing)  Use of property as&nbsp;one self-contained residential unit&nbsp;(Use Class C3).,,1b,CHESTNUT AVENUE NORTH,,E17 3NF,05/03/2026,05/03/2026,,,1,0,1,1,1,Approved,05/03/2026,,,https://builtenvironment.walthamforest.gov.uk/planning/index.html?fa=getApplication&id=119595
2025/0856,Hackney,09/04/2025,Completed,All Other,Existing use of part of building at lower ground floor level as residential flat (C3 use class),"Unit G21, Olympic House",12,SOMERFORD GROVE,HACKNEY,N16 7RZ,04/06/2025,04/06/2025,,,1,0,1,1,1,Approved,04/06/2025,,,https://developmentandhousing.hackney.gov.uk//planning/index.html?fa=getApplication&id=81944
250636,Waltham Forest,13/03/2025,Completed,All Other,Lawful Development Certificate (Existing)  Use of property as a House in Multiple Occupation (HMO) for up to six persons (Use Class C4).,,36,PEARCROFT ROAD,,E11 4DR,19/09/2025,19/09/2025,,,1,0,1,1,1,Approved,19/09/2025,,,https://builtenvironment.walthamforest.gov.uk/planning/index.html?fa=getApplication&id=117317
260157,Waltham Forest,21/01/2026,Completed,All Other,Lawful Development Certificate (Existing)  Use of property as a small house in multiple occupation (HMO) (Use Class C4).,,93,BLACKHORSE LANE,,E17 6DS,18/03/2026,18/03/2026,,,1,0,1,1,1,Approved,18/03/2026,,,https://builtenvironment.walthamforest.gov.uk/planning/index.html?fa=getApplication&id=119693
252325,Waltham Forest,07/10/2025,Completed,All Other,Lawful Development Certificate (Existing) - Use of property as a small house in multiple occupation (HMO) (Use Class C4).,,7,HALFORD ROAD,,E10 6DR,02/12/2025,02/12/2025,,,1,0,1,1,1,Approved,02/12/2025,,,https://builtenvironment.walthamforest.gov.uk/planning/index.html?fa=getApplication&id=118924
2025/0867,Hackney,09/04/2025,Completed,All Other,Existing use of part of building at lower ground floor level as residential flat (C3 use class),"Unit G24, Olympic House",12,SOMERFORD GROVE,HACKNEY,N16 7RZ,04/06/2025,04/06/2025,,,1,0,1,1,1,Approved,04/06/2025,,,https://developmentandhousing.hackney.gov.uk//planning/index.html?fa=getApplication&id=81952
2025/0869,Hackney,09/04/2025,Completed,All Other,Existing use of part of building at lower ground floor level as residential flat (C3 use class),"Unit G27, Olympic House",12,SOMERFORD GROVE,HACKNEY,N16 7RZ,04/06/2025,04/06/2025,,,1,0,1,1,1,Approved,04/06/2025,,,https://developmentandhousing.hackney.gov.uk//planning/index.html?fa=getApplication&id=81953
2025/2390,Hackney,30/10/2025,Completed,All Other,"Application for a Lawful Development Certificate to confirm that the property at Unit 11, Benyon Wharf, 295 Kingsland Road, London, E8 4DQ has lawful use as a self-contained residential dwelling (Use Class C3).","Unit 11, Benyon Wharf",295,KINGSLAND ROAD,HACKNEY,E8 4DQ,04/12/2025,04/12/2025,,,1,0,1,1,1,Approved,04/12/2025,,,https://developmentandhousing.hackney.gov.uk//planning/index.html?fa=getApplication&id=83914
250728,Waltham Forest,20/03/2025,Completed,All Other,Lawful Development Certificate (Existing)-Use of property as a small house in multiple occupation (HMO) (Use Class C4).,,80,SEDGWICK ROAD,,E10 6QP,09/03/2026,09/03/2026,,,1,0,1,1,1,Approved,09/03/2026,,,https://builtenvironment.walthamforest.gov.uk/planning/index.html?fa=getApplication&id=117413
2025/0985,Hackney,16/05/2025,Completed,All Other,Certificate of Lawfulness for Existing Use as Residential Dwelling (Use Class C3),"Flat 4, Anchor Mews",,BALLS POND ROAD,HACKNEY,N1 4BP,08/07/2025,08/07/2025,,,1,0,1,1,1,Approved,08/07/2025,,,https://developmentandhousing.hackney.gov.uk//planning/index.html?fa=getApplication&id=82440
PL/2881/24,Harrow,15/11/2024,Completed,All Other,"Certificate of Lawful Development (Proposed): Change of use from Class C3 (Dwelling houses) to C4 (HMOs) for upto 6 persons, internal alterations",,87,PINNER VIEW,,HA1 4RU,25/03/2024,17/12/2025,,,1,1,0,0,0,Approved,10/01/2025,,,https://planningsearch.harrow.gov.uk//planning/index.html?fa=getApplication&id=228700
2025/0796,Hackney,03/04/2025,Completed,All Other,Existing use of part of building at ground floor level as residential flat (C3 use class),"Unit G16, Olympic House",12,SOMERFORD GROVE,HACKNEY,N16 7RZ,27/05/2025,27/05/2025,,,1,0,1,1,1,Approved,27/05/2025,,,https://developmentandhousing.hackney.gov.uk//planning/index.html?fa=getApplication&id=81830
2025/0770,Hackney,01/04/2025,Completed,All Other,Application for a Certificate of Lawful Use (Existing) to confirm lawful use of the property as a self-contained residential dwelling (Use Class C3).,"Flat 10, New Inn Square",8 - 13,NEW INN STREET,HACKNEY,EC2A 3PY,19/05/2025,19/05/2025,,,1,0,1,1,1,Approved,19/05/2025,,,
2025/1377,Hackney,16/06/2025,Completed,All Other,Certificate of Lawfulness for erection of a 6m rear extension and use of the property as a small HMO (Use Class C4).,,121,REDWALD ROAD,HACKNEY,E5 0JQ,12/09/2025,12/09/2025,,,1,0,1,1,1,Approved,12/09/2025,,,https://developmentandhousing.hackney.gov.uk//planning/index.html?fa=getApplication&id=82932
PL/3352/25,Harrow,12/01/2026,Completed,All Other,Certificate of Lawful Existing Development:&nbsp;Change of use of property from Single dwelling (C3) to HMO for up to 6 People (C4) with associated cycle store to rear and bin store to front; Alterations to roof to form end gable and rear dormer; Roof lights in front roof slope; Steps to rear; External alterations&nbsp;,,70,SALISBURY ROAD,,HA1 1NZ,09/03/2026,09/03/2026,,,1,1,0,0,0,Approved,09/03/2026,,,https://planningsearch.harrow.gov.uk//planning/index.html?fa=getApplication&id=232097
2025/0862,Hackney,09/04/2025,Completed,All Other,Existing use of part of building at lower ground floor level as residential flat (C3 use class),"Unit G23, Olympic House",12,SOMERFORD GROVE,HACKNEY,N16 7RZ,04/06/2025,04/06/2025,,,1,0,1,1,1,Approved,04/06/2025,,,https://developmentandhousing.hackney.gov.uk//planning/index.html?fa=getApplication&id=81947
250549,Waltham Forest,05/03/2025,Completed,All Other,Lawful development certificate (Existing) for retention of use as a single dwelling house (Use Class C3).,Ground Floor,83,STATION ROAD,,E4 7BU,23/05/2025,23/05/2025,,,1,0,1,1,1,Approved,23/05/2025,,,https://builtenvironment.walthamforest.gov.uk/planning/index.html?fa=getApplication&id=117273
2025/0801,Hackney,03/04/2025,Completed,All Other,Existing use of part of building at ground floor level as residential flat (C3 use class),"Unit G9, Olympic House",12,SOMERFORD GROVE,HACKNEY,N16 7RZ,27/05/2025,27/05/2025,,,0,1,-1,-1,-1,Approved,27/05/2025,,,https://developmentandhousing.hackney.gov.uk//planning/index.html?fa=getApplication&id=81841
2025/0803,Hackney,03/04/2025,Completed,All Other,Existing use of part of building at ground floor level as residential flat (C3 use class),"Unit G1, Olympic House",12,SOMERFORD GROVE,HACKNEY,N16 7RZ,27/05/2025,27/05/2025,,,0,1,-1,-1,-1,Approved,27/05/2025,,,https://developmentandhousing.hackney.gov.uk//planning/index.html?fa=getApplication&id=81838
PL/0406/24,Harrow,13/02/2024,Completed,All Other,Conversion of dwelling into two flats (2 X 3 bed),,57,HIGH STREET,,HA1 3HT,24/02/2024,15/01/2026,,,3,0,3,3,3,Approved,14/05/2024,,,https://planningsearch.harrow.gov.uk//planning/index.html?fa=getApplication&id=226509
2025/0808,Hackney,03/04/2025,Completed,All Other,Existing use of part of building at ground floor level as residential flat (C3 use class),"Unit G10, Olympic House",12,SOMERFORD GROVE,HACKNEY,N16 7RZ,27/05/2025,27/05/2025,,,1,0,1,1,1,Approved,27/05/2025,,,https://developmentandhousing.hackney.gov.uk//planning/index.html?fa=getApplication&id=81834
250878,Waltham Forest,02/04/2025,Completed,All Other,Lawful Development Certificate (Existing)-Use of property as a&nbsp;residential home for up to 4 residents living together as a single household receiving care (Use Class C3b).,Salisbury Hall Gardens,2,CHINGFORD ROAD,,E4 8SA,27/05/2025,27/05/2025,,,1,0,1,1,1,Approved,27/05/2025,,,https://builtenvironment.walthamforest.gov.uk/planning/index.html?fa=getApplication&id=117525
25/00517/FUL,London Borough of Bexley,08/04/2025,Completed,All Other,Single storey rear extension and first floor rear extension and conversion of dwelling to provide 2 self contained residential units.,,57,Standard Road,,DA6 8DR,11/02/2026,11/02/2026,,,2,1,1,1,1,Approved,04/06/2025,,,
23/03399/PIP,London Borough of Bexley,20/12/2023,Completed,All Other,Permission in Principle for a detached two storey dwelling following the demolition of existing garage.,,16,Inglewood Road,,DA7 6JS,10/01/2025,06/03/2026,,,1,0,1,1,1,Approved,31/01/2024,,,
25/01061/PRIOR,London Borough of Bexley,19/05/2025,Completed,Prior Approval,Notification of Prior Approval for change of use of existing first floor offices (Class E) to 4no self-contained residential units (Class C3).,First Floor,"287, 289",Broadway,,DA6 8DG,09/01/2026,18/02/2026,,,4,0,4,4,4,Approved,07/07/2025,,,
11978/APP/2025/2724,Hillingdon,07/11/2025,Completed,All Other,Conversion of flat into two separate residential units of accommodation. (Application for a Certificate of Lawful Development for an Existing Use).,34B THE BROADWAY,,JOEL STREET,,HA6 1PF,14/01/2026,14/01/2026,,,2,1,1,1,1,Approved,14/01/2026,,,http://planning.hillingdon.gov.uk/OcellaWeb/planningDetails?reference=11978/APP/2025/2724
18/00603/FUL,London Borough of Bexley,29/03/2018,Completed,All Other,Erection of two x 3 bedroomed semi-detached dwellings with associated parking provision and amenity space.,Rear Of 20 Hatherley Road Sidcup Kent DA14 4BG,,,,DA14 4BG,19/01/2021,27/03/2026,,,2,0,2,2,2,Approved,24/05/2018,,,
21/02861/FULL1,Bromley,05/07/2021,Completed,All Other,"Erection of new part 2, part 3 storey terraced maisonettes, and 4 storey apartment building, accommodating 35 new dwellings, with associated substation, hard and soft landscaping, and car parking",Crofton Halls (South),,York Rise,,,,13/03/2026,,,35,0,35,0,35,Approved,22/12/2021,,,
26/00478/CLE,London Borough of Newham,18/03/2026,Completed,All Other,Application for a lawful development certificate (existing) for the use as an HMO (Use Class C4).,,29,Corporation Street,Stratford,E15 3HB,30/03/2026,30/03/2026,,,1,0,1,1,1,Approved,30/03/2026,,,
26/0435/191,London Borough of Barnet,05/02/2026,Completed,All Other,Use as single family dwellinghouse,,42,Hoop Lane,Golders Green,NW11 8BU,26/02/2026,26/02/2026,,,1,0,1,1,1,Approved,26/02/2026,,,
13756/APP/2022/1057,Hillingdon,29/03/2022,Commenced,All Other,Redevelopment of the site from a 6 bed single family dwelling house to 2 x 2 bed dwellings,110 WINDSOR AVENUE,,HILLINGDON,,UB10 9BA,28/03/2024,,,,2,1,1,1,1,Approved,14/07/2022,,,http://planning.hillingdon.gov.uk/OcellaWeb/planningDetails?reference=13756/APP/2022/1057
24/2488/191,London Borough of Barnet,24/06/2024,Completed,All Other,Use as 1no. self-contained flat,,7,Bellevue Mews,New Southgate,N11 3HF,13/02/2026,13/02/2026,,,1,0,1,1,1,Refused,18/07/2024,,,
0310/26,Redbridge,05/02/2026,Completed,All Other,Use of property as three self-contained flats. (summary),,2,CLANDON ROAD,SEVEN KINGS,,04/02/2008,06/03/2026,,,3,0,3,3,3,Approved,06/03/2026,,,
18/01211/FUL,Croydon,,Completed,All Other,"Demolition of the existing building and replacement with a six/seven/eight storey development. Commercial units would be provided on the lower ground (sui generis, A3 and D1/D2) and ground floor (flexible use A1, A2, A3, D1, D2, B1(a)), with 60 flats above with associated public realm improvements and landscaping including courtyard area with, disabled car parking and cycle parking.",5-9,5-9,Surrey Street,Croydon,CR0 1RG,07/05/2020,06/03/2026,,,60,2,58,58,58,Approved,08/11/2019,,,
22/01981/FULL,London Borough of Barking and Dagenham,21/11/2022,Commenced,All Other,Demolition of existing burnt structure and construction of a new two storey 3x bedroom dwelling,,10,STRATFORD CLOSE,,,,,,,1,1,0,0,1,Approved,16/12/2022,,,https://online-befirst.lbbd.gov.uk/planning/index.html?fa=getApplication&id=31295
20978/APP/2023/3002,Hillingdon,16/10/2023,Completed,All Other,Demolition of existing garages and construction of block of 2 storey flats containing 4 x 2-bed and 2 x 1-bed dwellings.,LAND AT,,BLACKMORE WAY,,,29/10/2024,12/11/2025,,,6,0,6,6,6,Approved,10/07/2024,,,http://planning.hillingdon.gov.uk/OcellaWeb/planningDetails?reference=20978/APP/2023/3002
66448/APP/2024/1319,Hillingdon,18/06/2024,Completed,All Other,The sub-division of a single dwellinghouse into two x two-bedroom self-contained flats (Application for a Certificate of Lawful Development for an Existing Development),45 EAST AVENUE,,HAYES,,UB3 2HP,04/12/2025,04/12/2025,,,2,1,1,1,1,Refused,13/08/2024,,,http://planning.hillingdon.gov.uk/OcellaWeb/planningDetails?reference=66448/APP/2024/1319
26/00222/LDCE,London Borough of Lambeth,26/01/2026,Completed,All Other,Application for Certificate of Lawfulness (Existing) with respect to the use of the property as a small HMO (Use Class C4).,,39,Runnymede Crescent,,SW16 5UF,26/02/2026,26/02/2026,,,1,0,1,1,1,Approved,26/02/2026,,,
200534FUL,Ealing,10/02/2020,Completed,All Other,"Construction of a part 16-storey, part 15-storey and part 10-storey residential building to accommodate 278 residential units with additional ancillary communal multi-use space, basement vehicle parking, refuse and cycles stores, landscaping and associated works including alterations to existing car park and access (following demolition of petrol filling station) and installation of sub-station",Land Rear Of Tesco Superstore,,Western Avenue,,UB6 8DW,01/09/2022,12/08/2025,,,278,0,278,278,278,Approved,12/02/2021,,,https://pam.ealing.gov.uk/online-applications/PLAN/200534FUL;
25/2175/191,London Borough of Barnet,23/05/2025,Completed,All Other,Use as single family dwelling,,52,Hampstead Lane,Hampstead,NW3 7JP,09/06/2025,09/06/2025,,,1,0,1,1,1,Approved,09/06/2025,,,
25/04264/CEU,Enfield Council,10/12/2025,Completed,All Other,"Existing use of property as a House in Multiple Occupation (HMO) for up to 6 residents, together with single storey rear extension conservatory and conversion of garage into habitable room.",,33,Wyldfield Gardens,,N9 9NY,03/02/2026,03/02/2026,,,1,0,1,1,1,Approved,03/02/2026,,,<enter PA URL here>
23/00338/FUL,London Borough of Croydon,09/02/2023,Completed,All Other,Change of use of ground floor/basement unit from Class E (retail) to Class C3 (Dwellings). Removal of extractor fan and chimney. Alterations and conversion of building to provide 2 x two bed flats. (Amended Description),,31,Clifford Road,South Norwood,SE25 5JJ,01/04/2023,01/05/2025,,,2,0,2,2,2,Approved,20/04/2023,,,
1331/APP/2019/2314,Hillingdon,09/08/2019,Commenced,All Other,"Development of 4 no. new buildings comprising residential units (in addition to those approved under planning permission ref: 1331/APP/2017/1883), a basement extension to Block B, flexible commercial uses (Class E) and associated landscaping, access, car parking and other engineering works.",FORMER NESTLE FACTORY,,NESTLES AVENUE,,,12/10/2018,,,,1102,0,1102,1102,835,Approved,08/12/2020,,,http://planning.hillingdon.gov.uk/OcellaWeb/planningDetails?reference=1331/APP/2019/2314
25/02273/FUL,London Borough of Bexley,03/11/2025,Completed,All Other,Retrospective use of annex as a self-contained residential unit (Class C3).,,513,Foots Cray Road,,SE9 3UG,29/12/2025,29/12/2025,,,1,0,1,1,1,Approved,29/12/2025,,,
23/03210/PRIOR,London Borough of Bexley,29/11/2023,Completed,Prior Approval,Notification for Prior Approval for the change of use of Commercial (Class E) to 5 x 1 bed residential units (Class C3).,,83,Sidcup High Street,,DA14 6DN,09/10/2024,08/09/2025,,,5,0,5,5,5,Not Required,23/01/2024,,,
E0044.25,Havering,06/10/2025,Completed,All Other,Certificate of lawfulness for existing use of residential flat on ground floor,Annexe 240 Mawney Road,,Romford,,RM7 8DH,09/12/2025,09/12/2025,,,1,0,1,1,1,Not Required,09/12/2025,,,http://development.havering.gov.uk/OcellaWeb/planningDetails?reference=E0044.25
3610/23,Redbridge,06/02/2024,Commenced,All Other,"Demolish detached house, garage, boundary walls and gates. Formation of means of access to a highway. Erection of four semi-detached (4 x 4 bedrooms) dwelling houses with associated hard / soft landscaping works, car parking, electric car charging point, cycle store, waste / refuse storage and amenity space. (Summary).",Development At 2,,Felstead Road,Wanstead,,19/02/2026,,,,4,1,3,-1,-1,Approved,24/05/2024,,,
3206/24,Redbridge,20/11/2024,Commenced,All Other,Change of use from single dwellinghouse to small HMO for up to 6 people. (summary),,19,Gaysham Avenue,Gants Hill,IG2 6TH,03/03/2026,,,,1,1,0,-1,0,Approved,14/01/2025,,,
2021/2281,Hackney,02/08/2021,Completed,Prior Approval,Proposal for the erection of an additional two storeys to the existing four-storey residential building to provide 22 additional self-contained residential units with associated refuse and cycle storage,Montefiore Court,69,STAMFORD HILL,HACKNEY,N16 5TY,04/08/2022,09/04/2025,,,22,0,22,22,22,Approved,27/05/2022,,,/planning/index.html?fa=getApplication&id=71013
24/AP/3823,London Borough of Southwark,15/01/2025,Completed,All Other,Certificate of lawfulness for an existing use as four self-contained flats,,10,Kimberley Avenue,,SE15 3XJ,23/04/2025,23/04/2025,,,4,4,0,0,0,Approved,23/04/2025,,,
2024/2299/P,Camden,06/06/2024,Completed,All Other,Change of use of first to third floors from office (Class E) to residential (Class C3) and reconfiguration of existing residential floorspace to provide 5 residential units (uplift of 4); associated installation of ASHPs at roof level,,42,Store Street,London,WC1E 7DB,14/07/2025,28/09/2025,,,5,1,4,4,4,Approved,12/03/2025,,,https://planningrecords.camden.gov.uk/Northgate/PlanningExplorer/DisplayAppDetails.aspx?AppNo=2024/2299/P
2023/4762/P,Camden,07/11/2023,Completed,All Other,"Change of Use from Office (Class E) to large HMO (Sui Generis), and new windows on front elevation, screening to existing rooftop plant and provision of roof terrace",,20,Wolsey Mews,London,NW5 2DX,31/05/2024,29/05/2025,,,1,0,1,1,1,Approved,19/06/2024,,,https://planningrecords.camden.gov.uk/Northgate/PlanningExplorer/DisplayAppDetails.aspx?AppNo=2023/4762/P
2020/5897/P,Camden,02/02/2021,Completed,All Other,"Enlargement of existing basement, erection of a single storey mansard roof extension, four storey rear extension, and change of use of existing commercial floor space to create 4 flats and a basement level jewellery workshop. (Reconsultation: BIA)",,21,Baldwins Gardens,London,EC1N 7UY,15/08/2024,15/08/2025,,,5,0,5,5,5,Approved,14/08/2024,,,https://planningrecords.camden.gov.uk/Northgate/PlanningExplorer/DisplayAppDetails.aspx?AppNo=2020/5897/P
25/1315/191,London Borough of Barnet,26/03/2025,Completed,All Other,Use as 5no self-contained and 1no. non self-contained dwelling unit,,11,Dishforth Lane,Colindale,NW9 5WG,21/05/2025,21/05/2025,,,5,0,5,5,5,Approved,21/05/2025,,,
24/02012/PRIORM,London Borough of Bexley,25/07/2024,Completed,All Other,Prior approval for the change of use of first and second floor to self contained flats.,,31A,Bellegrove Road,,DA16 3PB,18/10/2024,30/05/2025,,,2,1,1,1,1,Approved,18/09/2024,,,
25/2673/191,London Borough of Barnet,27/06/2025,Completed,All Other,Use as 2no. houses,17 And 17A Crescent WayLondonN12 0RD,,,,,25/07/2025,25/07/2025,,,2,0,2,2,2,Approved,25/07/2025,,,
2025/0483,Wandsworth,14/02/2025,Completed,All Other,"Flat A, 25a Poyntz Road and 25a Poyntz Road have been separate flats for over 5 years. Surveyor inspection of 25a Poyntz Road in 2019.",,25A,Poyntz Road,London,SW11 5BH,13/03/2026,13/03/2026,,,2,0,2,2,2,Approved,13/03/2026,,,http://planning.wandsworth.gov.uk/Northgate/PlanningExplorer/DisplayAppDetails.aspx?AppNo=2025/0483
19/2517/FUL,Barnet,10/05/2019,Commenced,All Other,"Demolition of Cheshire Hall (D1 use class), Cheshire House (C3 use class) and assorted outbuildings and erection of 217no. residential units including 75no. extra care units (C3 use class) across six blocks (A-F) comprising 15no. residential buildings, ranging from 1 to 7 storeys in height, the erection of bin stores and other outbuildings, associated access, parking and landscaping works and alterations to the external appearance of the retained residential blocks (SUBJECT TO LEGAL AGREEMENT)",Cheshire Hall and House,,Fosters Estate,,NW4 2DL,01/10/2024,,,,217,28,189,217,189,Approved,28/01/2021,,,
23/0342/FUL,London Borough of Barnet,02/02/2023,Commenced,All Other,"Alterations to existing 6no. flats and associated facade changes. Construction of an additional floor and mansard roof above existing building to provide additional accommodation at third and fourth (loft) floor levels comprising of 4no. self-contained flats. Construction of a communal stair/lift core at rear. Associated amenity space, cycle storage, refuse store and off-street parking (Amended Plans and Description)",Block 25-28 Buckingham Court Watford Way London NW4 4TD,,,,,01/05/2024,,,,4,0,4,4,4,Approved,03/07/2023,,,
25/1974/191,London Borough of Barnet,12/05/2025,Completed,All Other,Conversion of Flat 1 into 3 self-contained residential units and conversion of Flat 3 into 4 self-contained residential units (3 at first floor and 1 at second floor) and 1 non self-contained residential unit at second floor formed of the remainder of the second floor (formed of 2 rooms-a bedroom with en-suite and a separate kitchen),,19,Woodstock Road,Golders Green,NW11 8ES,23/02/2026,23/02/2026,,,7,0,7,7,7,Approved,23/02/2026,,,
24/1544/RMA,London Borough of Barnet,17/04/2024,Completed,All Other,"Reserved matters application in respect of details relating to landscaping pursuant to condition 2 of planning permission 23/2564/OUT dated 10/02/24 for 'Demolition of commercial storage buildings and erection of 2 storey building with rooms in roof space to accomodate 8no. self contained flats. Associated refuse/recycling, cycle store, landscaping and off-street parking",Land Adjacent To 19-20 Warwick Close Barnet EN4 9SF,,,,,01/05/2024,26/06/2025,,,8,0,8,8,8,Approved,12/06/2024,,,
22/3539/FUL,London Borough of Barnet,12/07/2022,Commenced,All Other,"Development of the site to provide 8 affordable homes (Class C3) in a 3 storey building, together with associated public realm, landscaping and playspace improvements, and car and cycle parking (Subject to Unilateral Undertaking, dated: 21/12/22)",Land At Central Avenue (Adjacent To Willow House) The Grange Estate High Road London N2,,,,,,,,,8,0,8,0,8,Approved,03/01/2023,,,
26/00007/CEU,Enfield Council,02/01/2026,Completed,All Other,Use of premises as 6 self-contained flats.,Winsford Terrace,36,Great Cambridge Road,,N18 1BS,26/02/2026,26/02/2026,,,6,0,6,6,6,Approved,26/02/2026,,,<enter PA URL here>
25/4290/191,London Borough of Barnet,27/10/2025,Completed,All Other,Use as 1no. self-contained flat,First Floor Flat Rear,87,Brent Street,Hendon,NW4 2DY,10/11/2025,10/11/2025,,,1,0,1,1,1,Approved,10/11/2025,,,
23/2923/FUL,London Borough of Barnet,10/07/2023,Commenced,All Other,Internal and external alterations including insertion of windows to side and rear elevations and conversion of first and second floors into 5 self-contained flats (AMENDED PLANS),,118,High Street,,EN5 5XQ,,,,,5,0,5,0,5,Approved,31/10/2024,,,
24/0431/FUL,London Borough of Barnet,12/02/2024,Commenced,All Other,"Conversion of existing residential dwelling into 3 self-contained flats including part single, part two-storey side/rear extension, roof extension to side and rear roof slope; part side roof extension to side outrigger roof slope with rooflights and installation of one roof light to front roof slope. Associated amenity space, refuse and cycle storage",,21,Hampstead Gardens,Golders Green,NW11 7EU,01/01/2025,,,,3,1,2,2,2,Approved,08/01/2025,,,
22/1308/FUL,London Borough of Barnet,11/03/2022,Commenced,All Other,"Redevelopment to provide 9no. self-contained flats and 6no. terraced houses in two blocks of 3 to 4 storeys with associated amenity space, hard and soft landscaping, car and cycle parking",Land Adj To 114 Coppetts Road London N10 1JS,,,,,03/03/2023,,,,15,0,15,15,15,Approved,08/12/2022,,,
P/2026/0112,Hounslow,02/02/2026,Completed,All Other,Certificate of lawfulness for the existing use of the site as three self-contained dwellings,,55,Beavers Lane,Hounslow,,16/03/2026,16/03/2026,,,3,0,3,3,3,Approved,16/03/2026,,,https://planningandbuilding.hounslow.gov.uk/NECSWS/ES/Presentation/Planning/OnlinePlanning/OnlinePlanningOverview?applicationNumber=P/2026/0112
23/4026/FUL,London Borough of Barnet,19/09/2023,Commenced,All Other,"Demolition of the existing building and redevelopment of the site to provide 149 residential units (Use Class C3) comprising three storey houses and flatted blocks up to four storeys. Provision of new pedestrian route and access link, private and communal amenity space, refuse and secure storage, 38 car parking spaces, 276 cycle parking spaces and sub-station",,679,High Road,North Finchley,N12 0DA,13/05/2024,,,,149,0,149,149,27,Approved,23/04/2024,,,
21/6677/FUL,London Borough of Barnet,21/12/2021,Commenced,All Other,"Erection of 6 residential units with private amenity space, associated access, parking and landscaping (amended plans and proposal)",Land Rear Of 36 Park Road Barnet EN5 5SQ,,,,,,,,,9,0,9,0,9,Approved,06/12/2022,,,
25/4732/191,London Borough of Barnet,01/12/2025,Completed,All Other,Use as 5no. self-contained flats,,23,Wilberforce Road,Colindale,NW9 6AT,22/01/2026,22/01/2026,,,5,0,5,5,5,Approved,22/01/2026,,,
0920/21,Redbridge,19/06/2021,Commenced,All Other,"Demolish existing buildings. Erection of a new three storey mixed use building with basement. Commercial units on ground floor. 3x three bedroom, 3x two bedroom, 3x one bedroom flats on upper floors, with associated car parking, landscaping, cycle and refuse storage. (summary)",Development At 408,,Ilford Lane,,IG1 2ND,05/02/2024,,,,13,0,13,13,13,Approved,08/07/2022,,,
1216/23,Redbridge,12/05/2023,Commenced,All Other,First floor rear extension to create 1x1 bedroom studio flat with associated waste/refuse and amenity space (summary),Development At 73 Cranbrook Road And 21,,Rigby Mews,,,06/06/2025,,,,1,0,1,1,1,Approved,14/07/2023,,,
0172/26,Redbridge,20/01/2026,Completed,All Other,Use of ground floor flat as a two bed self contained flat. (summary),,245A,Mortlake Road,,IG1 2TD,17/03/2026,17/03/2026,,,1,0,1,1,1,Approved,17/03/2026,,,
25/01828/LDCE,London Borough of Bexley,08/09/2025,Completed,All Other,"Certificate of Lawfulness (Existing) for the use of an outhouse at 1 Upper Ruxley Cottages, Maidstone Road, Sidcup, DA14 5AP as a self-contained residential dwelling, continuously occupied since 1 December 2019.",Upper Ruxley Cottages,,Maidstone Road,,,02/03/2026,02/03/2026,,,1,0,1,1,1,Approved,02/03/2026,,,
21/6002/FUL,Barnet,14/02/2022,Commenced,All Other,"Demolition of existing building and redevelopment of the site to provide a five storey building comprising of 32no. self-contained residential units with car and cycle parking, refuse storage and associated amenity space, landscaping and access",,"45, 47",Friern Barnet Road,Friern Barnet,N11 3EG,29/02/2024,,,,32,0,32,32,32,Approved,04/05/2023,,,
2025/4663,Wandsworth,19/01/2026,Completed,All Other,"Use of Flat A, located on the second floor of 68 Moyser Road, as a self-contained flat.",Flat First Floor,,Moyser Road,London,SW16 6SQ,16/03/2026,16/03/2026,,,1,0,1,1,1,Approved,16/03/2026,,,http://planning.wandsworth.gov.uk/Northgate/PlanningExplorer/DisplayAppDetails.aspx?AppNo=2025/4663
25/4370/191,London Borough of Barnet,12/11/2025,Completed,All Other,Use as 1no. self-contained flat,,275,Cricklewood Lane,Cricklewood,NW2 2JJ,20/02/2026,20/02/2026,,,1,0,1,1,1,Approved,20/02/2026,,,
20/3511/FUL,London Borough of Barnet,31/07/2020,Completed,All Other,"Demolition of existing buildings and erection of 5 houses. Associated car parking, cycle parking, refuse stores, servicing areas, hard and soft landscaping and associated works [AMENDED PLANS AND DESCRIPTION - REMOVAL OF ONE HOUSE]",,"553, 563",High Road,North Finchley,N12 0BA,,04/08/2025,,,5,0,5,0,5,Approved,13/11/2020,,,
19/6788/FUL,London Borough of Barnet,02/01/2020,Completed,All Other,"Demolition of the existing dwelling and erection of new two storey block with accommodation at roof level to provide 6 no self-contained flats. Associated parking, cycle storage, refuse and recycling and amenity space",,28,Prospect Road,New Barnet,EN5 5AL,,08/09/2025,,,6,1,5,0,5,Refused,21/07/2020,,,
25/5023/191,London Borough of Barnet,16/12/2025,Completed,All Other,Use of the existing dwelling as 3no. self-contained flats,,39,Woodhouse Road,North Finchley,N12 9ET,13/01/2026,13/01/2026,,,3,1,2,2,2,Approved,13/01/2026,,,
19/5493/OUT,London Borough of Barnet,09/10/2019,Commenced,All Other,"Hybrid planning application for the demolition of 630 residential units and existing commercial, retail and community floorspace, and the phased redevelopment of Plots 10-12 of Grahame Park comprising a full planning application for the redevelopment of Plot A and an outline planning application for the redevelopment of Plots B to Q for up to 2,088 residential units and up to 5,950sqm (GEA) of flexible non-residential floorspace. Full planning permission is sought for the demolition of 113 existing homes and the redevelopment of Plot A comprising the erection of 5 buildings between 3 and 11 storeys to provide 209 new homes and 440sqm (GEA) of non-residential floorspace (Use Class A1, A2, A3, B1), landscape, public open space and public realm, associated car parking, cycle spaces and other associated works. Outline planning permission (scale, layout, landscaping and appearance reserved) for the demolition of 517 existing residential units, buildings and structures on Plots B to Q, and the redevelopment of the site in a series of phases to provide up to 1,879 new homes and up to 5,510sqm (GEA) of non-residentialfloorspace within classes A1, A2, A3, A4, B1, D1 and D2 including a community centre and childrens day nursery in buildings ranging in height from 3 storeys to 15 storeys, with associated public open space, hard and soft landscaping, public realm, car parking spaces, and cycle parking spaces, stopping up and diversion of Lanacre Avenue and associated works (SUBJECT TO SECTION 106 LEGAL AGREEMENT)",Grahame Park Estate Colindale London NW9 5XA,,,,NW9 5XA,31/03/2021,,,,2088,630,1458,1458,-231,Approved,31/07/2020,,,
25/4712/191,London Borough of Barnet,25/11/2025,Completed,All Other,Use as 7no. self-contained flats,,45,Hendale Avenue,Hendon,NW4 4LP,23/01/2026,23/01/2026,,,7,0,7,7,7,Approved,23/01/2026,,,
4590/21,Redbridge,17/11/2021,Completed,All Other,"Erection of new two-bedroom house with associated amenity space, parking, cycle and refuse storage. (summary)",Development At 9,,Diamond Close,Dagenham,RM8 1UG,28/06/2023,07/10/2025,,,1,0,1,1,1,Approved,21/01/2022,,,
3051/22,Redbridge,14/09/2022,Completed,All Other,"Demolish existing dwelling. Erection of 5-bedroom house with basement. Installation of car lift for underground parking space. Associated landscaping, amenity space, cycle and refuse storage. Removal and replacement of 4 trees. (Summary).",Development At 22,,Grove Park,Wanstead,,14/11/2023,28/11/2025,,,1,1,0,0,0,Approved,10/11/2022,,,
E0044.24,Havering,05/09/2024,Completed,All Other,Lawful Development of Existing Use of dwelling as HMO (C4),229 Dagnam Park Drive,,Romford,,RM3 9RT,18/12/2025,18/12/2025,,,0,1,-1,-1,-1,Not Required,18/12/2025,,,http://development.havering.gov.uk/OcellaWeb/planningDetails?reference=E0044.24
0530/23,Redbridge,23/02/2023,Commenced,All Other,"Demolish porch, detached garage and shed. Hip to gable roof alterations to host dwelling. Erection of a single dwelling (4 x bedrooms) house with associated hard/soft landscaping works, boundary fence, cycle/waste/refuse storage and patio/amenity space. (Summary).",Development At 2 Stokes Cottages,,Tomswood Hill,,,17/04/2025,,,,1,0,1,0,1,Approved,19/04/2023,,,
20/0512/FUL,London Borough of Barnet,05/02/2020,Commenced,All Other,"Demolition of existing meeting hall and erection of a 2-storey building to provide 4no. self-contained flats. Associated amenity space, cycle stores, refuse and recycling storage. Provision of 4no. car parking spaces",Former Meeting Hall,2,Blenheim Road,,EN5 4NF,,,,,4,0,4,0,4,Approved,14/05/2021,,,
195428REM,Ealing,20/12/2019,Commenced,All Other,"Reserved matters application for Phases 8.1 and 8.2 of the Remaining Acton Gardens Masterplan pursuant to conditions 7 (Reserved Matters) and 8 (Reserved Matters Details) of the Hybrid Outline Planning Permission Ref: 182579OUT (dated 24/12/2018) for the continued regeneration of the South Acton Estate. Application seeks approval for Means of Access, Appearance, Landscaping, Layout and Scale in relation to the construction of buildings varying in height from 7.7m AGL - 32m AGL (2-10 storeys) comprising 336 new residential units; with associated private and semi-private amenity space; refuse/recycling and bicycle storage; plant rooms; car parking; tree removal and public realm improvements; and the demolition of Barwick House, Carisbrooke Court, Ludlow Court, maisonettes along Brouncker Road, and the South Acton Working Men's Club. Application is accompanied by an Environmental Statement of Compliance",Acton Gardens,,Strafford Road,London,W3 8TQ,01/05/2020,,,,336,217,119,-42,-119,Approved,17/06/2020,,,https://pam.ealing.gov.uk/online-applications/PLAN/195428REM;
25/04400/CEU,Enfield Council,19/01/2026,Completed,All Other,Use of premises as 2 self-contained flats.,,15,Holly Road,,EN3 6QA,27/02/2026,27/02/2026,,,2,0,2,2,2,Approved,27/02/2026,,,<enter PA URL here>
2979/22,Redbridge,03/09/2022,Completed,All Other,"Variation of Conditions 2, 38, 47 and 49 of approved planning permission 0680/21: increase in affordable homes to 185. Ground floor alterations to Blocks B and C to enhance residential facilities, including internal reconfigurations and relocation of non-residential uses (grow room and sustainable transport hub) to Block E. Partial extension to Blocks B and C to improve building proportions, increasing building heights with the addition of two new homes. Minor widening of Block D to facilitate larger units and improved building efficiency. Apartment layouts adjusted to meet requirements of market sale and affordable housing. Minor alterations to elevations including amendments to balcony door arrangements. (Summary).",Starling Heights,5,Teal Road,Goodmayes,IG3 8FR,21/02/2023,01/05/2025,,,181,0,181,181,181,Approved,21/02/2023,,,
0718/24,Redbridge,23/03/2024,Completed,All Other,"Demolish existing storage building. Erection of single dwelling (1x2 bedroom) with associated waste/refuse, cycle store, landscaping and amenity space (summary)",Land On The West Of 25,,Elmhurst Drive,South Woodford,,12/09/2024,22/05/2025,,,1,0,1,1,1,Approved,12/07/2024,,,
2667/23,Redbridge,26/09/2023,Completed,All Other,Change of use of first floor from office to a flat. (Summary),Central Parade,,Ley Street,,IG2 7DE,17/04/2025,12/02/2026,,,1,0,1,1,1,Approved,21/11/2023,,,
25/AP/3540,London Borough of Southwark,05/01/2026,Completed,All Other,"Certificate of lawfulness (proposed) for change of use of 2x two-bedroom HMOs (use class C4) (known as flats 12 and 13, located on the ground and lower ground floors) to 2x self-contained two-bedroom flats (use class C3).",Masons Arms 109 East StreetLondonSouthwarkSE17 2SB,,,,,09/02/2026,09/02/2026,,,2,2,0,0,0,Approved,09/02/2026,,,
1013/22,Redbridge,30/03/2022,Completed,All Other,Upward extension of an additional storey on detached block of flats to provide 3 new flats (3 x 2 bedrooms). (Summary).,Development At Greenway Court 1,,Valentines Road,,IG1 4RU,01/04/2023,26/09/2025,,,3,0,3,3,3,Approved,24/05/2022,,,
25/03512/CEU,Enfield Council,06/11/2025,Completed,All Other,Use of premises as 2no. self-contained flats.,,99,North Circular Road,,N13 5EH,02/03/2026,02/03/2026,,,2,0,2,2,2,Approved,02/03/2026,,,<enter PA URL here>
2517/22,Redbridge,18/10/2022,Commenced,All Other,"Erection of a single dwelling house (one x 2-bedroom) with associated car parking, cycle store, waste/refuse storage, amenity space, fencing and works to trees. (Summary).",Development Rear Of 8 Latchett Road In,,Diana Close,South Woodford,,,,,,1,0,1,0,1,Approved,21/12/2022,,,
3146/22,Redbridge,28/09/2022,Completed,All Other,Single storey rear extension and the subdivision of the existing flat into 2 self contained dwellings.,Development At 10,,Kildowan Road,Goodmayes,,20/10/2024,19/05/2025,,,2,1,1,1,1,Approved,22/11/2022,,,
0574/22,Redbridge,03/03/2022,Completed,All Other,"Mansard roof extension to create 1x one bedroom self contained flat, with associated amenity space, parking, cycle and refuse storage. (summary)",Development Site At 7 And 7a Central Parade,,Ley Street,,,17/04/2025,17/02/2026,,,1,0,1,1,1,Approved,20/05/2022,,,
3761/21,Redbridge,25/09/2021,Completed,All Other,"Third floor extension to contain four self-contained flats (1 x 1 and 3 x 2 bedrooms) with associated balconies / amenity space, cycle storage, waste / refuse storage. Internal alterations. Alterations to fenestrations. (Summary).",Development Site At Block 1 To 21,,Mapperley Close,Wanstead,,04/11/2024,18/12/2025,,,4,0,4,4,4,Approved,14/12/2021,,,
2396/22,Redbridge,20/07/2022,Completed,All Other,"Demolish existing house. Erection of 2x3-bedroom residential dwellings with associated waste/refuse, cycle store, car parking and amenity space (summary)",Development At 29,,West Grove,,,01/04/2024,20/01/2026,,,2,1,1,1,1,Approved,15/09/2022,,,
P/2026/0092,Hounslow,21/01/2026,Completed,All Other,Certificate of lawfulness for the existing use of the basement floor as flat 1 and the ground floor as flat 6,,4A,Chiswick High Road,London,,06/03/2026,06/03/2026,,,2,0,2,2,2,Approved,06/03/2026,,,https://planningandbuilding.hounslow.gov.uk/NECSWS/ES/Presentation/Planning/OnlinePlanning/OnlinePlanningOverview?applicationNumber=P/2026/0092
25/02845/CLOPUD,Westminster,25/04/2025,Completed,All Other,"Confirmation that that it would be lawful to continue to build out planning permission dated 09 October 2018 (RN 18/03392/FULL) for 'Amalgamation of 4 flats into a single-family dwellinghouse, demolition of existing two storey infill rear extension and erection of replacement two storey rear extension at lower ground and ground floor levels, alterations to existing half width rear extension, alterations to windows and doors and associated internal alterations to all floor levels.",,55,Blomfield Road,,W9 2PD,13/06/2025,13/06/2025,,,1,4,-3,-3,-3,Approved,13/06/2025,,,
0246/26,Redbridge,03/02/2026,Completed,All Other,Use of property as residential dwelling. (summary),,316,Cranbrook Road,,IG2 6EP,01/12/1985,24/03/2026,,,1,0,1,1,1,Approved,24/03/2026,,,
25/4546/191,London Borough of Barnet,05/12/2025,Completed,All Other,Use as 2no. self-contained flats,,144,Mays Lane,Underhill,EN5 2LS,06/03/2026,06/03/2026,,,2,0,2,2,2,Approved,06/03/2026,,,
26/00129/CEU,Enfield Council,14/01/2026,Completed,All Other,Use of single family dwelling as House in Multiple Occupation.,,19,Palmerston Crescent,,N13 4UE,09/03/2026,09/03/2026,,,0,1,-1,-1,-1,Approved,09/03/2026,,,<enter PA URL here>
25/04536/CLEUD,Westminster,08/07/2025,Completed,All Other,Confirmation that the planning permission dated 27 April 2022 (RN: 22/00974/FULL) for Amalgamation of flats 7 and 7A at second floor level into a three bedroom unit (Use Class C3) was lawfully implemented by the carrying out of material operations prior to the expiry of the permission and that the continued development of the site in accordance with the planning permission is lawful.,Douglas House,"6, 7",Maida Avenue,,W2 1TG,02/10/2025,02/10/2025,,,1,2,-1,-1,-1,Approved,02/10/2025,,,
P/2025/2914,Hounslow,13/10/2025,Completed,All Other,"Certificate of lawfulness for the existing use of a self contained studio flat at Flat 5, 89 Princes Avenue, W3 8LY.",,89,Princes Avenue,London,,08/01/2026,08/01/2026,,,1,0,1,1,1,Approved,08/01/2026,,,https://planningandbuilding.hounslow.gov.uk/NECSWS/ES/Presentation/Planning/OnlinePlanning/OnlinePlanningOverview?applicationNumber=P/2025/2914
P/2025/2911,Hounslow,13/10/2025,Completed,All Other,"Certificate of lawfulness for the existing use of a self contained studio flat at Flat 2, 89 Princes Avenue, W3 8LY.",,89,Princes Avenue,London,,08/01/2026,08/01/2026,,,1,0,1,1,1,Approved,08/01/2026,,,https://planningandbuilding.hounslow.gov.uk/NECSWS/ES/Presentation/Planning/OnlinePlanning/OnlinePlanningOverview?applicationNumber=P/2025/2911
P/2025/2913,Hounslow,13/10/2025,Completed,All Other,"Certificate of lawfulness for the existing use of a self contained studio flat at Flat 4, 89 Princes Avenue, W3 8LY.",,89,Princes Avenue,London,,08/01/2026,08/01/2026,,,1,0,1,1,1,Approved,08/01/2026,,,https://planningandbuilding.hounslow.gov.uk/NECSWS/ES/Presentation/Planning/OnlinePlanning/OnlinePlanningOverview?applicationNumber=P/2025/2913
P/2026/0300,Hounslow,02/02/2026,Completed,All Other,Certificate of Lawfulness existing for the continued use as two self-contained flats.,,54,Penbury Road,Southall,,30/03/2026,30/03/2026,,,2,0,2,2,2,Approved,30/03/2026,,,https://planningandbuilding.hounslow.gov.uk/NECSWS/ES/Presentation/Planning/OnlinePlanning/OnlinePlanningOverview?applicationNumber=P/2026/0300
2023/2988/P,Camden,18/07/2023,Completed,All Other,"Change of use from ground floor commercial, business and service (Class E) to residential (Class C3) to provide 2 x dwelling houses (ground floor flat and a masionette) Use Class E to two residential dwellings",62-64 Churchway,,,London,NW1 1LT,02/01/2025,14/07/2025,,,2,0,2,2,2,Approved,01/09/2023,,,
22/4628/FUL,Barnet,14/09/2022,Commenced,All Other,"Demolition of the existing dwelling and the erection of a replacement two storey dwelling with rooms in the roof space, together with associated car parking, cycle storage and refuse and recycling facilities. Installation of air source heat pump to rear garden. (Amended description and plans)",,20,Harmsworth Way,Whetstone,N20 8JU,09/02/2023,,,,1,1,0,0,0,Approved,06/12/2022,,,
24/0308/FUL,London Borough of Barnet,29/01/2024,Commenced,All Other,First and second floor rear extension. Conversion of first and second floor levels into two self-contained flats. Provision of refuse and cycle storage,,57,Ballards Lane,Finchley,N3 1XQ,,,,,2,0,2,0,2,Approved,09/12/2024,,,
2240/19,Redbridge,31/05/2019,Commenced,All Other,"First and second floor rear extension with mansard roof containing 3 x residential flats. Change of use of existing three flats with first, second and third floor rear extension to create new hotel (C1). (Summary)",Development At 9a To 9c Heron Mews And 58 To 60,Development Site At 9a To 9c Heron Mews And 58 To 60,Cranbrook Road,Ilford,,05/10/2021,,,,3,3,0,0,0,Approved,19/12/2019,,,
222053FUL,Ealing,30/05/2022,Completed,All Other,"Conversion of building into three self-contained residential units; single storey rear extension; alterations from hip to gable end; rear roof extension to main roofslope; installation of two rooflights to front roofslope; associated internal and external alterations including changes to front, side and rear elevations fenestration (following demolition of external staircase and demolition of existing garages at rear of no. 259 Acton Lane); and provision of refuse and cycle storage (revised description)",259 Acton Lane,,Acton Lane,London,W4 5DG,01/08/2023,12/05/2025,,,3,0,3,3,3,Approved,08/12/2022,,,https://pam.ealing.gov.uk/online-applications/PLAN/222053FUL;
25/3992/191,London Borough of Barnet,02/10/2025,Completed,All Other,"Use of property as 4 bed, 6 person HMO (House in Multiple Occupancy) use class C4",,749,Finchley Road,,NW11 8DL,27/11/2025,27/11/2025,,,1,0,1,1,1,Approved,27/11/2025,,,
0421/26,Redbridge,14/02/2026,Completed,All Other,Use of property as 2x self contained flats. (summary),,29,Montpelier Gardens,,,03/03/2009,26/03/2026,,,2,0,2,2,2,Approved,26/03/2026,,,
23/4961/FUL,London Borough of Barnet,12/12/2023,Commenced,All Other,Conversion of the existing dwelling into 2no. self-contained flats,,18,Gruneisen Road,Finchley,N3 1LU,,,,,2,1,1,0,1,Approved,06/02/2024,,,
22/2698/FUL,Barnet,20/05/2022,Commenced,All Other,"Demolition of the existing semi-detached dwelling with retention of existing front facade. Construction of a part single, part two storey single family dwellinghouse with rooms in the roofspace",,24,Harman Drive,Cricklewood,NW2 2ED,15/05/2023,,,,1,1,0,0,0,Approved,09/09/2022,,,
21/6244/FUL,London Borough of Barnet,29/11/2021,Commenced,All Other,"Demolition of the existing dwelling and erection of a new two storey dwelling with rooms in the roofspace. Associated landscaping, refuse and recycling, cycle storage and amenity space",,58,Cranbourne Gardens,Golders Green,NW11 0JD,23/06/2022,,,,1,1,0,0,0,Approved,24/01/2022,,,
1843/21,Redbridge,30/04/2021,Completed,All Other,"Erection of a part 13, part, 18 and part 25 storey building comprising residential development with associated residential parking and amenity space, landscape works and all necessary ancillary and enabling works. (summary)",Development At Car Park North Of Roding Court,,Mill Road,,IG1 2FH,22/04/2022,27/03/2026,,,243,0,243,243,243,Approved,14/02/2022,,,
P/2026/0263,Hounslow,04/02/2026,Completed,All Other,Certificate of lawfulness for the existing use as two self contained flats,,22,Travellers Way,Hounslow,TW4 7QA,31/03/2026,31/03/2026,,,2,0,2,2,2,Approved,31/03/2026,,,https://planningandbuilding.hounslow.gov.uk/NECSWS/ES/Presentation/Planning/OnlinePlanning/OnlinePlanningOverview?applicationNumber=P/2026/0263
P/2025/2912,Hounslow,13/10/2025,Completed,All Other,"Certificate of lawfulness for the existing use of a self contained studio flat at Flat 3, 89 Princes Avenue, W3 8LY.",,89,Princes Avenue,London,,08/01/2026,08/01/2026,,,1,0,1,1,1,Approved,08/01/2026,,,https://planningandbuilding.hounslow.gov.uk/NECSWS/ES/Presentation/Planning/OnlinePlanning/OnlinePlanningOverview?applicationNumber=P/2025/2912
2021/1242/P,Camden,14/05/2021,Completed,All Other,Change of use of part of ground floor of No. 80 Fortune Green Road from retail (Class E) to residential (Class C3) to create additional habitable floorspace for No. 16 Rose Joan Mews and ancillary residential space for upper floor flats at No. 80 Fortune Green Road. Alterations to front fenestration of No. 16 Rose Joan Mews at ground and 1st floor levels and central courtyard fenestrations at ground floor level. *Only expanding flat at rear not adding a new flat*,,16,Rose Joan Mews,London,NW6 1DQ,12/07/2024,01/05/2025,,,1,0,1,1,1,Approved,13/07/2021,,,https://planningrecords.camden.gov.uk/Northgate/PlanningExplorer/DisplayAppDetails.aspx?AppNo=2021/1242/P
2016/1372/P,Camden,,Completed,All Other,Replacement of existing building with a four storey (plus basement) mixed use building comprising retail (A1 Use Class) at ground and basement level and office space (B1 Use Class) and Dental Practice (D1 Use Class at first floor level) with 8 residential units (5x2bed and 3x3bed) on upper floors.,152-156,152-156,Kentish Town Road,,NW1 9QB,24/11/2020,01/09/2025,,,8,0,8,8,8,Approved,21/11/2016,,,
22/00710/FUL,Bexley,13/06/2022,Completed,All Other,"Demolition of existing building and erection of a part four/part five storey building comprising commercial/retail space (Class E) on the ground floor, offices (Class E) on the first floor and 7 x two bed and 2 x one bed apartments above with associated parking, bin store and cycle storage.",,"104, 106",Welling High Street,,DA16 1TJ,01/12/2024,31/03/2026,,,9,0,9,9,9,Approved,09/09/2022,,,
P/2025/2910,Hounslow,13/10/2025,Commenced,All Other,"Certificate of lawfulness for the existing use of a self contained studio flat at Flat 1, 89 Princes Avenue, W3 8LY.",,89,Princes Avenue,London,,08/01/2026,,,,1,1,0,1,1,Approved,08/01/2026,,,https://planningandbuilding.hounslow.gov.uk/NECSWS/ES/Presentation/Planning/OnlinePlanning/OnlinePlanningOverview?applicationNumber=P/2025/2910
2021/00697/FUL,London Borough of Hammersmith and Fulham,06/04/2022,Completed,All Other,"Erection of an additional floor at roof level, in connection with the extension of existing 5 bedroom maisonette at upper floor levels (amended development description)",,27,Richmond Way,,W14 0AS,19/02/2024,22/07/2025,,,1,0,1,1,1,Approved,01/06/2022,,,
25/3758/CE,Greenwich,10/11/2025,Completed,All Other,Certificate of Lawfulness (Existing) is sought for use of building as a self-contained single dwelling house (Use Class C3).,"93 PALMERSTON CRESCENT, LONDON, SE18 2TT",,,,,14/01/2026,14/01/2026,,,1,0,1,1,1,Approved,14/01/2026,,,https://planning.royalgreenwich.gov.uk/online-applications/applicationDetails.do?activeTab=summary&keyVal=_GRNW_DCAPR_126625&activeTab=summary
26/0316/CE,Greenwich,02/02/2026,Completed,All Other,"Certificate of Lawful Development (Existing) is sought for the continued use of the property for occupation by 5 households comprising 6 persons, House in Multiple Occupation (HMO) (Use Class C4).","3 KASHGAR ROAD, PLUMSTEAD, LONDON, SE18 1HW",,,,,27/03/2026,27/03/2026,,,1,0,1,1,1,Approved,27/03/2026,,,https://planning.royalgreenwich.gov.uk/online-applications/applicationDetails.do?activeTab=summary&keyVal=_GRNW_DCAPR_127510&activeTab=summary
23/1190/F,Greenwich,05/05/2023,Commenced,All Other,"Demolition of conservatory, construction of two-storey rear extension, 2no. ground floor rear/side extensions, conversion into 5 x residential units (3 x 1-bed, 2 x 2-bed), two rear dormer windows, installation of 3 rooflights to front roof slope, installation of one rooflight to rear roof slope, removal of two chimney stacks with associated enlargement of cycle store, landscaping and other associated works.","425 FOOTSCRAY ROAD, ELTHAM, LONDON, SE9 3UL",,,,,15/04/2024,,,,5,1,4,5,5,Approved,09/11/2023,,,https://planning.royalgreenwich.gov.uk/online-applications/applicationDetails.do?activeTab=summary&keyVal=_GRNW_DCAPR_115646&activeTab=summary
25/1145/CE,Greenwich,15/04/2025,Completed,All Other,Certificate of Lawfulness (Existing) is sought for Use of existing house as a children's home (Class C2).,"43 WAVERLEY ROAD, PLUMSTEAD, LONDON, SE18 7TL",,,,,13/06/2025,13/06/2025,,,0,1,-1,-1,-1,Approved,13/06/2025,,,https://planning.royalgreenwich.gov.uk/online-applications/applicationDetails.do?activeTab=summary&keyVal=_GRNW_DCAPR_124007&activeTab=summary
25/3770/CE,Greenwich,10/11/2025,Completed,All Other,Certificate of Lawfulness (Existing) is sought for the use of ground and first floors of the property as an HMO (Use Class C4) since the 21st of September 2018. The Article 4 direction which would prevent this form of Permitted Development was not implemented until the 27th of September 2018.,"40 CRESCENT ROAD, WOOLWICH, LONDON, SE18 7BN",,,,,04/03/2026,04/03/2026,,,1,0,1,1,1,Approved,04/03/2026,,,https://planning.royalgreenwich.gov.uk/online-applications/applicationDetails.do?activeTab=summary&keyVal=_GRNW_DCAPR_126637&activeTab=summary
25/0777/CE,Greenwich,10/03/2025,Completed,All Other,"Certificate of Lawfulness (Existing) is sought for a House in Multiple Occupation (HMO) Use Class 4 under Part 2 of the Housing Act 2004 where the use began before the Article 4 of the Town and Country Planning (General Development) Order 2015 applied to the property. This use is as a property with 5 lettable rooms as shown on the plans attached to this application and shared use of kitchen and 2 bathrooms and common areas (not as 5 self contained units as there are shared parts). The use began on or around November 2015 on change of use from a dwelling house (Use Class C3) when the property was converted and refurbished by myself as owner and has continuously been used for the same use since then in accordance with the HMO Licence originally granted 12th September 2018 by London Borough of Greenwich for use by a maximum of 6 persons in 5 rooms. Full Details and evidence of this change of use and the use since then is provided along with supporting evidential documents including Leases, HMO Licences and other supporting documents in the Legal Sworn Affidavit dated 26.02.2025 attached to this application.","42 RIPPOLSON ROAD, PLUMSTEAD, LONDON, SE18 1NS",,,,,01/05/2025,01/05/2025,,,1,1,0,0,0,Approved,01/05/2025,,,https://planning.royalgreenwich.gov.uk/online-applications/applicationDetails.do?activeTab=summary&keyVal=_GRNW_DCAPR_123639&activeTab=summary
25/3734/CE,Greenwich,06/11/2025,Completed,All Other,Certificate of Lawfulness (Existing) is sought for use of the basement as a self contained dwelling within Use Class C3.,"40 CRESCENT ROAD, WOOLWICH, LONDON, SE18 7BN",,,,,04/03/2026,04/03/2026,,,1,0,1,1,1,Approved,04/03/2026,,,https://planning.royalgreenwich.gov.uk/online-applications/applicationDetails.do?activeTab=summary&keyVal=_GRNW_DCAPR_126601&activeTab=summary
25/4296/CE,Greenwich,06/01/2026,Completed,All Other,"Certificate of Lawfulness (Existing) is sought for confirmation as lawful the existing mansard roof on the second floor of Lord Derby House, 2B Griffin House, London, SE18 7QF providing 1 self-contained dwelling (Flat 5).","LORD DERBY HOUSE, 2B GRIFFIN ROAD, LONDON, SE18 7QF",,,,,02/03/2026,02/03/2026,,,1,0,1,1,1,Approved,02/03/2026,,,https://planning.royalgreenwich.gov.uk/online-applications/applicationDetails.do?activeTab=summary&keyVal=_GRNW_DCAPR_127163&activeTab=summary
25/1810/CE,Greenwich,05/06/2025,Completed,All Other,"Certificate of Lawfulness (Existing) is sought that works have commenced prior to the expiry date of the granted planning permission: 22/0271/F - 'Demolition of existing one bedroom bungalow and creation of a new two storey building (with habitable loft space) comprising 2no new 3 bedroom dwellinghouses (Use Class C3) and associated external works and alterations.' Granted 21st March 2022. We seek to demonstrate that material operations (in this case excavation work ready to lay foundations, as defined in Section 56 of the Town and Country Planning Act 1990) were carried out before the time limit on a planning permission expired, and thereby lawfully implementing the permission.","1A BENDMORE AVENUE, ABBEY WOOD, LONDON, SE2 0EY",,,,,29/07/2025,29/07/2025,,,2,1,1,1,1,Approved,29/07/2025,,,https://planning.royalgreenwich.gov.uk/online-applications/applicationDetails.do?activeTab=summary&keyVal=_GRNW_DCAPR_124674&activeTab=summary
25/0991/CE,Greenwich,26/03/2025,Commenced,All Other,"Certificate of Lawfulness (Existing) is sought for flats: flat 1, flat 2, and studio flat 3, which have been in residential use as three self-contained flats since 2009.","25 WOODLAND GROVE, GREENWICH, LONDON, SE10 9UL",,,,,21/05/2025,,,,3,1,2,3,3,Approved,21/05/2025,,,https://planning.royalgreenwich.gov.uk/online-applications/applicationDetails.do?activeTab=summary&keyVal=_GRNW_DCAPR_123853&activeTab=summary
25/3539/CE,Greenwich,03/11/2025,Completed,All Other,Certificate of Lawfulness (Existing) is sought for Lawful Development Certificate (Existing Use) which has been in continuous use as a 6-bedroom House in Multiple Occupation (HMO) since 25 October 2015.,"17 WOODHURST ROAD, ABBEY WOOD, LONDON, SE2 0HF",,,,,23/12/2025,23/12/2025,,,1,0,1,1,1,Approved,23/12/2025,,,https://planning.royalgreenwich.gov.uk/online-applications/applicationDetails.do?activeTab=summary&keyVal=_GRNW_DCAPR_126405&activeTab=summary
23/2108/F,Greenwich,27/06/2023,Commenced,All Other,Change of use from small HMO (C4) to large HMO (Sui Generis) by way of conversion of storage room to one additional HMO room,"37 CHARLTON DENE, CHARLTON, LONDON, SE7 7BU",,,,,05/11/2024,,,,0,1,-1,-1,-1,Approved,01/09/2023,,,https://planning.royalgreenwich.gov.uk/online-applications/applicationDetails.do?activeTab=summary&keyVal=_GRNW_DCAPR_116566&activeTab=summary
25/3402/CE,Greenwich,21/10/2025,Completed,All Other,"Certificate of Lawfulness (Existing) is sought for residential dwelling house use class C3, loft conversion with rear dormer.","62 DONALDSON ROAD, PLUMSTEAD, LONDON, SE18 3JY",,,,,16/12/2025,16/12/2025,,,1,0,1,1,1,Approved,16/12/2025,,,https://planning.royalgreenwich.gov.uk/online-applications/applicationDetails.do?activeTab=summary&keyVal=_GRNW_DCAPR_126268&activeTab=summary
25/2086/CE,Greenwich,08/09/2025,Completed,All Other,Application for a Certificate of Lawfulness (Existing Use) for the continued use of the property as a small House in Multiple Occupation (Use Class C4).,"67 WEIGALL ROAD, LONDON, SE12 8HG",,,,,23/01/2026,23/01/2026,,,1,0,1,1,1,Approved,23/01/2026,,,https://planning.royalgreenwich.gov.uk/online-applications/applicationDetails.do?activeTab=summary&keyVal=_GRNW_DCAPR_124950&activeTab=summary
25/07578/CLEUD,Westminster,20/10/2025,Completed,All Other,Use of 46 Chester Square and 46 Ebury Mews together as a single dwelling (Use Class C3).,,46,Chester Square,,SW1W 9EA,05/11/2025,05/11/2025,,,1,0,1,1,1,Approved,05/11/2025,,,
24/2184/F,Greenwich,08/07/2024,Commenced,All Other,"Change of use of part of the existing ground floor from Class E to provide a new self contained flat, including the removal of the existing single-storey infill to create a private garden, the removal of the shutter and door to be replaced with a window, the modification of the existing window opening by lowering the sill for a new entrance door, the replacement of the existing rear door with a window matching the existing design and associated alterations involving the provision of cycle parking, refuse storage, and outdoor amenity space.","LORD DERBY HOUSE, 2B GRIFFIN ROAD, PLUMSTEAD",,,,,01/11/2024,,,,1,0,1,1,1,Approved,03/09/2024,,,https://planning.royalgreenwich.gov.uk/online-applications/applicationDetails.do?activeTab=summary&keyVal=_GRNW_DCAPR_120766&activeTab=summary
25/3947/CE,Greenwich,24/11/2025,Completed,All Other,"Certificate of Lawfulness (Existing) is sought for use of Flat 2, 2A Tyler Street, Greenwich, London SE10 9FB as a House in Multiple Occupation (HMO) within Use Class C4 since 2016.","FLAT 2, 2A TYLER STREET, GREENWICH, LONDON, SE10 9FB",,,,,21/01/2026,21/01/2026,,,1,1,0,0,0,Approved,21/01/2026,,,https://planning.royalgreenwich.gov.uk/online-applications/applicationDetails.do?activeTab=summary&keyVal=_GRNW_DCAPR_126814&activeTab=summary
26/00291/CEU,Enfield Council,26/01/2026,Completed,All Other,Use of premises as 2 self-contained flats.,,246,Town Road,,N9 0EX,20/03/2026,20/03/2026,,,2,0,2,2,2,Approved,20/03/2026,,,<enter PA URL here>
19/1807/F,Greenwich,19/06/2019,Commenced,All Other,"Demolition of an existing 2-storey dwelling and erection of a contemporary 3-storey residential development of 4no. self-contained flats with associated car & cycle parking, waste storage, amenity and landscaping.","1 Corelli Road, Kidbrooke, London, SE3 8EL",1,,,,09/08/2022,,,,4,1,3,3,3,Approved,20/08/2019,,,https://planning.royalgreenwich.gov.uk/online-applications/applicationDetails.do?activeTab=summary&keyVal=_GRNW_DCAPR_98912&activeTab=summary
26/0622/191,London Borough of Barnet,20/02/2026,Completed,All Other,Conversion of the existing dwelling into 3no. self-contained flats including rear extension and roof extension involving rear dormer window and 1no. side and 2no. front facing rooflights,,18,Nicoll Place,Hendon,NW4 3PD,20/03/2026,20/03/2026,,,3,1,2,2,2,Approved,20/03/2026,,,
22/0642/F,Greenwich,06/04/2022,Completed,All Other,"Demolition of existing buildings, construction of a building to provide residential accommodation together with the provision of a flexible community unit on the ground floor, associated public realm, electrical substation, refuse, access, landscaping and other associated works. Further detailed explanation of the proposal (not forming part of the formal description of development set out above):Redevelopment of the site to include the demolition of existing buildings, erection of a 3-storey building comprising 14 residential dwellings (100% London Affordable Rent) (Use Class C3), 221sqm of flexible community space on the ground floor (Use Class E(f)/ F2(b)) together with associated public realm, electrical substation, refuse, access, landscaping and other associated works.","OAK HOUSE AND BARNFIELD HALL, 71 BARNFIELD ROAD, PLUMSTEAD, LONDON, SE18 3UH",,,,,13/11/2023,29/05/2025,,,14,0,14,14,14,Approved,15/08/2022,,,https://planning.royalgreenwich.gov.uk/online-applications/applicationDetails.do?activeTab=summary&keyVal=_GRNW_DCAPR_110758&activeTab=summary
26/00288/CEU,Enfield Council,26/01/2026,Completed,All Other,Use of premises as five (5) self-contained residential flats (Existing).,,26,Baxter Road,,N18 2EY,20/03/2026,20/03/2026,,,5,0,5,5,5,Approved,20/03/2026,,,<enter PA URL here>
PA25/4319,Richmond,02/12/2025,Completed,All Other,Existing use of the property as a single dwellinghouse.,,23,Winchester Road,,TW1 1LE,26/01/2026,26/01/2026,,,1,0,1,1,1,Approved,26/01/2026,,,
20/0276/FUL,London Borough of Barnet,17/01/2020,Completed,All Other,"Construction of a building of part 7, part 9, part 13 and part 16 storeys to comprise 343 residential homes and 578.5sqm GIA of commercial floorspace (Use Classes A1 to A4, B1, B2, D1 and D2), including associated car and cycle parking and landscaping (AMENDED DESCRIPTION - Amendments include - Building D4 reduced from 21 storeys to 16 storeys; remainder of Building D4 reduced from 12 storeys to 9 storeys; Building D3 from reduced from 8 storeys to 7 storeys; unit numbers reduced from 393 to 343 homes; car parking reduced from 294 spaces to 267 spaces; and other associated amendments) (THE AMENDED APPLICATION IS ACCOMPANIED BY AN ENVIRONMENTAL STATEMENT ADDENDUM) (AND SUBJECT TO SECTION 106 LEGAL AGREEMENT DATED 4 JUNE 2021).",Site Office Beaufort Park,,Aerodrome Road,Colindale,NW9 5JJ,13/10/2021,09/12/2025,,,343,0,343,343,343,Approved,07/06/2021,,,
21/4061/PN5,Greenwich,27/10/2021,Completed,All Other,"Prior notification for the construction of an upward two-storey extension to the existing building to provide 8 residential units (2 x 1-bed, 4 x 2-bed, 2 x 3-bed)",1,,Passey Place,,SE9,31/08/2023,25/07/2025,,,8,0,8,8,8,Approved,21/12/2021,,,
25/00204/CEU,Enfield Council,19/02/2025,Completed,All Other,Use of the side extension as a separate self contained residential flat.,,32,Kempe Road,,EN1 4QW,09/10/2025,09/10/2025,,,1,0,1,1,1,Approved,09/10/2025,,,<enter PA URL here>
2025/00856/CLE,Hammersmith & Fulham,25/03/2025,Completed,All Other,Use of the property as 21no. self-contained flats.,,132,Shepherd's Bush Road,,W6 7PD,20/05/2025,20/05/2025,,,21,4,17,17,17,Approved,20/05/2025,,,
P2024/2022/FUL,Islington,07/06/2024,Commenced,All Other,"Demolition and rebuild of replacement dwelling together with associated works approved under P2023/0794/FUL, comprising erection of mansard roof extension with 2no. front dormers and 1no. rear dormer, single storey side and rear extension at lower ground floor level, metal balustrade and privacy screen to facilitate use of roof as roof terrace, first floor rear extension, installation of metal balustrade and conversion of existing rear extension roof to be used as roof terrace at first floor level, metal staircase in rear garden and creation of rear patio, stone stairs with metal handrails in front lightwell, and re-instatement of stuccoes mouldings on front and side elevations",,1,Francis Terrace,London,N19 5PY,15/07/2025,,,,1,1,0,0,-1,Approved,19/08/2024,,,
53368/APP/2025/1169,Hillingdon,25/04/2025,Completed,All Other,Change of use form a single dwellinghouse (C3) to an HMO (C4) including internal alterations to create bedrooms,20A KEATS WAY,,WEST DRAYTON,,,22/07/2025,22/07/2025,,,0,1,-1,-1,-1,Approved,22/07/2025,,,http://planning.hillingdon.gov.uk/OcellaWeb/planningDetails?reference=53368/APP/2025/1169
P2023/2943/FUL,Islington,03/11/2023,Commenced,All Other,"Amalgamation of two self-contained flats for reversion to a single dwelling house, erection of a single storey rear extension, new rooflight, replacement rear door with sash window and associated internal and external alterations and repairs.",Flat A,,Inglebert Street,London,EC1R 1XR,01/06/2024,,,,1,2,-1,-1,-1,Approved,09/02/2024,,,
2523/25,Redbridge,09/09/2025,Completed,All Other,Use as a single dwelling house (C3). (Summary).,,173,Wanstead Park Road,,IG1 3TN,21/11/2025,21/11/2025,,,1,0,1,1,1,Approved,21/11/2025,,,
P2023/2502/FUL,Islington,30/08/2023,Commenced,All Other,Alterations including the erection of a single-storey rear extension and a reduction in the number of self-contained flats (Class C3) from 5 flats to provide 3 larger flats (1 x 3 bed and 2 x 1 bed).,,23,Kelross Road,London,N5 2QS,07/08/2025,,,,3,5,-2,-2,-5,Approved,02/11/2023,,,
14/0127/O,Greenwich,,Commenced,All Other,"Redevelopment of the Morris Walk Estate (North) comprising of the construction of up to 304 residential dwellings with associated access, parking and private and public open spaces. (OUTLINE APPLICATION).",Morris Walk (North) Estate,Morris Walk (North) Estate,north of Pett Street,Woolwich,SE18,30/09/2022,,,,304,152,152,152,102,Approved,02/04/2015,,,
P2025/0039/FUL,Islington,20/01/2025,Commenced,All Other,Amalgamation of two existing flats into one self-contained dwelling including single storey infill extension; installation of solar panels to front and rear roof slopes and all associated works,,188,Tufnell Park Road,,N7 0EE,15/07/2025,,,,1,1,0,0,-1,Approved,13/03/2025,,,
15/0555/PN2,Greenwich,23/02/2015,Completed,All Other,"Prior Notification is sought for the change of use of first and second floors from B1(a) Offices to 11 self-contained residential units (6x1-bed, 5x2-bed).",,,1 Passey Place,,SE9 5DA,,25/07/2025,,,11,0,11,11,11,Approved,09/11/2015,,,
DM2022/00267,London Borough of Sutton,04/03/2022,Completed,All Other,"Demolition of the existing two storey buildings and redevelopment of the site including the erection of 5 two storey terraced houses with accommodation in the roofspace, erection of a detached two storey building to provide 4 self contained residential units, replacement of an existing store fronting onto Richmond Road, provision of detached cycle and refuse stores, provision of shared amenity space, private gardens, resident car parking spaces and associated hard and soft landscaping.",,"30, 32",Beddington Lane,,CR0 4TB,01/09/2024,21/11/2025,,,9,0,9,9,9,Approved,30/11/2022,,,
P2254.21,Havering,26/11/2021,Completed,All Other,"Retrospective consent for 2 x Two storey, 3-bed, semi-detached dwellings with habitable roof space, roof lights, a rear dormer window, associated parking and amenity space, and installation of vehicular crossover to front involving demolition of existing bungalow.",45 Elm Road,,Romford,,RM7 8HH,30/01/2026,30/01/2026,,,2,1,1,-1,1,Approved,30/01/2026,,,http://development.havering.gov.uk/OcellaWeb/planningDetails?reference=P2254.21
24/05525/CLEUD,Westminster,11/08/2024,Completed,All Other,The conversion of the property into nine studio flats and their use as such in the same configuration for over four years.,,57,Bravington Road,,W9 3AA,08/04/2025,08/04/2025,,,9,1,8,8,8,Approved,08/04/2025,,,
DM2024/00202,London Borough of Sutton,13/02/2024,Completed,All Other,Prior Approval for change of use from Use Class E to residential use providing 1 self contained unit with provision of car parking spaces and cycle and refuse stores.,,7,Beeches Avenue,,SM5 3LB,01/04/2025,08/11/2025,,,1,0,1,1,1,Approved,09/04/2024,,,
20/00775/OUTM27,Bexley,04/11/2022,Completed,All Other,"Details of Reserved Matters being access, appearance, landscaping, layout and scale for Parcel 9 to provide 60 residential dwellings and associated works including internal road network and associated highway works, landscaping, car and cycle parking together with associated works pursuant to planning permission 20/00775/OUTM.",Part Of Erith Quarry Site,,Fraser Road,,DA8 1QU,05/02/2024,31/03/2026,,,60,0,60,60,60,Approved,05/01/2024,,,
25767/APP/2024/2484,Hillingdon,16/09/2024,Commenced,All Other,"Demolition of existing dwelling and erection of building to provide 3 x 1-bed, 5 x 2-bed, 1 x 3 bed flats with associated parking and amenity space.",72 HAREFIELD ROAD,,UXBRIDGE,,,27/05/2025,,,,9,1,8,8,-1,Approved,15/01/2025,,,http://planning.hillingdon.gov.uk/OcellaWeb/planningDetails?reference=25767/APP/2024/2484
19/4661/FUL,Barnet,21/08/2019,Commenced,All Other,"Full planning application for the comprehensive phased redevelopment of existing supermarket site comprising phased demolition of existing store and Petrol Filling Station and construction of a mixed use development comprising a replacement Sainsburys store of 8,998 sqm GIA (Use Class A1), 1,309 residential units (Use Class C3) and 951 sqm GIA flexible commercial space (Use Class A1 to A4, B1, D1 and D2) in buildings ranging from 4 to 28 storeys. Enabling works phase to comprise demolition of PFS, amendments to existing supermarket including the construction of new temporary entrance, highways works, amendments to car park and access arrangements and other associated works. Phase 1 to comprise construction of new supermarket including basement, car and cycle parking, plant and servicing areas, 770 residential units and podium level amenity space. Phase 2 to comprise the demolition of existing supermarket and other associated works, 539 residential units, flexible commercial space, basement, car and cycle parking, public open space, landscaping, vehicular and pedestrian routes, servicing and access arrangements and other associated works. The application is accompanied by an Environmental Statement (and an Environmental Statement Addendum). (SUBJECT TO SECTION 106 LEGAL AGREEMENT DATED 30 JULY 2020)",Unit 4 Hyde Estate Road London NW9 6JX,Unit 4,Hyde Estate Road,,NW9 6JX,01/08/2021,,,,1309,0,1309,1309,264,Approved,31/07/2020,,,
PL/0212/24,Harrow,28/02/2024,Completed,All Other,Conversion of dwelling house into two flats (2 x 2 bed); external alterations; separate amenity space; parking; bin / cycle storage,,8,LARKFIELD AVENUE,,HA3 8NF,13/05/2024,05/11/2025,,,2,0,2,2,2,Approved,13/05/2024,,,https://planningsearch.harrow.gov.uk//planning/index.html?fa=getApplication&id=226373
P/2950/20/PRIOR,Harrow,19/08/2020,Completed,Prior Approval,Change of use from office (class b1) to one residential unit (class c3) (prior approval of transport & highways impacts of the development and of contamination risks and flooding risks on the site),54,,Hillbury Avenue,,HA3 8EW,01/04/2021,31/03/2026,,,1,0,1,1,1,Approved,13/10/2020,,,
25/02029/PRIOR,London Borough of Bexley,30/09/2025,Completed,Prior Approval,Prior Approval Notification for the partial change of use of ground floor from Class E to a self-contained residential unit (Class C3).,,13,Upper Wickham Lane,,DA16 3AA,24/12/2025,06/03/2026,,,1,0,1,1,1,Approved,24/11/2025,,,
P/2025/2382,Hounslow,04/08/2025,Completed,All Other,Certificate of lawfulness for the existing use of the property as two self-contained flats.,,43,Mogden Lane,Isleworth,,11/11/2025,11/11/2025,,,2,2,0,0,0,Approved,11/11/2025,,,https://planningandbuilding.hounslow.gov.uk/NECSWS/ES/Presentation/Planning/OnlinePlanning/OnlinePlanningOverview?applicationNumber=P/2025/2382
P/2144/23,Harrow,21/07/2023,Completed,All Other,Redevelopment to provide three X two storey dwelling houses with habitable roofspaces (3 X 5 bed); parking; landscaping; bin and cycle stores (demolition of dwelling and sheds),,23,Flambard Road,Harrow,HA1 2NB,11/11/2024,31/03/2026,,,3,1,2,2,2,Approved,15/09/2023,,,http://site.com?appref=P/2144/23-or-1264244
P/2025/3657,Hounslow,09/12/2025,Completed,All Other,Certificate of lawfulness for the existing use of a House in Multiple Occupation (HMO).,,18,Princes Avenue,London,W3 8LS,02/02/2026,02/02/2026,,,1,1,0,0,0,Approved,02/02/2026,,,https://planningandbuilding.hounslow.gov.uk/NECSWS/ES/Presentation/Planning/OnlinePlanning/OnlinePlanningOverview?applicationNumber=P/2025/3657
P/2025/2712,Hounslow,15/09/2025,Completed,All Other,Certificate of lawfulness for the existing use of three self contained flats.,,29,Ivanhoe Road,Hounslow,,10/11/2025,10/11/2025,,,4,0,4,4,4,Approved,10/11/2025,,,https://planningandbuilding.hounslow.gov.uk/NECSWS/ES/Presentation/Planning/OnlinePlanning/OnlinePlanningOverview?applicationNumber=P/2025/2712
P/2025/2350,Hounslow,14/08/2025,Completed,All Other,"Certificate of Lawfulness for the existing use of the building's extended first, second and third floor flat as a self-contained first floor one bedroom flat (Class C3) and self-contained second and third floor two bedroom flat (Class C3).",,111B,Windmill Road,Brentford,TW8 9LZ,13/11/2025,13/11/2025,,,3,1,2,2,2,Approved,13/11/2025,,,https://planningandbuilding.hounslow.gov.uk/NECSWS/ES/Presentation/Planning/OnlinePlanning/OnlinePlanningOverview?applicationNumber=P/2025/2350
PL/2116/24,Harrow,29/10/2024,Completed,All Other,Demolition of dwellinghouse; re-development providing a detached two storey dwellinghouse with habitable roofspace (1 x 4 beds); AC units to side elevation; landscaping (Retrospective),,106,NORMAN CRESCENT,,HA5 3QL,22/08/2025,11/12/2025,,,1,1,0,0,0,Approved,22/08/2025,,,https://planningsearch.harrow.gov.uk//planning/index.html?fa=getApplication&id=228577
P/0719/22,Harrow,28/02/2022,Completed,All Other,Redevelopment to provide three storey building comprising 8 X 2 bed units; proposed vehicle access via supermarket to rear; parking; landscaping; bin and cycle stores; amenity space. [RECONSULTATION: Due to removal of vehicular access via Cuckoo Hill],1 Ash Hill Drive Pinner Harrow HA5 2AG,1,Ash Hill Drive,Pinner,HA5 2AG,12/07/2024,17/12/2025,,,9,0,9,9,9,Refused,14/12/2022,,,http://site.com?appref=P/0719/22-or-1181761
26/0357/191,London Borough of Barnet,05/02/2026,Completed,All Other,Use of a first and second floors as 2no. self-contained flats,First And Second Floor Maisonette,103,Colney Hatch Lane,Colney Hatch,N10 1LR,05/03/2026,05/03/2026,,,2,0,2,2,2,Approved,05/03/2026,,,
25/0981/191,Barnet,20/03/2025,Completed,All Other,Use of upper floors as 14no. self-contained dwellings,Parade Mansions,15 - 16,Vivian Avenue,,NW4 3YD,14/05/2025,14/05/2025,,,14,0,14,14,14,Approved,14/05/2025,,,
18/05117/FUL,Croydon,,Completed,All Other,Demolition of existing bungalow and erection of a terrace of 3x three bedroom houses with shared access and drive way using the existing entrance from old Farleigh road and 2x one bedroom house to the rear accessed from Mapleleaf close.,119,119,Old Farleigh Road,South Croydon,CR2 8QD,01/05/2022,06/10/2025,,,5,1,4,4,4,Approved,05/07/2019,,,
26/AP/0090,London Borough of Southwark,14/01/2026,Completed,All Other,Certificate of lawfulness (existing) for the use of the property as a residential flat,Flat 4,51,Tanner Street,,SE1 3PL,04/03/2026,04/03/2026,,,1,0,1,1,1,Approved,04/03/2026,,,
PL/0376/25,Harrow,17/02/2025,Commenced,All Other,Demolition and redevelopment to provide two storey storey detached dwelling with habitable roofspace; raised patio with steps and ramp to rear; hard and soft landscaping; boundary treatment; below ground rain water attenuation tank to rear; solar panels to roof; EV charging points; access ramps to both sides bin and cycle stores,,14,GLANLEAM ROAD,,HA7 4NW,03/11/2025,,,,1,1,0,0,-1,Approved,06/08/2025,,,https://planningsearch.harrow.gov.uk//planning/index.html?fa=getApplication&id=229464
P/4120/22,Harrow,02/12/2022,Commenced,All Other,"Redevelopment to provide two, two storey glazed linked buildings with basement and habitable roofspace, comprising of 9 flats (6 X 1 bed and 3 X 2 bed); proposed vehicle access; parking; landscaping; bin and cycle stores (demolition of Nos.21 And 23 London Road).",,21,London Road,Stanmore,HA7 4PA,08/12/2025,,,,9,2,7,7,-2,Refused,28/07/2023,,,http://site.com?appref=P/4120/22-or-1231904
25/AP/2760,London Borough of Southwark,25/09/2025,Completed,All Other,Certificate of lawful development (existing) for retrospective planning permission for use of the existing property as 5no. self-contained residential flats (Use Class C3).,,12,Grove Lane,,SE5 8SY,09/10/2025,09/10/2025,,,5,0,5,5,5,Approved,09/10/2025,,,
68002/APP/2020/3011,Hillingdon,,Completed,All Other,"Part two storey, part single storey side/rear extension and conversion of dwelling into 1 x 2-bed and 1 x 3-bed self contained dwellings with associated parking and amenity space and widening of the existing vehicular crossover",156 YORK AVENUE HAYES,,,,UB3 2TR,09/06/2023,15/12/2025,,,2,1,1,1,1,Approved,24/11/2020,,,
18928/APP/2024/2272,Hillingdon,26/09/2024,Completed,All Other,Proposed change of use of existing block of flats from Supported Housing (Class C2) to Short-Life accommodation (Sui Generis) including changes to the internal areas to provide 4 additional self-contained flats to accommodate a total of 29 units.,YIEWSLEY COURT,,HORTON ROAD,,UB7 8HQ,26/09/2025,02/02/2026,,,8,0,8,8,8,Approved,05/12/2024,,,http://planning.hillingdon.gov.uk/OcellaWeb/planningDetails?reference=18928/APP/2024/2272
78399/APP/2024/564,Hillingdon,28/03/2024,Completed,All Other,"Erection of a part single, part two storey rear extension and single storey side extension. Conversion of extended house into 1 x 1-bedroom flat and 1 x 3-bedroom flat with associated parking, landscaping and private amenity space.",14 COTEFORD CLOSE,,EASTCOTE,,HA5 2JA,21/08/2024,27/09/2025,,,3,0,3,3,3,Approved,18/07/2025,,,http://planning.hillingdon.gov.uk/OcellaWeb/planningDetails?reference=78399/APP/2024/564
77653/APP/2024/1370,Hillingdon,31/05/2024,Completed,All Other,Erection of 1 x new bungalow following the demolition of the existing bungalow.,36 MICAWBER AVENUE,,HILLINGDON,,UB8 3NY,07/11/2024,08/12/2025,,,1,1,0,0,0,Approved,08/08/2024,,,http://planning.hillingdon.gov.uk/OcellaWeb/planningDetails?reference=77653/APP/2024/1370
P/2025/0291,Hounslow,07/02/2025,Completed,All Other,Certificate of lawfulness for the existing use of a House in Multiple Occupation HMO.,,127,St Stephens Road,Hounslow,TW3 2BL,20/08/2025,20/08/2025,,,1,2,-1,-1,-1,Approved,20/08/2025,,,https://planningandbuilding.hounslow.gov.uk/NECSWS/ES/Presentation/Planning/OnlinePlanning/OnlinePlanningOverview?applicationNumber=P/2025/0291
25/1359/192,Barnet,07/04/2025,Completed,All Other,Conversion of 2no. self-contained flats into single dwellinghouse,,2,North Crescent,Finchley,N3 3LL,28/04/2025,28/04/2025,,,1,2,-1,-1,-1,Approved,28/04/2025,,,
25/00744/LDCE,Lambeth,24/03/2025,Completed,All Other,Application for Certificate of Lawfulness (Existing) with respect to the use of floors 1 and 2 of 123A Streatham Vale as an HMO (Use Class C4).,,123,Streatham Vale,,SW16 5SQ,19/05/2025,19/05/2025,,,1,1,0,0,0,Approved,19/05/2025,,,
2025/0832,Hackney,08/04/2025,Completed,All Other,Certificate of lawful use (existing) for use of the property as a self-contained flat (Use Class C3).,"Haggerston Studios, 284-288",23,Kingsland Road,London,E8 4DN,03/06/2025,03/06/2025,,,1,0,1,1,1,Approved,03/06/2025,,,https://developmentandhousing.hackney.gov.uk//planning/index.html?fa=getApplication&id=82097
2025/0193,Wandsworth,10/03/2025,Completed,All Other,Alterations including demolition of existing conservatory and erection of a single storey rear extension in connection with change of use from a single dwellinghouse (Class C3) to a 6-bed HMO (Class C4).,,64,Kingham Close,London,SW18 3BX,02/07/2025,02/07/2025,,,1,1,0,0,0,Approved,02/07/2025,,,http://planning.wandsworth.gov.uk/Northgate/PlanningExplorer/DisplayAppDetails.aspx?AppNo=2025/0193
PL/0168/25,Harrow,18/02/2025,Completed,All Other,"Conversion of an existing single dwellinghouse into two self-contained flats (1 x 3-bed 5 person and 1 x 1-bed 2 person), associated amenity, landscaping, cycle storage and refuge storage",,20,PAULHAN ROAD,,HA3 9AR,14/04/2025,11/12/2025,,,2,1,1,1,1,Approved,14/04/2025,,,https://planningsearch.harrow.gov.uk//planning/index.html?fa=getApplication&id=229346
2025/1296,Hackney,04/06/2025,Completed,All Other,Certificate of lawful development for use of the building as three dwellinghouses (Use Class C3).,,23,BEVENDEN STREET,HACKNEY,N1 6BH,29/07/2025,29/07/2025,,,1,1,0,0,0,Approved,29/07/2025,,,https://developmentandhousing.hackney.gov.uk//planning/index.html?fa=getApplication&id=82749
2025/2064,Hackney,17/09/2025,Completed,All Other,Existing use as 4 self -contained dwellings (Use class C3),12,,Goulton Road,London,E5 8HA,03/10/2025,03/10/2025,,,4,1,3,3,3,Approved,03/10/2025,,,https://developmentandhousing.hackney.gov.uk//planning/index.html?fa=getApplication&id=83555
2025/0955,Hackney,23/04/2025,Completed,All Other,"Certificate of lawfulness to confirm the lawful use of property as two self contained residential units (Class C3), and one commercial unit (Class E).&nbsp;",,6,COTTONS GARDENS,HACKNEY,E2 8DN,17/06/2025,17/06/2025,,,2,1,1,1,1,Approved,17/06/2025,,,https://developmentandhousing.hackney.gov.uk//planning/index.html?fa=getApplication&id=82220
78323/APP/2024/968,Hillingdon,12/06/2024,Commenced,All Other,"Erection of 2no. semi-detached dwellings including habitable accommodation within the roof space and one basement with associated parking and amenity space, following the demolition of existing bungalow.",140 LINDEN AVENUE,,RUISLIP,,HA4 8UB,26/11/2025,,,,2,1,1,1,-1,Approved,08/11/2024,,,http://planning.hillingdon.gov.uk/OcellaWeb/planningDetails?reference=78323/APP/2024/968
49852/APP/2019/1358,Hillingdon,17/07/2019,Completed,All Other,"Part two storey, part single storey side/rear extension, conversion of roofspace to habitable use to include a rear dormer and conversion from 1 x 3-bed dwelling to 2 x 1 - bed flats and 1 x studio flat with associated parking and amenity space and installation of vehicular crossover to front",48 PINGLESTONE CLOSE,48,PINGLESTONE CLOSE,HARMONDSWORTH,UB7 0DL,07/04/2022,10/10/2025,,,3,1,2,2,2,Approved,11/09/2019,,,http://planning.hillingdon.gov.uk/OcellaWeb/planningDetails?reference=49852/APP/2019/1358
18/00369/FUL,Barking and Dagenham,,Commenced,All Other,Erection of two storey side extension to create new 3 bedroom end of terrace house within existing side garden and creation of associated car parking space accessed from Crosby Road.,10,10,Oval Road North,Dagenham,RM10 9EL,17/07/2020,,,,1,0,1,1,1,Approved,25/05/2018,,,
251039,Waltham Forest,28/04/2025,Completed,All Other,Lawful Development Certificate (Existing) -&nbsp;Use of property as three&nbsp;self-contained residential flats.,,200,CAPWORTH STREET,,E10 7HL,23/06/2025,23/06/2025,,,3,1,2,2,2,Approved,23/06/2025,,,https://builtenvironment.walthamforest.gov.uk/planning/index.html?fa=getApplication&id=117816
25/01830/CEU,Enfield,22/05/2025,Completed,All Other,Existing residential unit at rear.,,2,Meadow Close,,EN3 5PE,11/07/2025,11/07/2025,,,1,0,1,1,1,Approved,11/07/2025,,,<enter PA URL here>
250892,Waltham Forest,03/04/2025,Completed,All Other,Lawful Development Certificate (Existing)-Use of property as three self-contained flats,,118,PALMERSTON ROAD,,E17 6PZ,29/05/2025,29/05/2025,,,3,1,2,2,2,Approved,29/05/2025,,,https://builtenvironment.walthamforest.gov.uk/planning/index.html?fa=getApplication&id=117527
50760/APP/2025/3110,Hillingdon,15/12/2025,Completed,All Other,Existing use of the property as a Small HMO Class C4 (HMO) for up to 6 persons (Application for a Certificate of Lawful Development for a Existing Use),27 CHIPPENHAM CLOSE,,PINNER,,,09/02/2026,09/02/2026,,,1,0,1,1,1,Approved,09/02/2026,,,http://planning.hillingdon.gov.uk/OcellaWeb/planningDetails?reference=50760/APP/2025/3110
16/01062/FUL,London Borough of Barking and Dagenham,19/07/2016,Commenced,All Other,Redevelopment of site to provide 3-storey building and basement comprising retail shops (Class A1) on ground floor with ancillary basement storage and 4 two-bedroom flats above.,732 - 734,732,GREEN LANE,Dagenham,RM8 1YX,11/08/2025,,,,4,0,4,4,4,Approved,14/09/2016,,,https://online-befirst.lbbd.gov.uk/planning/index.html?fa=getApplication&id=16886
3273/25,Redbridge,20/11/2025,Completed,All Other,Use as a large HMO (Sui Generis) for up to 8 people. (Summary).,,5,Belgrave Road,,IG1 3AW,16/01/2026,16/01/2026,,,0,1,-1,-1,-1,Approved,16/01/2026,,,
250714,Waltham Forest,07/04/2025,Completed,All Other,Lawful Development Certificate (Existing)-Use of property as two self-contained flats.,,20,MILLFIELD AVENUE,,E17 5HH,29/05/2025,29/05/2025,,,2,1,1,1,1,Approved,29/05/2025,,,https://builtenvironment.walthamforest.gov.uk/planning/index.html?fa=getApplication&id=117562
3464/25,Redbridge,09/01/2026,Completed,All Other,Use as a large HMO for up to 9 people (Sui Generis). (Summary).,,31,The Drive,Cranbrook,IG1 3HA,01/01/1985,06/03/2026,,,0,1,-1,-1,-1,Approved,06/03/2026,,,
22/01014/REM,London Borough of Barking and Dagenham,02/08/2022,Commenced,All Other,"Formal Application Description:Approval of details (Access, Appearance, Landscaping, Layout and Scale), relating to Plots A, B and C of outline planning permission ref: 21/01808/OUTALL comprising erection of buildings to deliver residential dwellings (Class C3), and ancillary residential floorspace and/or non-residential floorspace; delivery of new public open space and communal open space, including childrens play space, new public realm, landscaping works and new lighting; car and cycle parking spaces together with associated highways and utilities works incidental to the proposed development, including temporary highways works. (Phase 1 Development).Further Explanation&nbsp;(not forming part of the formal description of development set out above):&nbsp;Approval of details (Access, Appearance, Landscaping, Layout and Scale), relating to Plots A, B and C of outline planning permission ref: 21/01808/OUTALL comprising erection of buildings (ranging in heights from 6 to 19 storeys) to deliver 935 residential dwellings (Class C3), and 1,684.5sqm (GIA) of flexible non-residential and/or ancillary residential floorspace (Use Classes E and/or F1(f) and/or F2(b) and/or Sui Generis (drinking establishment with or without expanded food provision) and/or ancillary residential); delivery of new public open space and communal open space, including childrens play space, new public realm, landscaping works and new lighting; car and cycle parking spaces together with associated highways and utilities works incidental to the proposed development, including temporary highways works.","Former Dagenham Stamping And Tooling Operations Site, Chequers Lane",,,,RM9 6SA,,,,,935,0,935,0,74,Approved,21/12/2022,,,https://online-befirst.lbbd.gov.uk/planning/index.html?fa=getApplication&id=30654
15/01635/FUL,London Borough of Barking and Dagenham,24/11/2015,Completed,All Other,"Demolition of existing buildings and the erection of new buildings ranging from 6 to 15 storeys in height to provide 597 residential units comprising a mix of studios, 1 and 2 bedroom flats and associated private amenity space, together with ancillary management and residents facilities, plant rooms and refuse storage areas, and the provision of flexible commercial space (Use Classes A1, A3, B1 and D1), reconfiguration of existing vehicular access, car and cycle parking, public realm with hard and soft landscaping including dedicated child play space and other ancillary works.",Abbey Retail Park,Abbey Retail Park,ABBEY ROAD,Barking,,28/06/2017,02/07/2025,,,597,0,597,0,597,Approved,14/12/2016,,,https://online-befirst.lbbd.gov.uk/planning/index.html?fa=getApplication&id=12570
18/02167/FUL,Barking and Dagenham,,Commenced,All Other,Erection of two storey rear extension to existing dwelling and erection of two storey two bedroom dwelling.,3 Ethel Cottages,3 Ethel Cottages,Padnall Road,Romford,RM6 5JB,26/04/2025,,,,1,0,1,1,1,Approved,15/05/2019,,,
224773FUL,Ealing,11/11/2022,Completed,All Other,"Demolition of existing buildings and redevelopment of the site to provide up to 102 dwellings (Use Class C3) in a building of up to 15 storeys with associated landscaping, car and cycle parking.",Brook House,,Gunnersbury Lane,London,W3 8HS,18/12/2023,24/03/2026,,,102,39,63,63,63,Approved,18/12/2023,,,https://pam.ealing.gov.uk/online-applications/PLAN/224773FUL;
PL/2310/25,Harrow,04/09/2025,Commenced,All Other,Conversion of dwelling into two flats (2 X 3 bed); single and two storey side to rear extension; alterations to form hipped roof and reduction of rear dormer; retention of canopy; external alterations; parking; separate amenity space (demolition of attached garage and side extension),,66,YEADING AVENUE,,HA2 9RN,03/12/2025,,,,2,1,1,1,-1,Approved,03/12/2025,,,https://planningsearch.harrow.gov.uk//planning/index.html?fa=getApplication&id=231167
24/00281/FULL,London Borough of Barking and Dagenham,27/02/2024,Commenced,All Other,Construction of a two storey side extension and a part two storey part single storey rear extension to create a new two storey 2-bedroom dwellinghouse adjacent to 107&nbsp;Lindsey Road,,107,LINDSEY ROAD,,RM8 2RB,05/05/2025,,,,1,0,1,1,1,Approved,15/04/2024,,,https://online-befirst.lbbd.gov.uk/planning/index.html?fa=getApplication&id=33826
PL/1157/25,Harrow,03/06/2025,Completed,All Other,Conversion of dwelling into two flats (2 X 2 bed); separate amenity space; bin and cycle stores (retrospective),,1,MALVERN AVENUE,,HA2 9EU,29/07/2025,29/07/2025,,,2,1,1,1,1,Approved,29/07/2025,,,https://planningsearch.harrow.gov.uk//planning/index.html?fa=getApplication&id=230376
260132,Waltham Forest,19/01/2026,Completed,All Other,Lawful Development Certificate (Existing) - Use of the property as a self contained flat (Use Class C3).,Ground Floor Rear Flat,306,HOE STREET,,E17 9PX,13/03/2026,13/03/2026,,,1,0,1,1,1,Approved,13/03/2026,,,https://builtenvironment.walthamforest.gov.uk/planning/index.html?fa=getApplication&id=119677
PL/2075/24,Harrow,26/07/2024,Completed,All Other,Demolition of dwellinghouse and construction of a two storey dwellinghouse with basement level and habitable roof space; lightwell to rear; external staircase to side; boundary treatment;&nbsp; landscaping; alterations to driveway; parking; vehicle charging point; refuse / cycle storage.,,42,BELLFIELD AVENUE,,HA3 6SX,01/01/2025,09/03/2026,,,1,1,0,0,0,Approved,20/09/2024,,,https://planningsearch.harrow.gov.uk//planning/index.html?fa=getApplication&id=227762
252219,Waltham Forest,18/09/2025,Completed,All Other,Lawful Development Certificate (Existing)  Use of property as 4 self-contained units (Use Class C3).,,14,TENNYSON ROAD,,E10 5JS,11/11/2025,11/11/2025,,,4,1,3,3,3,Approved,11/11/2025,,,https://builtenvironment.walthamforest.gov.uk/planning/index.html?fa=getApplication&id=118824
25/P3002,Merton,13/10/2025,Completed,All Other,APPLICATION FOR A CERTIFICATE OF LAWFULNESS IN RESPECT OF THE CONTINUED USE OF PROPERTY AS AN EXISTING 10 PERSON HMO,,113,Melrose Avenue,Mitcham,CR4 2ED,05/01/2026,05/01/2026,,,0,1,-1,-1,-1,Approved,05/01/2026,,,http://planning.merton.gov.uk/Northgate/PlanningExplorer/DisplayAppDetails.aspx?AppNo=25/P3002
P/4211/22,Harrow,15/12/2022,Completed,All Other,Conversion of ground floor dental surgery (Use class D1) and first floor flat into (4 bed) dwelling house (Use class C3),,78,Marsh Road,Pinner,HA5 5NQ,16/02/2024,31/03/2026,,,1,1,0,0,0,Approved,09/02/2023,,,http://site.com?appref=P/4211/22-or-1233403
25/1751,Brent,23/06/2025,Completed,All Other,Certificate of lawfulness for existing use of ground floor flat to the rear as 1x bedroom flat,"11B Hay Lane, London, NW9 0NH",,,,,18/08/2025,18/08/2025,,,1,0,1,1,1,Approved,18/08/2025,,,https://pa.brent.gov.uk/online-applications/applicationDetails.do?keyVal=DCAPR_173914&activeTab=summary
25/0831,Brent,02/04/2025,Completed,All Other,"Certificate of lawfulness for existing use of ground floor as 3 self-contained flats (2C, 2E and 2F)","2C, 2E & 2F Brownlow Road, London, NW10 9QL",,,,,28/05/2025,28/05/2025,,,3,0,3,3,3,Approved,28/05/2025,,,https://pa.brent.gov.uk/online-applications/applicationDetails.do?keyVal=DCAPR_172724&activeTab=summary
25/1777,Brent,11/06/2025,Completed,All Other,"Certificate of lawfulness for existing single storey rear extension, rear dormer window and conversion of single dwelling into 2x self-contained flats","Flats 1 & 2, 26 Charterhouse Avenue, Wembley, HA0 3DB",,,,,17/07/2025,17/07/2025,,,2,1,1,1,1,Approved,17/07/2025,,,https://pa.brent.gov.uk/online-applications/applicationDetails.do?keyVal=DCAPR_173941&activeTab=summary
25/0554,Brent,26/02/2025,Completed,All Other,Certificate of lawfulness for existing use of upper floors as x3 self-contained flats.,"215A - 215C High Road, London, NW10 2SB",,,,,23/04/2025,23/04/2025,,,3,0,3,3,3,Approved,23/04/2025,,,https://pa.brent.gov.uk/online-applications/applicationDetails.do?keyVal=DCAPR_172347&activeTab=summary
20/3427,Brent,03/11/2020,Completed,All Other,Erection of four storeys to create 7 self-contained flats; internal alterations to existing commercial unit including installation of door and associated cycle parking and refuse storage on ground floor.,"574 High Road, Wembley, HA0 2AA",,,,,04/10/2021,02/07/2025,,,7,0,7,7,7,Approved,23/12/2020,,,https://pa.brent.gov.uk/online-applications/applicationDetails.do?keyVal=DCAPR_152163&activeTab=summary
26/AP/0505,London Borough of Southwark,23/02/2026,Completed,All Other,Certificate of lawfulness (existing) for the use of the property as residential (Class C3),"Bermondsey Exchange, Flat 7","179, 181",Bermondsey Street,,SE1 3UW,01/04/2026,01/04/2026,,,1,0,1,1,1,Approved,01/04/2026,,,
25/1450,Brent,03/06/2025,Completed,All Other,Certificate of lawfulness for existing use of converted garage into habitable space to dwelllinghouse,"66 Eton Avenue, Wembley, HA0 3AU",,,,,29/07/2025,29/07/2025,,,1,0,1,1,1,Approved,29/07/2025,,,https://pa.brent.gov.uk/online-applications/applicationDetails.do?keyVal=DCAPR_173450&activeTab=summary
25/1588,Brent,29/05/2025,Completed,All Other,Certificate of lawfulness for existing use as 3x self contained flats,"5 Havenwood, Wembley, HA9 9AR",,,,,24/07/2025,24/07/2025,,,3,0,3,3,3,Approved,24/07/2025,,,https://pa.brent.gov.uk/online-applications/applicationDetails.do?keyVal=DCAPR_173600&activeTab=summary
19/3922,Brent,06/11/2019,Completed,All Other,"Creation of six self-contained flats, involving sub-division of existing upper floor flats, construction of an additional two-storeys including mansard roof, part-1 and part-2 storey rear extensions, two rear facing dormer windows,and provision of 8 cycle parking spaces.","158-160 High Road, London, NW10 2PB",158-160,,,,03/08/2022,11/06/2025,,,6,2,4,4,4,Approved,16/01/2020,,,https://pa.brent.gov.uk/online-applications/applicationDetails.do?keyVal=DCAPR_147691&activeTab=summary
25/0605,Brent,03/03/2025,Completed,All Other,Certificate of lawfulness for existing use as 3 self-contained flats,"41 Dollis Hill Avenue, London, NW2 6EU",,,,,28/04/2025,28/04/2025,,,3,0,3,3,3,Approved,28/04/2025,,,https://pa.brent.gov.uk/online-applications/applicationDetails.do?keyVal=DCAPR_172414&activeTab=summary
25/0732,Brent,21/03/2025,Completed,All Other,Certificate of lawfulness for existing use of property as 2x self-contained flats.,"6 Hazeldean Road, London, NW10 8QU",,,,,16/05/2025,16/05/2025,,,2,0,2,2,2,Approved,16/05/2025,,,https://pa.brent.gov.uk/online-applications/applicationDetails.do?keyVal=DCAPR_172586&activeTab=summary
P/4965/21,Harrow,21/12/2021,Completed,All Other,Creation of third floor comprising of four additional flats (1 X 2 bed and 3 X 1 bed); installation of access staircase at rear; bin and cycle stores; external alterations,21B and 29-35 Bridge Street Pinner HA5 3HR,21B,Bridge Street,Pinner,HA5 3HR,01/03/2023,05/12/2025,,,4,0,4,4,4,Approved,09/01/2023,,,http://site.com?appref=P/4965/21-or-1170501
22/4298,Brent,26/01/2023,Completed,All Other,"Proposed amalgamation of the two existing flats to recreate original single dwellinghouse, together with 2x single storey rear extensions and associated internal reconfiguration","39A & 39B Exeter Road, London, NW2 4SE",,,,,01/04/2024,26/06/2025,,,1,2,-1,-1,-1,Approved,12/04/2023,,,https://pa.brent.gov.uk/online-applications/applicationDetails.do?keyVal=DCAPR_163113&activeTab=summary
PA/20/00580/A1,Tower Hamlets,13/03/2020,Completed,All Other,Demolition of existing garages and construction of four new family-sized houses.,"Existing garages, Vawdrey Close, London, E1 4UA",,,,,,13/06/2025,,,4,0,4,0,4,Approved,26/11/2020,,,https://development.towerhamlets.gov.uk/online-applications/applicationDetails.do?keyVal=DCAPR131495&activeTab=summary
21/02256/REM,Barking & Dagenham,16/12/2021,Commenced,All Other,"Application for the approval of reserved matters (access, appearance, landscaping, layout and scale) pursuant to Conditions 45 (zone details) following outline approval &