LPA Number,Borough,Valid date,Status,Application type,Description,Site name,Site number,Street name,Locality,Postcode,Actual commencement date,Actual completion date,Total number of proposed residential units,Total number of existing residential units,Units Proposed,Units Lost,Net Units,Net units with commencement date,Net units with completion date,Decision,Decision date,Appeal decision,Appeal decision date,URL planning application
22/02617/CEU,Enfield,30/08/2022,Completed,All Other,Change of use from C3 (dwelling house) to Use Class C2 (supported Living accommodation with 24 hour care) for up to 4 young people (13-16 year olds) (RETROSPECTIVE).,22 Palmerston Crescent London N13 4UA,,,,,17/11/2022,17/11/2022,,,0,1,-1,-1,-1,Approved,17/11/2022,,,
22/3491/191,London Borough of Barnet,06/07/2022,Completed,All Other,Use of first floor level as a self-contained residential flat,Flat B 90 High StreetBarnetEN5 5SN,,,,,,31/08/2022,,,1,0,1,1,1,Approved,31/08/2022,,,
201147FUL,Ealing,17/03/2020,Completed,All Other,Conversion of existing dwelling house into 2 self-contained flats; single storey rear extension,4 Portland Road,,Portland Road,Southall,UB2 4BX,11/04/2022,28/09/2022,,,2,1,1,1,1,Approved,14/05/2020,,,https://pam.ealing.gov.uk/online-applications/PLAN/201147FUL;
20/2987/FUL,Richmond upon Thames,03/11/2020,Completed,All Other,"Demolition of existing bungalow and erection of 3no. new residential units comprising 3 x 3 bedroom terraced houses, together with associated landscaping and parking.",27 Blandford Road Teddington TW11 0LF,,,,TW11 0NF,01/06/2021,12/08/2022,,,3,1,2,2,2,Approved,17/05/2021,,,
DM2019/01248,Sutton,30/07/2019,Completed,All Other,"Demolition of 22 garages and the erection of four two storey semi-detached dwelling houses (4 x 2-bed) with 10 car parking spaces, new hard and soft landscaping works.",Rear Of 304 To 326 Wrythe Lane And Stavordale Road Carshalton,,,,,22/04/2021,07/10/2022,,,4,0,4,4,4,Approved,05/12/2019,,,
22/P1198,Merton,06/06/2022,Completed,All Other,CONVERSION OF SINGLE DWELLING INTO 2x SELF-CONTAINED FLATS INVOLVING INTERNAL RECONFIGURATION AND ERECTION OF A SIDE/REAR EXTENSION AND PROVISION OF CYCLE AND BIN STORAGE.,,18,Tudor Drive,Morden,,28/08/2022,06/01/2023,,,2,1,1,1,1,Approved,04/08/2022,,,http://planning.merton.gov.uk/Northgate/PlanningExplorer/DisplayAppDetails.aspx?AppNo=22/P1198
21/01283/FUL,Enfield,13/04/2021,Completed,All Other,"Subdivision and conversion of property into 2x dwellinghouses (Use Class C3) involving part gable end roof extension with front and rear dormers to side extension, vehicular access, landscaping and ancillary works.",,1A,Cambridge Gardens,,N21 2AS,30/03/2022,31/03/2023,,,2,1,1,1,1,Approved,16/06/2021,,,
20/03424/PIA,Enfield,19/10/2020,Completed,Prior Approval,Change of use of part of first floor from financial (A2) to 5 residential units (Class C3).,,"104, 110",Fore Street,,N18 2XA,01/04/2022,31/03/2023,,,5,0,5,5,5,Not Required,10/12/2020,,,
20/00577/FULL1,Bromley,11/02/2020,Completed,All Other,"Addition of a third floor with pitched roof (comprising of 2 three bedroom flats), erection of lift shaft to all floors and formation of 3 car parking spaces.",Pembroke Court,41,Wickham Road,,BR3 6NA,,30/06/2022,,,2,6,-4,-4,-4,Approved,07/04/2020,,,
20/01157/FUL,London Borough of Newham,19/05/2020,Completed,All Other,"Demolition of existing six garages and construction of three new residential units comprising of one two storey, two-bedroomed house and two single storey one-bedroomed units.",Garage Site Rear Of 99 To 103,,Chatsworth Road,Stratford,E15 1RD,,31/03/2023,,,3,0,3,3,3,Approved,07/08/2020,,,
23/0215/191,Barnet,23/01/2023,Completed,All Other,Use as 3no. self-contained flats,,23,Barford Close,Hendon,NW4 4XG,20/03/2023,23/01/2023,,,3,0,3,3,3,Approved,20/03/2023,,,
2430/APP/2019/1331,Hillingdon,26/04/2019,Completed,All Other,"Erection of two storey, 5-bed, detached dwelling with habitable roofspace, involving demolition of existing dwelling",46 WARREN ROAD,46,UB10 8AD,,UB10 8AD,22/02/2021,04/04/2023,,,1,1,0,0,0,Approved,03/10/2019,,,http://planning.hillingdon.gov.uk/OcellaWeb/planningDetails?reference=2430/APP/2019/1331
20/03485/P3O,Lambeth,07/10/2020,Completed,Prior Approval,Prior approval for the change of use of office (B1(a)) to 1 residential flat (Use Class C3).,,2H,Chatsworth Way,,SE27 9HR,09/06/2022,13/01/2023,,,1,0,1,1,1,Approved,30/11/2020,,,
19/03252/GPDO,Croydon,11/07/2019,Completed,Prior Approval,"Use of lower ground floor, part ground floor, and floors one to five as 79 studio apartments (C3 residential Use Class).",Vistec House,185,London Road,,CR0 2WN,01/04/2020,01/03/2023,,,79,0,79,79,79,Approved,14/08/2019,,,
P2020/0781/COLP,Islington,12/03/2020,Completed,All Other,"Certificate of Lawfulness (Proposed) to confirm that works relating to the development, approved under planning permission P062150 comprising 'Demolition of single storey store and workshop. Construction of new building comprising 1 x 2 bed flat at lower ground floor, 1 x 3 bed flat at ground floor, 1 x 1 bed flat at first floor and 1 maisonette at second and third floor levels', were lawfully commenced prior to 06/12/2009 in accordance with Condition 1 of P062150, and therefore, that further works to complete the balance of the approved development can be lawfully carried out.",Vacant Land,88,Tollington Way,London,,15/07/2022,15/07/2022,,,3,0,3,3,3,Comment Issued,02/07/2020,,,https://planning.islington.gov.uk/Northgate/PlanningExplorer/Generic/StdDetails.aspx?PT=Planning%20Applications%20On-Line&TYPE=PL/PlanningPK.xml&PARAM0=486545&XSLT=/Northgate/PlanningExplorer/SiteFiles/Skins/Islington/xslt/PL/PLDetails.xslt&FT=Planning%20Application%20Details&PUBLIC=Y&XMLSIDE=&DAURI=PLANNING
20/01763/FUL,London Borough of Newham,08/09/2020,Completed,All Other,"Construction of a single storey rear extension, loft conversion with rear dormer and conversion of existing 6-bedroom Class C4 HMO into Sui Generis HMO",,7,Flint Close,Stratford,E15 4QP,,31/03/2023,,,0,1,-1,-1,-1,Refused,03/11/2020,,,
210162FUL,Ealing,16/11/2020,Completed,All Other,"Conversion of dwellinghouse into two self-contained flats (1x2 bed and 1x1 bed); provision of associated parking, bicycle stands and refuse storage",2 Lewes Close,,Lewes Close,Northolt,UB5 4DG,23/08/2021,15/07/2022,,,2,1,1,1,1,Approved,08/03/2021,,,https://pam.ealing.gov.uk/online-applications/PLAN/210162FUL;
22/02047/LDCE,Bexley,05/10/2022,Completed,All Other,Lawful Development Certificate (Existing) for the conversion of single dwellinghouse Into 2 x 1 bedroom self-contained apartments,,30,Maximfeldt Road,,DA8 1AH,17/10/2022,17/10/2022,,,2,1,1,1,1,Approved,17/10/2022,,,
212502FUL,Ealing,09/04/2021,Completed,All Other,Conversion of a single dwelling into two self-contained residential units,363 Horn Lane,,Horn Lane,London,W3 0BX,20/09/2021,27/02/2023,,,2,0,2,2,2,Approved,20/09/2021,,,https://pam.ealing.gov.uk/online-applications/PLAN/212502FUL;
22/01426/CEU,Enfield,26/04/2022,Completed,All Other,Use of premises as 2no. self-contained flats.,,133,St Marys Road,,N9 8NR,27/10/2022,27/10/2022,,,2,0,2,2,2,Approved,27/10/2022,,,
21033/APP/2020/778,Hillingdon,03/03/2020,Completed,All Other,Erection of a 5 bed dwelling with habitable roof space and associate parking and amenity space and boundary wall including the demolition of existing bungalow and outbuildings,36 VINE LANE,,,,UB10 0BA,27/05/2020,29/04/2022,,,1,1,0,0,0,Approved,29/04/2020,,,http://planning.hillingdon.gov.uk/OcellaWeb/planningDetails?reference=21033/APP/2020/778
2020/0953,Hackney,18/03/2020,Completed,All Other,Erection of two-storey rear extension to replace existing outrigger with rear terrace at first floor level; erection of roof extension with front terrace at second floor level; installation of new shopfront and rear elevational alterations to facilitate the provision of additional A2 floor space at ground floor level and two residential units (1 x 1 bed and 1 x studio) on the upper floors.,,51,51 Stoke Newington Church Street London N16 0AR,,N16 0AR,11/08/2022,31/03/2023,,,2,1,1,1,1,Approved,13/05/2020,,,
21/P2946,Merton,07/09/2021,Completed,Prior Approval,"PRIOR APPROVAL FOR CHANGE OF USE FROM COMMERICAL, BUSINESS AND SERVICE (USE CLASS E) TO DWELLINGHOUSE (USE CLASS C3).",Dawood House,1,Caxton Road,London,SW19 8SJ,01/09/2022,01/03/2023,,,9,0,9,9,9,Approved,18/05/2022,,,http://planning.merton.gov.uk/Northgate/PlanningExplorer/DisplayAppDetails.aspx?AppNo=21/P2946
21/P4533,Merton,23/12/2021,Completed,All Other,"ERECTION OF GROUND FLOOR EXTENSION AND ALTERATIONS TO REAR ROOF FORM TO CREATE ROOF TERRACES TO FACILITATE THE USE OF THE BUILDING AS 4 FLATS (2 X 1B/2P, 1 X 1B/1P AND 1 X 2B/3P)",,584,Kingston Road,Raynes Park,SW20 8DN,19/05/2022,01/04/2023,,,4,1,3,3,3,Approved,14/03/2022,,,http://planning.merton.gov.uk/Northgate/PlanningExplorer/DisplayAppDetails.aspx?AppNo=21/P4533
20/01711/PAR2R,Royal Borough of Kingston (LA Code),20/07/2020,Commenced,Prior Approval,Change of use from class A1 (Shop) to class C3 (residential) (3 flats).,Outbuilding To Rear Of180 - 186 Kingston RoadNew MaldenKT3 3RD,,,,,18/11/2021,,,,3,0,3,3,3,Approved,14/09/2020,,,
20/02709/FUL,Lambeth,27/08/2020,Completed,All Other,Amalgamation of 2 x 3 bedroom units to form 1 x 5 bedroom unit.,Bridge House,18,St George Wharf,,SW8 2LQ,01/03/2022,23/02/2023,,,1,2,-1,-1,-1,Approved,22/10/2020,,,
200318,Waltham Forest,30/01/2020,Completed,All Other,"Lawful Development Certificate (Existing)-Use of property as 3 x 1 bedroom self-contained flats at basement, ground and first floor level.","90 North Birkbeck Road,",,,,,16/04/2020,31/03/2023,,,3,0,3,3,3,Approved,16/04/2020,,,
2022/3018,Hackney,22/12/2022,Completed,All Other,Existing use of the property as 2x self-contained flats (C3),,49,LINTHORPE ROAD,HACKNEY,N16 5QT,01/04/2023,01/04/2023,,,2,1,1,1,1,Approved,16/02/2023,,,/planning/index.html?fa=getApplication&id=75387
23/00362/LE,London Borough of Croydon,30/01/2023,Completed,All Other,Use of the property as a HMO (C4 use),,18,Eldon Park,South Norwood,SE25 4JQ,14/03/2023,14/03/2023,,,1,1,0,0,0,Approved,14/03/2023,,,
23/00354/FUL,London Borough of Newham,15/02/2023,Completed,All Other,"Retrospective planning application for demolition of existing dilapidated, disused workshop and creation of two new dwellings in land to the rear of 74 Stafford Road to form a new mews development comprising of 1x1 bedroom & 1x2 bedroom house.",,74,Stafford Road,Forest Gate,E7 8NN,,31/03/2023,,,2,0,2,2,2,Approved,27/04/2023,,,
19/P2945,Merton,09/08/2019,Completed,All Other,ERECTION OF A SINGLE STOREY EXTENSION TO EXISTING GROUND FLOOR FLAT (KNOWN AS 9C CLARENDON ROAD) INCLUDING ALTERATIONS TO ELEVATIONS (DOORS AND WINDOWS). DEMOLITION OF EXISTING GARAGE AND ERECTION OF A NEW TWO STOREY DWELLINGHOUSE WITH PRIVATE COURTYARD.,,9C,Clarendon Road,Colliers Wood,SW19 2DX,31/08/2020,01/07/2022,,,1,0,1,1,1,Approved,04/12/2019,,,http://planning.merton.gov.uk/Northgate/PlanningExplorer/DisplayAppDetails.aspx?AppNo=19/P2945
20/01199/FUL,Enfield,21/04/2020,Completed,All Other,"Redevelopment of site and erection of a block of 6 self contained units together with associated landscaping, parking, and relocation of the vehicular access on Oak Avenue.",1A Oak Avenue And 158 The Ridgeway Enfield EN2 8LB,,,,EN2 8LB,01/04/2022,31/03/2023,,,6,2,4,4,4,Approved,29/01/2021,,,
22/AP/2284,London Borough of Southwark,27/06/2022,Completed,All Other,Certificate of Lawfulness (existing) for use as a residential dwelling (C3 use class).,"Glenrose Court, Flat 2",217,Long Lane,,SE1 4PA,,08/09/2022,,,1,0,1,1,1,Approved,09/08/2022,,,
2021/02468/FUL,Hammersmith & Fulham,19/08/2021,Completed,All Other,"Erection of single storey extensions, to the side and rear of the existing back addition following the demolition of existing conservatory; formation of a storage room and bicycle store at basement level to the front of the property; conversion of existing flat into 1 x 1 bedroom and 1 x 2 bedroom self-contained flats at basement and ground floor level.",Maisonette Basement And Ground Floors 11 Ongar Road London SW6 1RL,,,London,SW6 1RL,04/01/2022,15/06/2022,,,2,1,1,1,1,Approved,25/10/2021,,,
P/3493/22,Harrow,05/10/2022,Completed,All Other,Change of use from Dwellinghouse (Class C3) to Residential Care Home (Class C2) for upto Two Children with Special Educational Needs and Disabilities (SEND),,194,Exeter Road,Harrow,HA2 9PJ,29/11/2022,29/11/2022,,,0,1,-1,-1,-1,Approved,29/11/2022,,,http://site.com?appref=P/3493/22-or-1222703
19/00230/FUL,Lambeth,01/03/2019,Completed,All Other,"Erection of a roof extension to provide 2 additional 2 bed flats with front balconies, together with replacement of shop fronts and all windows/doors.",,244,Brixton Hill,,SW2 1HF,01/04/2022,08/08/2022,,,2,0,2,2,2,Refused,26/04/2019,,,
23/00446/CLEUD,Westminster,24/01/2023,Completed,All Other,Confirmation that the previous Fourth Floor caretakers flat has been in Class E Office Use (formally B1 of the Use Classes Order prior to September 2020) for a continuous period of more than 10 years and is therefore lawful.,Fourth Floor Rear Flat,16,Mortimer Street,,W1T 3JL,,10/03/2023,,,0,1,-1,-1,-1,Approved,10/03/2023,,,
19/01218/FULL,Westminster,18/02/2019,Completed,All Other,"Erection of a mansard roof extension at rear second floor level on Beaumont Mews building to create a self contained flat (Class C3). (Part of a land use swap with Blocks A-C Ossington Buildings and Ground floor of Moxon House and Osbourne House, Moxon Street).",,50,Weymouth Street,,W1G 6NT,10/02/2020,01/04/2023,,,1,0,1,1,1,Approved,20/08/2019,,,
46104/APP/2019/2606,Hillingdon,06/08/2019,Completed,Prior Approval,Change of use from B1(a) Offices to C3 Residential (Prior Approval) to provide 28 residential units.,"ALLPORT HOUSE, COWLEY BUSINESS PARK",Allport House,HIGH STREET,,UB8 2AN,31/12/2019,03/03/2023,,,28,0,28,28,28,Approved,27/09/2019,,,http://planning.hillingdon.gov.uk/OcellaWeb/planningDetails?reference=46104/APP/2019/2606
21/P2734,Merton,19/07/2021,Completed,All Other,ERECTION OF A TWO STOREY SIDE EXTENSION AND CONVERSION OF SINGLE DWELLING HOUSE INTO A 1 x 3 BED AND 2 x 2 Bed SELF CONTAINED FLATS,,41A,Manor Road,Mitcham,CR4 1JG,01/02/2022,01/07/2022,,,4,1,3,3,3,Approved,21/01/2022,,,http://planning.merton.gov.uk/Northgate/PlanningExplorer/DisplayAppDetails.aspx?AppNo=21/P2734
22/05077/ELUD,Bromley Custodian Code,28/12/2022,Completed,All Other,Existing use of dwelling as House in Multiple Occupation (Use Class C4) LAWFUL DEVELOPMENT CERTIFICATE (EXISTING),,105,Ridgeway Drive,,BR1 5DB,17/03/2023,17/03/2023,,,1,1,0,0,0,Approved,17/03/2023,,,
2022/3895,Wandsworth,12/10/2022,Completed,All Other,Continued use as a single dwelling.,,15,Chartfield Avenue,London,SW15 6DX,06/12/2022,06/12/2022,,,1,3,-2,-2,-2,Approved,06/12/2022,,,http://planning.wandsworth.gov.uk/Northgate/PlanningExplorer/DisplayAppDetails.aspx?AppNo=2022/3895
P2020/0602/FUL,Islington,10/03/2020,Completed,All Other,Subdivision of existing four bedroom maisonette apartment into three new self-contained flats (2 x 2-beds & 1 x 1-bed) including the erection of a new mansard roof extension and other associated external alterations.,,38 - 39,Chapel Market,London,N1 9EN,30/08/2022,30/08/2022,,,3,1,2,2,2,Approved,16/10/2020,,,
HGY/2018/2223,Haringey,,Commenced,All Other,"Demolition works and clearance of existing site to provide a mixed-use development comprising 6 buildings up to 38 storeys in height, which together with pavilion and basement accommodation will provide up to 104,053m of floorspace (GIA), comprising residential (Use Class C3) (up to 1,036 units), retail (Use Class A1-A4), health centre (Use Class D1), office (Use Class B1), leisure (Use Class D2) parking and servicing areas, hard and soft landscaping (including the provision of a new public square), highways works, creation of new vehicular accesses and the realignment of Station Road, decentralised energy network works and other associated works.",Image House,"Strategic Development Partnership (SDP) Sites Welbourne, Nor",Station Road,Haringey,N18 9JT,04/01/2020,,,,1030,0,1030,1030,410,Approved,27/03/2019,,,
P2019/3632/FUL,Islington,05/12/2019,Completed,All Other,"Proposed alterations to the internal layouts of existing residential units to result in the reduction of C3 units from 13 to 5. Reposition and increase size of existing windows at part rear and side (rear) elevations. New doors to side (rear) elevation at basement, 1st, 2nd and 3rd floors and Reposition of existing door to the front elevation at basement level and rear side elevation at ground level.",,525,Holloway Road,London,,30/11/2020,11/07/2022,,,5,13,-8,-8,-8,Approved,28/02/2020,,,
213371FUL,Ealing,29/04/2021,Completed,All Other,"Conversion of existing building from 3 self-contained into 5 self-contained flats following single storey side/rear (wraparound) extension; extension to existing basement; part rear extension to first floor; alteration of roof from hip to gable end (following removal of side dormer extension and chimney); reconfiguration of the layout of all flats; alteration to existing rear dormer extension to roof second floor terrace installation of rear dormer roof extension to second floor flat; replacement of existing front rooflight with conservation type of rooflight, replacement of all windows and door in timber, refurbishment of existing facade and replacement of existing side gate; associated landscaping, bin storage, bicycle parking, amenity space along with proposed paving and part raised platform to rear of property, following demolition of existing outbuildings.",8 Heathfield Road,,Heathfield Road,London,W3 8EL,01/09/2022,30/06/2023,,,5,3,2,2,1,Approved,09/02/2022,,,https://pam.ealing.gov.uk/online-applications/PLAN/213371FUL;
20/0373/PS192,Richmond upon Thames,10/02/2020,Completed,Prior Approval,Change of use of part ground and upper floors from A2 (Financial Services) use class into C3 (Residential).,,347,Upper Richmond Road West,East Sheen,SW14 8RH,01/05/2021,30/06/2022,,,2,0,2,2,2,Approved,18/02/2020,,,
19/00247/FUL,London Borough of Bexley,18/02/2019,Completed,All Other,"First floor rear extension to existing dwelling and part one/part two storey side extension to provide 1 x 2 bedroom dwelling, associated parking and amenity space and alterations to vehicular crossovers.",,1,Park Approach,,DA16 2AW,21/04/2021,15/05/2022,,,1,0,1,1,1,Approved,15/04/2019,,,
4479/APP/2021/905,Hillingdon,,Completed,All Other,Conversion of part ground floor and part first floor residential flat (Use Class C3) to create additional floorspace for dental surgery (Use Class E(e)),"SWEETCROFT DENTAL PRACTICE, 267 LONG LANE",,,Hillingdon,UB10 9JR,11/10/2021,22/09/2022,,,0,1,-1,-1,-1,Approved,08/04/2021,,,
22/P0914,Merton,21/03/2022,Completed,All Other,ERECTION OF 1 x TWO STOREY TERRACED DWELLINGHOUSE,,1A,Roper Way,Mitcham,CR4 2LX,01/04/2022,01/04/2023,,,1,0,1,1,1,Approved,28/06/2022,,,http://planning.merton.gov.uk/Northgate/PlanningExplorer/DisplayAppDetails.aspx?AppNo=22/P0914
21/P1808,Merton,06/05/2021,Completed,All Other,"ERECTION OF SINGLE STOREY REAR EXTENSION, REAR ROOF EXTENSION, CHANGES TO LAYOUT OF EXISTING FLATS INCLUDING CREATION OF NEW 3 BEDROOM FLAT AT GROUND FLOOR, COVERSION OF UPPER LEVELS INTO 2 FLATS AND NEW REFUSE STORAGE/GATES WITHIN FRONTAGE.",Flat 1,380,Kingston Road,Raynes Park,,14/04/2022,22/03/2023,,,3,2,1,1,1,Approved,16/08/2021,,,http://planning.merton.gov.uk/Northgate/PlanningExplorer/DisplayAppDetails.aspx?AppNo=21/P1808
P/2509/22,Harrow,01/08/2022,Completed,All Other,Change of use of first floor from beauty salon (Sui Generis) to flat (1 X 4 Bed) (Class C3); rear dormer and insertion of two rooflights in front roofslope; First floor rear extension;External alterations; External access stairs at rear; Parking; Refuse and Cycle storage,,19A,Village Way East,Harrow,HA5 5AB,25/11/2022,31/03/2023,,,1,0,1,1,1,Approved,12/10/2022,,,http://site.com?appref=P/2509/22-or-1208143
21/2503/FUL,Barnet,05/05/2021,Commenced,All Other,"First floor rear extension, Roof extension involving rear dormer window and 2no front facing rooflights. Conversion of existing 1no flat into 2no self contained flats. (Amended Description)",,148B,East Barnet Road,Station Road To Brookhill Road,EN4 8RD,01/04/2023,,,,2,0,2,2,2,Approved,24/11/2021,,,
HGY/2019/3110,Haringey,18/11/2019,Completed,All Other,Formation of a new self-contained flat in loft space & new external staircase,"207-209, Mount Pleasant Road, London, N17 6JH",207-209,,,,04/01/2020,14/02/2023,,,1,0,1,1,1,Refused,21/01/2020,,,https://londonboroughofharingey.force.com/pr/s/planning-application/a0i8d000002GE4dAAG
21/01529/FUL,Enfield,05/05/2021,Completed,All Other,"Single storey rear extension to ground floor veterinary practice, together with conversion of upper floor maisonette into 2x self-contained flats involving rear dormer at rear and creation of 1st floor terrace at rear with associated cycle and refuse storage.",32 - 34 And 34A Cannon Hill London N14 6LG,,,,,01/04/2022,31/03/2023,,,2,1,1,1,1,Approved,07/02/2022,,,
20/02831/FUL,Enfield,15/09/2020,Completed,All Other,"Redevelopment of site and erection of 1 x 2-storey single family dwellinghouse, with boundary treatments, parking and refuse storage.",,43,Claremont Road,,EN4 0HR,01/04/2022,31/03/2023,,,1,1,0,0,0,Approved,15/12/2020,,,
3977/22,Redbridge,06/12/2022,Completed,All Other,Use as small HMO for up to 6 people. (summary),,15,Middleton Gardens,Gants Hill,IG2 6DP,01/02/2017,27/01/2023,,,1,1,0,0,0,Approved,27/01/2023,,,
2022/1244,Wandsworth,04/04/2022,Completed,All Other,Use as 4 x studio flats.,,39,Letchworth Street,London,SW17 8SX,20/07/2022,20/07/2022,,,4,1,3,3,3,Approved,20/07/2022,,,http://planning.wandsworth.gov.uk/Northgate/PlanningExplorer/DisplayAppDetails.aspx?AppNo=2022/1244
P2020/0950/PRA,Islington,30/03/2020,Completed,All Other,Notification of Prior Approval for the Change of Use from Retail (Class A1) to Residential (C3).,,74,Aubert Park,London,,30/06/2022,30/06/2022,,,1,0,1,1,1,Approved,01/06/2020,,,
22/03350/CEU,Enfield,04/10/2022,Completed,All Other,Use of single storey building at rear of 824A as a dwelling since 2012 for C3 use.,824B Hertford Road Enfield EN3 6UE,,,,,29/11/2022,29/11/2022,,,1,0,1,1,1,Approved,29/11/2022,,,
16/05560/FULL1,Bromley Custodian Code,05/12/2016,Completed,All Other,"Two storey rear extension, roof alterations and construction of side dormer extension together with conversion of building to provide 2 one bedroom and 4 two bedroom flats, car parking to front, bin stores, cycle stores, amenity space and associated landscaping.",,44,Westmoreland Road,,BR2 0QS,09/08/2021,04/11/2022,,,6,1,5,5,5,Approved,20/02/2017,,,
220244VAR,Ealing,01/03/2022,Completed,All Other,"Minor material amendment (S.73) to vary condition no.2 (approved plans), seeking to allow internal layout changes and amendments to the unit mix, in pursuant to planning permission reference 194300FUL dated 05.08.2020 for 'Change of use from office space (use class B1) at first-floor level into 5x residential flats (use class C3) with associated cycle and refuse storage' (Retrospective)",15 Leeland Road,,Leeland Road,London,W13 9HH,,06/07/2022,,,5,0,5,5,5,Approved,06/07/2022,,,https://pam.ealing.gov.uk/online-applications/PLAN/220244VAR;
2020/4547,Wandsworth,24/02/2021,Completed,All Other,"Alterations including erection of 2 x rear dormers, 3 x side rooflights and a rear rooflight to roof in connection with creation of a 1 x 1-bed/studio flat.",Nightingale Mansions,42,Nightingale Lane,London,SW12 8TN,23/03/2022,17/02/2023,,,1,0,1,1,1,Approved,28/05/2021,,,http://planning.wandsworth.gov.uk/Northgate/PlanningExplorer/DisplayAppDetails.aspx?AppNo=2020/4547
20/0361/FUL,Richmond upon Thames,22/04/2020,Completed,All Other,"Enlargement of existing dormer on rear roof, replacement shopfront, replacement windows to front and rear, removel of exisitng lean to at rear first floor level to facilitate change of use of part ground floor, first, second and third floors from A4 to C3 (Residential) to create 3 flats (2 x studio and 1 x 2 bed flats) with associated cycle and refuse stores.",,"26, 28",York Street,,TW1 3LJ,01/10/2020,31/03/2023,,,3,1,2,2,2,Approved,31/07/2020,,,
2021/2756,Hackney,06/09/2021,Completed,All Other,Amalgamation of flats into a single dwellinghouse together with the construction of a rear extension.,,131,RENDLESHAM ROAD,HACKNEY,E5 8PA,25/10/2021,04/08/2022,,,1,2,-1,-1,-1,Approved,25/10/2021,,,/planning/index.html?fa=getApplication&id=71318
HGY/2016/3482,Haringey,,Completed,All Other,"Demolition of all existing buildings and redevelopment to provide 80 residential units (C3 use), comprising: 69 flat apartments across 3 building blocks rising from 3 and 4 storeys to part 5 and 6 storeys and 11 houses, rising from 2 to 3 and a half storeys, together with associated infrastructure, vehicular and cycle parking (subterranean and ground), public realm and landscaping works",Coppetts Wood Hospital,Coppetts Wood Hospital,Coppetts Road,,N10 1JN,10/06/2020,10/01/2023,,,77,0,77,77,77,Approved,27/04/2017,,,
17/06318/FUL,Croydon,,Completed,All Other,"Redevelopment of part of site to provide part 5, 22 and 25-storey mixed used building, incorporating 128 no. residential units (Class C3) in addition to flexible commercial floorspace (Class A1/A3/B1/D2) on lower levels, as well as new vehicular access, residential car parking spaces, new public realm including shared pedestrian and cycle access through the site.",Wandle Road Car Park,Wandle Road Car Park,Wandle Road,Croydon,CR0 1DX,02/02/2019,31/12/2022,,,128,0,128,128,128,Approved,30/07/2018,,,
19/1098/FUL,Richmond upon Thames,23/05/2019,Completed,All Other,"Demolition of detached house, construction of four classrooms and a multi use hall complete with change of use from residential to education.",,190,Sheen Lane,East Sheen,SW14 8LF,16/08/2021,01/11/2022,,,0,1,-1,-1,-1,Approved,27/08/2019,,,
20/03106/PIA,Enfield,19/10/2020,Completed,Prior Approval,Change of use of the ground floor from a retail (A1) to one residential unit at ground floor.,,339,Ordnance Road,,EN3 6HE,01/04/2022,31/03/2023,,,1,0,1,1,1,Refused,05/03/2021,,,
2021/1311,Wandsworth,26/03/2021,Completed,All Other,Erection of a single storey (ground floor and mezzanine) rear extension to provide 1x1 bedroom flat with rear roof terrace. enlargement of rear balconies to all upper floors.,259 - 263 Wimbledon Park Road SW19 6NW,,,,,31/03/2022,11/09/2022,,,1,0,1,1,1,Approved,12/05/2021,,,
22/05415/CLEUD,Westminster,25/08/2022,Completed,All Other,"Use of first, second and third floors as 6 self-contained residential units (Use Class C3).",,19,Westbourne Grove,,W2 4UA,29/09/2022,29/09/2022,,,6,0,6,6,6,Approved,29/09/2022,,,
22/3746/191,Barnet,21/07/2022,Completed,All Other,Use as 5no. self-contained flats,Temple Fortune Mansions,,Finchley Road,,NW11 0QX,18/08/2022,18/08/2022,,,5,1,4,4,4,Approved,18/08/2022,,,
P/0308/19,Harrow,22/01/2019,Completed,All Other,Redevelopment to provide part 5/part 6 storey building comprising of 40 flats (15 x 1bed 19 x 2 bed and 6 x 3 bed); cycle and bin stores; parking (demolition of synagogue),Middlesex New Synagogue,,Bessborough Road,,HA1 3BS,14/06/2021,10/01/2023,,,40,0,40,40,40,Approved,23/04/2019,,,
22/02840/ELUD,Bromley Custodian Code,18/07/2022,Completed,All Other,Use as the premises as an HMO LAWFUL DEVELOPMENT CERTIFICATE (EXISTING),,8,Teal Avenue,,BR5 3NE,25/01/2023,25/01/2023,,,1,1,0,0,0,Approved,25/01/2023,,,
2022/0662,Hackney,11/03/2022,Completed,All Other,A certificate of lawfulness (existing use) for the use of the property as a single residential unit.,"Second Floor Unit 1b, Academy Buildings",,FANSHAW STREET,HACKNEY,N1 6LQ,01/04/2023,01/04/2023,,,1,0,1,1,1,Approved,28/04/2022,,,/planning/index.html?fa=getApplication&id=72954
P1926.20,Havering,07/01/2021,Commenced,All Other,"Demolition of existing garage, and the erection of 2 storey 3-bed end terrace dwelling (with associated car parking, raised patio and amenity space), and the erection of single storey rear extension and front porch to existing dwelling",36 NEWMARKET WAY,,HORNCHURCH,,RM12 6DS,06/09/2021,,,,1,0,1,1,1,Approved,06/05/2021,,,http://development.havering.gov.uk/OcellaWeb/planningDetails?reference=P1926.20
20/2490/FUL,Richmond upon Thames,07/09/2020,Completed,All Other,Conversion of the first and second floor c3 single dwelling (ex-HMO) into 2no. Self contained flats. Consisting of two 2 bedroom 3 person flats. Provision for external bin & cycle storage to the rear.,112A Heath Road Twickenham TW1 4BW,,,,TW1 4BW,05/01/2021,22/11/2022,,,2,1,1,1,1,Approved,09/11/2020,,,
221180FUL,Ealing,18/03/2022,Completed,All Other,Conversion of single dwellinghouse into two self-contained residential units; facilitated by first floor rear extension; and associated external alterations,28 Beechmount Avenue,,Beechmount Avenue,London,W7 3AG,23/05/2022,21/02/2023,,,2,1,1,1,1,Approved,12/05/2022,,,https://pam.ealing.gov.uk/online-applications/PLAN/221180FUL;
DM2020/01548,Sutton,09/10/2020,Completed,All Other,"Demolition of existing dwelling and erection of two semi-detached three storey dwellings with accommodation in roof space and steps down to rear gardens. Provision of new vehicular access, enlargement of existing vehicular access, car parking at front, detached refuse and cycle stores, provision of new boundary treatment and associated landscaping.",,76,Oxford Road,,SM5 3QX,10/02/2021,04/07/2022,,,2,1,1,1,1,Approved,30/11/2020,,,
190312FUL,Ealing,23/01/2019,Commenced,All Other,"Redevelopment to provide Co-living accommodation comprising of 335 rooms (Sui Generis), 2,557sqm of communal multi use space, 1,117sqm of external terrace areas, with building heights between of 1 and 8 storeys; with associated blue badge parking and cycle parking, hard and soft landscaping and public realm enhancements.",Land South Of Vardon Close,Land South Of Vardon Close,Western Avenue,Acton,W3 6YW,13/01/2020,,,,335,0,335,335,335,Approved,04/07/2019,,,https://pam.ealing.gov.uk/online-applications/PLAN/190312FUL;
20/03170/FUL,Croydon,20/07/2020,Completed,All Other,Conversion to 2 x 1 bedroom flats,,147A,Addington Road,,CR2 8LH,01/04/2022,31/03/2023,,,2,1,1,1,1,Approved,16/12/2020,,,
214333FUL,Ealing,23/06/2021,Completed,All Other,"Conversion of existing dwelling house into two self contained flats and provision of associated refuse, recycling and cycle storage; Single storey side/rear (wrap around) extension(following demolition of existing rear conservatory); Single storey rear infill extension.",125 Greenford Avenue,,Greenford Avenue,London,W7 1HA,,01/12/2022,,,3,1,2,2,2,Approved,17/08/2021,,,https://pam.ealing.gov.uk/online-applications/PLAN/214333FUL;
212044FUL,Ealing,23/02/2021,Completed,All Other,Conversion of existing dwelling house to two self-contained units with associated bin storage and external alterations to elevations; replacement of existing boundary wall,7 Pleasant Way,,Pleasant Way,Wembley,HA0 1DH,,01/09/2022,,,2,1,1,1,1,Approved,19/04/2021,,,https://pam.ealing.gov.uk/online-applications/PLAN/212044FUL;
16/00560/FUL,Tower Hamlets,,Completed,All Other,"Full planning application for the redevelopment of the site with the erection of a building of five (5) storeys, with basement to provide 501sqm of light industrial floorspace (Use Class B1c), 279sqm of office (Use Class B1a) and 9 self-contained residential units (Use Class C3) with associated open space, cycle parking, refuse and recycling facilities and roof top landscaping.",,1,Beachy Road,,E3 2ND,01/06/2021,31/03/2023,,,9,0,9,9,9,Approved,24/02/2017,,,
16/00428/FUL,London Borough of Bexley,04/05/2016,Completed,All Other,Demolition of existing buildings and erection of a part two/part three storey building comprising a commercial retail unit with storage and warehousing at ground floor level and 2 x 1 bed and 4 x 2 bed flats above with communal terrace and privacy screen. Provision of 6 parking spaces to rear along with secure cycle and refuse storage.,,178,Park View Road,,DA16 1ST,08/04/2022,08/04/2022,,,6,1,5,5,5,Approved,11/07/2016,,,
20/05042/GPDO,London Borough of Croydon,30/09/2020,Completed,Prior Approval,Prior approval for a change of use of part of the existing betting shop (sui generis) to C3 dwellinghouses) to create 4 no flats,,1A,Northwood Road,,CR7 8HU,01/01/2023,31/03/2023,,,4,0,4,4,4,Approved,24/11/2020,,,
22/02955/CEU,Enfield,25/08/2022,Completed,All Other,"Use of a single family dwellinghouse as supported living accommodation Class C2, for up to 6 residents living together as a single household with shared facilities.",,7,Holtwhites Hill,,EN2 0RP,21/11/2022,21/11/2022,,,0,1,-1,-1,-1,Approved,21/11/2022,,,
19/05870/FUL,Croydon SLA Code,13/12/2019,Completed,All Other,Erection of single storey rear extension and associated external alterations to facilitate conversion of office accommodation B1(a) to 3 bedroom dwelling (C3).,,29,Cuthbert Road,,CR0 3RB,01/04/2021,16/01/2023,,,1,0,1,1,1,Approved,06/02/2020,,,
17/06034/P3O,Lambeth,13/12/2017,Completed,Prior Approval,Prior approval for the change of use of the building from office (Use Class B1(a)) to 2 residential dwellings (Use Class C3).,163 Gleneldon Mews London SW16 2AZ,,,,,01/04/2022,31/03/2023,,,2,0,2,2,2,Approved,16/03/2018,,,
P2022/0408/FUL,Islington,28/02/2022,Completed,All Other,"Conversion of existing dwelling into 3no self-contained flats including part single, part two storey rear extensions. Associated refuse/recycling storage and amenity space",,114,Hazellville Road,London,N19 3NA,,16/03/2023,,,3,1,2,0,2,Approved,24/10/2022,,,
3166/21,Redbridge,29/07/2021,Completed,All Other,Change of use from a single dwelling house to supported living accomodation for up to 6 people. (Summry).,"2, Danehurst Gardens, Ilford, IG4 5HQ",2,Danehurst Gardens,,IG4 5HQ,11/04/2022,14/03/2023,,,1,1,0,0,0,Approved,11/08/2021,,,
221286CPE,Ealing,24/03/2022,Completed,All Other,Continued use of first and second floor as three self-contained flats (Lawful Development Certificate for an Existing Development),"1St Flr Rear Flat 127A, 1St Flr Front Flat 127B And 2Nd Flr Flat 127C",,The Broadway,Southall,UB1 1LW,01/09/2022,01/09/2022,,,3,1,2,2,2,Approved,01/09/2022,,,https://pam.ealing.gov.uk/online-applications/PLAN/221286CPE;
16/4384/FUL,Richmond upon Thames,13/12/2016,Completed,All Other,"Demolition of the existing garage and erection of a new partially sunken one-bedroom, single-storey dwelling, and provision of a new boundary wall and entrance gate.",Land Junction Of North Worple Way And Wrights Walk Rear Of,31,Alder Road,Mortlake,,26/10/2020,15/11/2022,,,1,0,1,1,1,Approved,27/10/2017,,,
20/01651/FULL1,Bromley,11/05/2020,Completed,All Other,"Conversion of existing roof space into 2 bedroom self-contained flat. Alterations to existing roof to include raising of ridge height, small front dormer window with two rooflights to front elevation. Two pitched rear dormer windows with one rear rooflight in the rear elevation and one rooflight in the flank elevation.",St Clare Court,5,Foxgrove Avenue,,BR3 5BG,21/06/2023,24/10/2022,,,1,0,1,1,1,Approved,10/01/2021,,,
21/03877/P3MA,London Borough of Lambeth,11/10/2021,Completed,All Other,"Prior Approval for the change of use of the ground floor from commercial, business and service (E) to residential (C3) to provide a single residential unit.",,130,Landor Road,,SW9 9JB,04/08/2022,13/09/2022,,,1,0,1,1,1,Approved,26/01/2022,,,
21/01240/NMC,London Borough of Lambeth,25/03/2021,Completed,All Other,Application for a non-material amendment following a grant of prior approval ref 20/02588/P3O (Application for Prior Approval for the change of use of existing offices at ground floor and first floor (Use Class B1) to 6 flats (Use Class C3).) granted on 03.12.2020.,,"41A, 45",Knight's Hill,,SE27 0HS,,15/08/2022,,,3,0,3,3,3,Approved,17/05/2021,,,
20/3707/FUL,Richmond upon Thames,26/01/2021,Completed,All Other,"Erection of 1 x residential flat with associated access, cycle and bin store.",63 Sandycombe Road Richmond TW9 2EP,,,,TW9 2EP,01/09/2022,31/03/2023,,,1,0,1,1,1,Approved,07/06/2021,,,
2021/02891/FUL,Hammersmith & Fulham,06/09/2021,Completed,All Other,"Erection of a rear roof extension; erection of a rear extension at second floor level over part of the existing back addition; installation of 3no rooflights in the front roofslope, 2no rooflights above the main flat roof at roof level and 1no rooflight above the roof of second floor rear back addition; installation of French doors with a Juliet balcony to replace the existing window at first floor level to the rear elevation; conversion of the first and second floor level into 1 x 1 bedroom and 1 x 3 bedroom self-contained flats.",,410,Fulham Palace Road,London,SW6 6HX,28/01/2022,10/08/2022,,,3,1,2,2,2,Approved,01/11/2021,,,
21/03571/FUL,Enfield,27/09/2021,Completed,All Other,Conversion of single family dwelling house into 2no. self-contained flats.,,184,Hazelwood Lane,,N13 5HJ,01/04/2022,31/03/2023,,,2,1,1,1,1,Approved,22/11/2021,,,
216631FUL,Ealing,18/11/2021,Completed,All Other,"Conversion of existing property to two self-contained units; alteration to external elevations, involving installation of windows and door to side elevation; cycle and refuse storage.",11 Dudley Road,,Dudley Road,Southall,UB2 5AR,12/10/2020,29/07/2022,,,2,1,1,1,1,Approved,05/01/2022,,,https://pam.ealing.gov.uk/online-applications/PLAN/216631FUL;
191424FUL,Ealing,25/04/2019,Completed,All Other,"Construction of detached two-bedroom bungalow with associated parking, amenity space, refuse and cycle storage",142 Islip Manor Road,142,Islip Manor Road,Northolt,UB5 5EE,21/10/2021,07/09/2022,,,1,0,1,1,1,Approved,06/09/2019,,,https://pam.ealing.gov.uk/online-applications/PLAN/191424FUL;
1205/20,Redbridge,23/04/2020,Completed,Prior Approval,Change of use of rear ground floor from shop (A1) to 1 residential unit (C3). (Summary),Development At 63,63,High Road,London,,20/08/2021,15/05/2022,,,1,0,1,1,1,Approved,17/06/2020,,,
21/00374/FUL,Newham,27/07/2021,Commenced,All Other,"Full Application for the Change of Use from a live/work unit to 1 residential unit (Use Class C3) and 1 commercial, business and/or service unit (Use Class E), except for food / drink related commerical uses.",The Lock Building,72,High Street,Stratford,E15 2QB,01/04/2022,,,,1,1,0,0,0,Approved,02/11/2021,,,
P1211.21,Havering,25/06/2021,Commenced,All Other,"Change of Use of ground floor from Use Class E(e) (Doctors Surgery) to Use Class C3 (Dwellings), single storey rear extension and conversion of roof space to habitable use to include front and rear dormers to facilitate the creation of 4 x 1-bed and 2 x 2-bed self-contained flats, with associated parking and amenity space, involving demolition of existing extensions and detached garage with external alterations, roof lights and boundary treatments",138-140 Station Lane,,(Doctors Surgery),Hornchurch,RM12 6LU,07/02/2022,,,,6,2,4,4,4,Approved,26/11/2021,,,http://development.havering.gov.uk/OcellaWeb/planningDetails?reference=P1211.21
22/02822/LDCE,Lambeth,24/08/2022,Completed,All Other,The use of the ground floor as two self-contained flats.,,165A,Fentiman Road,,SW8 1JY,05/04/2023,05/04/2023,,,2,1,1,1,1,Approved,05/04/2023,,,
22/03443/CEU,Enfield,13/10/2022,Completed,All Other,Use of property as 2 x self-contained flats.,,79,North Circular Road,,N13 5EQ,08/12/2022,08/12/2022,,,2,1,1,1,1,Approved,08/12/2022,,,
22/01398/ELUD,Bromley,31/03/2022,Completed,All Other,Existing use of the dwelling as a 6 bedroom House in Multiple Occupation (Use Class C4) LAWFUL DEVELOPMENT CERTIFICATE (EXISTING),,173,Churchfields Road,,BR3 4QY,25/05/2022,25/05/2022,,,2,2,0,0,0,Approved,25/05/2022,,,
19/04191/FUL,London Borough of Croydon,23/09/2019,Completed,All Other,"Demolition of existing bungalow and erection of a three storey building with accommodation in the roofspace, comprising of 9 units with associated landscaping, parking, accesses as well as cycle and refuse storage.",,22,Lynne Close,,CR2 8QA,08/06/2021,27/01/2023,,,9,1,8,8,8,Approved,03/06/2020,,,
20/P4086,Merton,14/12/2020,Completed,All Other,DEMOLITION OF EXISTING PROPERTY AND ERECTION OF 9 X SELF-CONTAINED FLATS,Elm Park House,87,Robinson Road,London,,21/06/2021,08/11/2022,,,9,1,8,8,8,Approved,28/04/2021,,,http://planning.merton.gov.uk/Northgate/PlanningExplorer/DisplayAppDetails.aspx?AppNo=20/P4086
20/02360/FULL2,Bromley,10/07/2020,Completed,All Other,Change of use of ground floor from retail units to 1 two bedroom and 1 one bedroom flats with front terraces and landscaping.,,156,Main Road,,TN16 3BA,13/10/2021,12/04/2022,,,2,0,2,2,2,Refused,11/11/2020,,,
3481/20,Redbridge,23/10/2020,Completed,All Other,"Demolish bungalow. Erection of two 3 x bedroom semi-detached dwelling houses with associated car parking, cycle storage, refuse storage and amenity space. (Summary). (AMENDED)",,22,Beattyville Gardens,Barkingside,IG6 1JW,26/05/2021,26/01/2023,,,2,1,1,1,1,Approved,24/12/2020,,,
14/02155/OUTM33,Bexley,29/08/2019,Completed,All Other,"Details of reserved matters being access, appearance, landscaping, layout and scale for Parcel 13 to provide x13 dwellings and associated works including internal road network and associated highway works, landscaping, informal open space, car and cycle parking together with associated works pursuant to planning permission 14/02155/OUTM",Erith Quarry Fraser Road Erith Kent,,Fraser Road,,DA8 1QU,01/12/2020,01/04/2023,,,13,0,13,13,13,Approved,01/07/2020,,,
19/P2072,Merton,20/05/2019,Completed,All Other,ERECTION OF SECOND FLOOR EXTENSION ABOVE SHOPS TO CREATE 2 x SELF-CONTAINED FLATS,Former,2B,Gladstone Road,Wimbledon,,01/11/2021,01/11/2022,,,2,0,2,2,2,Approved,10/10/2019,,,http://planning.merton.gov.uk/Northgate/PlanningExplorer/DisplayAppDetails.aspx?AppNo=19/P2072
72704/APP/2017/1068,Hillingdon,,Completed,All Other,"Proposed demolition of the existing garage blocks and erection of 6 houses with rear dormers, parking spaces, all associated external works and changes to the front and rear gardens of 13 Nelson Road to widen the existing access.",6-16,6-16,Nelson Road,Uxbridge,UB10 0PU,14/03/2019,07/02/2023,,,6,0,6,6,6,Approved,18/08/2017,,,
221308CPE,Ealing,25/04/2022,Completed,All Other,Continued use of existing house as 3 self-contained flats (Lawful Development Certificate for an Existing Use),66 Eccleston Road,,Eccleston Road,London,W13 0RL,18/10/2022,18/10/2022,,,3,1,2,2,2,Approved,18/10/2022,,,https://pam.ealing.gov.uk/online-applications/PLAN/221308CPE;
P0002.21,Havering,04/01/2021,Completed,All Other,Two storey side extension to allow for conversion of two storey dwelling into 2 x 3-bed semi-detached bungalows with habitable roof space.,42 Keats Avenue,,Romford,,RM3 7AX,31/03/2022,31/03/2023,,,2,1,1,1,1,Approved,19/02/2021,,,http://development.havering.gov.uk/OcellaWeb/planningDetails?reference=P0002.21
19/03539/FUL,London Borough of Croydon,26/07/2019,Completed,All Other,"Demolition of a single-family dwelling and erection of a one 3 and 4-storey block containing 7 flats and 2 houses with associated access, car parking, cycle and refuse storage.",,105,Woodcote Grove Road,,CR5 2AN,08/01/2021,06/03/2023,,,9,1,8,8,8,Approved,06/02/2020,,,
19/00941/FULM,London Borough of Bexley,25/04/2019,Completed,All Other,"Demolition of existing buildings, rebuilding of the existing Barn to provide 35 residential units (Use Class C3) as Affordable Homes (Shared Ownership and Affordable Rent) comprising 22 x 2 bed flats, 1 x 2 bed house, 7 x 3 bed houses and 5 x 4 bed houses and provision of car parking, cycle parking, landscaping and associated infrastructure.",Land East Of Maiden Lane Crayford Dartford Kent DA1 4LX,,,,,,31/07/2022,,,35,0,35,35,35,Approved,10/03/2020,,,
HGY/2020/0158,Haringey,03/01/2020,Commenced,All Other,Demolition of existing buildings and erection of a five-storey building (plus basement) comprising of a retail unit at ground and basement levels and nineteen residential units above; and associated landscaping and the provision of an outdoor children's p,"300-306, West Green Road, London, N15 3QR",300,,,,16/03/2022,,,,38,8,30,30,1,Refused,14/07/2020,,,https://londonboroughofharingey.force.com/pr/s/planning-application/a0i8d000002GGBnAAO
22/02086/LE,London Borough of Croydon,18/05/2022,Completed,All Other,Use of the ground-floor flat as two 1-bedroom flats (existing use).,,48,Crescent Way,Norbury,SW16 3AJ,06/07/2022,06/07/2022,,,2,1,1,1,1,Approved,06/07/2022,,,
2021/1437,Wandsworth,26/03/2021,Completed,All Other,Erection of single storey ground floor extension to the rear of the property and minor alterations within front lightwell and side elevation associated with the conversion of the lower ground to 1 x 1 bed and 1 x 2 bed residential dwellings.,,19,Melrose Road,,SW18 1ND,09/03/2022,18/01/2023,,,2,1,1,1,1,Approved,28/07/2021,,,http://planning.wandsworth.gov.uk/Northgate/PlanningExplorer/DisplayAppDetails.aspx?AppNo=2021/1437
21/01819/FULL,Westminster,06/04/2021,Completed,All Other,"Creation of rear basement lightwell, replacement fenestration to rear facade including creation Juilet balcony at rear ground floor level. Change of use of basement from office to residential (Class C3). Internal alterations including the removal and addition of partitions. (Linked to 21/01820/LBC)",Ground Floor,3,Hyde Park Place,,W2 2LH,21/05/2021,16/08/2022,,,1,0,1,1,1,Approved,21/05/2021,,,
2021/4834,Wandsworth,21/10/2021,Commenced,All Other,"Alterations including erection of mansard roof extension including raising the ridge by 300mm, extension above two storey back addition, and the formation of roof terrace with 1.7m high screen surround, in connection with use as a single dwellinghouse.",,12,Steerforth Street,,SW18 4HH,11/10/2022,,,,1,2,-1,-1,-1,Approved,20/12/2021,,,http://planning.wandsworth.gov.uk/Northgate/PlanningExplorer/DisplayAppDetails.aspx?AppNo=2021/4834
20/03623/FUL,London Borough of Croydon,13/08/2020,Completed,All Other,"Demolition and erection of 5 houses and associated car parking, cycle parking, refuse storage and landscaping",,82,Pollards Hill North,Norbury,SW16 4NY,31/03/2023,01/04/2023,,,5,1,4,4,4,Approved,25/08/2021,,,
190263FUL,Ealing,21/01/2019,Completed,All Other,Conversion of dwellinghouse into two flats; and construction of rear roof dormer extension and rooflights to the front roof slope (part retrospective),78 Abbotts Road,78,Abbotts Road,Southall,UB1 1HU,01/04/2019,09/05/2022,,,2,1,1,1,1,Approved,01/04/2019,,,https://pam.ealing.gov.uk/online-applications/PLAN/190263FUL;
21/AP/3144,London Borough of Southwark,01/10/2021,Completed,All Other,Change of use of a flat into a 3 bed/4 person House in Multiple Occupation (HMO).,Thaxted Court Abbeyfield Estate,20,Abbeyfield Road,,SE16 2BU,,01/02/2023,,,1,1,0,0,0,Approved,14/01/2022,,,
23/0180/ES191,Richmond upon Thames,23/01/2023,Completed,Prior Approval,"house has been in use as a separate, self-contained dwelling for a continuous period of at least 4 years",,5A,Kentwode Green,Barnes,SW13 9AD,06/03/2023,06/03/2023,,,1,0,1,1,1,Approved,06/03/2023,,,
22/04372/LDCE,London Borough of Lambeth,09/12/2022,Completed,All Other,Application for the lawful development certificate (existing) for the use of 159a Gleneldon Mews as a self-contained flat.,,159,Gleneldon Mews,,SW16 2AZ,03/02/2023,03/02/2023,,,1,0,1,1,1,Approved,03/02/2023,,,
22/1998/191,Barnet,13/04/2022,Completed,All Other,Use as 3no. self-contained flats,,28,Brookside Road,Golders Green,NW11 9NE,11/05/2022,11/05/2022,,,3,1,2,2,2,Approved,11/05/2022,,,
203044FUL,Ealing,05/08/2020,Completed,All Other,Conversion of part of rear ground floor offices (Use Class B1(a)) into 1 self contained residential unit (Use Class C3) and associated external alterations to the facade and rear elevations.,84D And 84F Bilton Road,,Bilton Road,Greenford,UB6 7DE,,23/07/2022,,,1,0,1,1,1,Approved,14/07/2021,,,https://pam.ealing.gov.uk/online-applications/PLAN/203044FUL;
E0048.22,Havering,23/12/2022,Completed,All Other,"Flats nos 10,11 and 12 comprising 3 no. self contained 1 bedroom flats",Arden Court,,13 Squirrels Heath Road,Romford,RM3 0LH,17/02/2023,17/02/2023,,,3,0,3,3,3,Not Required,17/02/2023,,,http://development.havering.gov.uk/OcellaWeb/planningDetails?reference=E0048.22
21/00370/PIA,Enfield,10/02/2021,Completed,Prior Approval,Change of use of ground floor from retail (Class A1) to 1-bed residential unit (Class C3) with alterations to front elevation.,,54,Browning Road,,EN2 0EW,01/04/2022,31/03/2023,,,1,0,1,1,1,Refused,07/04/2021,,,
20/00335/FUL,Tower Hamlets,02/09/2020,Completed,All Other,Full planning permission for replacement windows and doors at ground and first floor level; the incorporation of a new stairwell; facade treatment to the existing 2-storeys; and a metal clad roof extension to provide a new residential (C3) unit to fill the full floorplate (including amenity space).,,32A,429-431 Wick Lane,Fish Island,E3 2JG,01/04/2022,31/03/2023,,,1,0,1,1,1,Approved,12/02/2021,,,
20/00906/FULL1,Bromley,16/03/2020,Completed,All Other,Demolition of existing garage and construction of two storey 2 bedroom dwelling with associated car parking,,6,Pembury Close,Hayes,BR2 7PS,01/05/2022,01/05/2022,,,1,0,1,0,1,Approved,30/06/2020,,,
195346OPDFUL,Ealing,03/12/2019,Completed,All Other,"Construction of a part nine and part four storey building with excavation of basement area to provide 38 self-contained residential units and community space with associated cycle parking, refuse storage, hard and soft landscaping for amenity space and children's play space (Following demolition of existing building and change of use)'. Amendment seeks alterations to fenestration, reduction in GIA, alteration to basement.",80 Goodhall Street,,Goodhall Street,London,NW10 6TS,01/04/2021,31/03/2023,,,38,0,38,38,38,Approved,09/09/2020,,,https://pam.ealing.gov.uk/online-applications/PLAN/195346OPDFUL;
21/04404/CEU,Enfield,19/01/2022,Completed,All Other,Use of single family dwelling as 4x self-contained flats.,,233,Church Street,,N9 9HL,20/09/2022,20/09/2022,,,4,1,3,3,3,Approved,20/09/2022,,,
18/05980/FUL,Croydon,14/01/2019,Completed,All Other,"Erection of single storey rear extension and part single, part two storey rear extension to rear outrigger. Enlargement of rear dormer window and conversion of resulting building to provide 1 x 3-bed and 1 x 2-bed flats (further amended drawings).",,39,Elgin Road,,CR0 6XD,01/04/2021,31/03/2023,,,2,1,1,1,1,Approved,02/05/2019,,,
20/04370/FUL,Lambeth,17/12/2020,Completed,All Other,Conversion of the 2 existing flats into 1 single dwelling.,,36,Woodland Hill,,SE19 1NY,01/04/2022,31/03/2023,,,1,2,-1,-1,-1,Approved,11/02/2021,,,
68974/APP/2019/2774,Hillingdon,16/08/2019,Completed,All Other,"Application to modify a s.106 obligation for planning application reference 68974/APP/2018/2146 (Application for demolition of all buildings on site to enable redevelopment to provide 118 new residential units (Use Class C3) and commercial floor space (Use Class A1-A5 and B1) with a new vehicle access, associated vehicle and cycle parking, communal amenity space, child play space and associated landscaping and plant) to amend Schedule 1 'Affordable Housing' mortgagee in possession details.",30/32,,BLYTH ROAD,,UB3 1BY,27/05/2020,01/03/2023,,,118,0,118,118,118,Approved,27/05/2020,,,http://planning.hillingdon.gov.uk/OcellaWeb/planningDetails?reference=68974/APP/2019/2774
21/P1582,Merton,11/05/2021,Completed,All Other,"CONVERSION OF MAISONETTE INTO 2 X SELF-CONTAINED FLATS, INSTALLATION OF EXTERNAL REAR STAIRCASE, CREATOIN OF NEW FIRST FLOOR ROOF TERRACE",,43A,Hotham Road,London,SW19 1BS,27/01/2022,27/01/2023,,,2,1,1,1,1,Approved,25/01/2022,,,http://planning.merton.gov.uk/Northgate/PlanningExplorer/DisplayAppDetails.aspx?AppNo=21/P1582
216520FUL,Ealing,11/11/2021,Completed,All Other,"Conversion of a single dwellinghouse into three self-contained flats; and provision of associated landscaping, amenity space, cycle storage and refuse storage",17 Anthony Road,,Anthony Road,Greenford,UB6 8HF,01/07/2021,17/06/2022,,,3,1,2,2,2,Approved,13/01/2022,,,https://pam.ealing.gov.uk/online-applications/PLAN/216520FUL;
P2017/4763/FUL,Islington,13/12/2017,Completed,All Other,"The construction of 19 new dwelling units comprising 3 x 1B2P units, 9 x 2B4P, and 7 x 3B5P units with associated amenity space, and 13.6sqm of communal storage space, provided in a new residential block ranging from two to six storeys in height, along with bicycle storage, and improvements to the public realm.",Street Record,,Wedmore Street,London,,31/08/2020,07/10/2022,,,19,0,19,19,19,Approved,23/04/2018,,,
P2021/1999/FUL,Islington,09/08/2021,Completed,All Other,Proposed reconfiguration of existing residential flats on 1st and 2nd floors to create 5no. additional flats plus window additions.,Well House,23A,Benwell Road,London,,20/01/2023,20/01/2023,,,5,0,5,5,5,Approved,18/10/2021,,,
P1743.20,Havering,19/01/2021,Commenced,All Other,"Ground floor rear extensions together with reformation of the approved external staircase and walk way at flat roof level to facilitate access to self-contained flats at upper parts. Change of use of ground floor (116) from B1 to A1/B1, change of use of ground floor (114) from sui generis to A1/B1. Conversion of roof space to habitable use to include rear dormer and 2 front roof lights to allow for conversion of existing flat into 1 x 1-bed flat and 1 x studio at 114 and 1 x 1 bed flat and 1 x studio at 116.",114 to 118 Collier Row Road,,Romford,,RM5 2BB,23/02/2021,,,,4,1,3,3,3,Approved,09/04/2021,,,http://development.havering.gov.uk/OcellaWeb/planningDetails?reference=P1743.20
22/03404/LDCE,London Borough of Lambeth,22/09/2022,Completed,All Other,Application for a Certificate of Lawful Development (Existing) with respect to the use of the property as 3 self-contained flats.,,71,Sternhold Avenue,,SW2 4PB,15/11/2022,15/11/2022,,,3,1,2,2,2,Approved,15/11/2022,,,
DM2020/01877,London Borough of Sutton,16/11/2020,Completed,All Other,Conversion of loft space involving a dormer extension at rear and rooflights to front roofslope to provide 1 self contained residential unit.,,47A,Lower Road,,SM1 4QR,21/10/2022,13/01/2023,,,1,0,1,1,1,Approved,12/02/2021,,,
21/04832/FULL,Westminster,15/07/2021,Completed,All Other,"Alterations including replacement doors, windows and rooflights associated with the use of the buildings as four residential units at ground and first floor (Class C3) includes change of use of ground floor from office to residential use and associated works.",,"3, 9",Huntsworth Mews,,NW1 6DE,,23/05/2022,,,4,0,4,4,4,Approved,21/10/2021,,,
19/01012/FUL,Enfield,25/03/2019,Completed,All Other,Conversion of upper floors into 2 self-contained flats comprising (2 x 2 bed) and alterations to the external elevations,,25,Church Street,,EN2 6AF,01/04/2022,31/03/2023,,,2,0,2,2,2,Approved,20/05/2019,,,
22/04135/LDCE,London Borough of Lambeth,21/11/2022,Completed,All Other,Application for a Certificate of Lawful Development (Existing) with respect to the use of the property as 3 self-contained flats.,57 Clarence Crescent London Lambeth SW4 8LJ,,,,,06/02/2023,06/02/2023,,,3,1,2,2,2,Approved,06/02/2023,,,
21/4215/FUL,London Borough of Barnet,29/07/2021,Completed,All Other,"Conversion of the existing dwelling into 3no self-contained flats including part single, part two storey side extension. Associated parking, cycle store, refuse and recycling store and private and communal amenity space",,79,Hendon Way,,NW2 2LY,09/02/2023,09/02/2023,,,3,1,2,2,2,Approved,07/01/2022,,,
PA/18/03428/A2,Tower Hamlets,05/12/2018,Completed,Prior Approval,Notification for Prior Approval for a Proposed change of use of the existing Class B1(a) (office) floorspace to Class C3 (residential) use to provide 99 units.,"Boatmans House, 2","Boatmans House, 2",Selsdon Way,,E14 9LA,14/06/2022,14/06/2022,,,99,0,99,99,99,Approved,21/01/2019,,,
195194FUL,Ealing,09/12/2019,Completed,All Other,"Construction of a part two storey, part single storey detached dwelling house and widening of existing shared access driveway.",9 Warren Drive,,Warren Drive,Greenford,UB6 9ER,21/07/2020,18/03/2023,,,1,0,1,1,1,Approved,18/06/2020,,,https://pam.ealing.gov.uk/online-applications/PLAN/195194FUL;
19/03702/FUL,Enfield,28/10/2019,Completed,All Other,Conversion of single family dwelling into 3 self contained flats comprising (2 x 2 bed and 1 x 3 bed) with associated amenity and parking.,9 Blagdens Close N14 6DE,,,,N14 6DE,12/03/2021,31/03/2023,,,3,1,2,2,2,Approved,15/01/2020,,,
20/02272/FULL,Barking and Dagenham,20/11/2020,Completed,All Other,Construction of a new 1x bedroom dwelling house at land rear.,,149,ALIBON ROAD,,RM10 8DE,01/04/2022,29/04/2022,,,1,0,1,1,1,Refused,18/12/2020,,,/planning/index.html?fa=getApplication&id=26788
P2017/4793/FUL,Islington,07/12/2017,Completed,All Other,Conversion of two existing maisonettes to single residential unit. Demolition and replacement of non-original shopfront and late C20 rear extension. Erection of new mansard roof in place of non-original roof (rebuilt in C20). Internal and external alterations to the listed building. Listed Building Consent application P2018/0095/LBC also submitted.,,99,Cloudesley Road,London,N1 0EN,13/05/2019,11/07/2022,,,1,2,-1,-1,-1,Approved,08/05/2018,,,
22/00532/FUL,Enfield,16/02/2022,Completed,All Other,"Conversion of single family dwelling house into 2 self-contained flats involving alterations to front elevation, new access door to first floor on side elevation involving external staircase, alterations to fenestrations to rear elevation together with associated parking, cycle and bin store.",,98,Avondale Crescent,,EN3 7SA,01/04/2022,31/03/2023,,,2,1,1,1,1,Approved,15/07/2022,,,
2017/2883/P,Camden,05/06/2017,Completed,All Other,"Redevelopment of the site to provide 4 storey building with 334 sqm of commercial floorspace (Class B1) and 16 residential units (6 x 2-bed, 6 x 1-bed and 4 x 3-bed) (Class C3) with terraces at front and rear following demolition of existing photographic studio (Class B1c).",Former 1,1,Hampshire Street,London,NW5 2TE,01/04/2022,23/09/2022,,,16,0,16,16,16,Approved,24/04/2019,,,https://planningrecords.camden.gov.uk/Northgate/PlanningExplorer/DisplayAppDetails.aspx?AppNo=2017/2883/P
20/01587/FUL,Lambeth,01/05/2020,Completed,All Other,"Erection of a roof extension, an entrance lobby and a replacement semi-enclosed external staircase to a two-storey maisonette and conversion to 3 self-contained flats, along with associated external alterations to the existing first and second floor rear windows. (1st revision of 19/03015/FUL)",,69,Rosendale Road,,SE21 8EZ,22/03/2021,01/07/2022,,,3,2,1,1,1,Approved,03/12/2020,,,
183044FUL,Ealing,26/06/2018,Completed,All Other,Construction of a two-storey two-bedroom detached dwellinghouse; and associated amenity space; cycle parking and refuse storage (following the demolition of the existing carport),204 Oldfield Lane South,202,Oldfield Lane South,Greenford,UB6 9JS,09/09/2021,01/08/2022,,,1,0,1,1,1,Approved,10/12/2018,,,https://pam.ealing.gov.uk/online-applications/PLAN/183044FUL;
45069/APP/2021/3518,Hillingdon,,Completed,All Other,Conversion of a single dwelling into 2 self-contained flats with associated amenities.,141 GROSVENOR AVENUE HAYES,141,Grosvenor Avenue,Hayes,UB4 8NP,29/04/2021,28/06/2022,,,2,1,1,1,1,Approved,11/11/2021,,,
22/03700/LDCE,London Borough of Lambeth,25/10/2022,Completed,All Other,Certificate of Lawful Development (existing) for the change of use of a residential annexe to a single dwelling.,44 Lorn Road London Lambeth SW9 0AD,,,,,20/12/2022,20/12/2022,,,1,0,1,1,1,Approved,20/12/2022,,,
2021/2997,Hackney,12/10/2021,Completed,All Other,Excavation of existing basement including alterations to front light well and installation of rear light well; alterations to ground floor rear extension; and erection of rear dormer to facilitate the subdivision of the existing dwelling into 2 x 3 bed units together with provision of refuse and cycle storage.,,79,REIGHTON ROAD,HACKNEY,E5 8SQ,14/12/2022,31/03/2023,,,3,2,1,1,1,Approved,09/11/2022,,,/planning/index.html?fa=getApplication&id=71611
2022/0851,Wandsworth,28/02/2022,Completed,All Other,Use of the upper two-storey as 6 x studio flats (Class C3),,113A,Lavender Hill,London,SW11 5QL,25/04/2022,25/04/2022,,,6,2,4,4,4,Approved,25/04/2022,,,http://planning.wandsworth.gov.uk/Northgate/PlanningExplorer/DisplayAppDetails.aspx?AppNo=2022/0851
21/P1697,Merton,28/04/2021,Completed,All Other,DEMOLITION OF EXISTING DWELLINGS AND ERECTION OF A BLOCK OF 9 X SELF-CONTAINED FLATS.,Flat 1,138,Durnsford Road,London,SW19 8HJ,17/01/2022,26/01/2023,,,9,2,7,7,7,Approved,26/07/2021,,,http://planning.merton.gov.uk/Northgate/PlanningExplorer/DisplayAppDetails.aspx?AppNo=21/P1697
19/P1171,Merton,22/03/2019,Completed,All Other,"ERECTION OF FIRST/SECOND FLOOR REAR EXTENSION, MANSARD ROOF EXTENSION, RELOCATION OF AIR CONDITIONING UNITS AND KITCHEN EXTRACT FLUE IN CONNECTION WITH CONVERSION OF UPPER FLOORS INTO 2 X 2 AND 1 X 1 BEDROOM FLATS.",First And Second Floor Flat,,The Broadway,Wimbledon,SW19 1RF,08/11/2021,01/11/2022,,,3,1,2,2,2,Approved,07/08/2019,,,http://planning.merton.gov.uk/Northgate/PlanningExplorer/DisplayAppDetails.aspx?AppNo=19/P1171
3712/19,Redbridge,24/09/2019,Completed,All Other,Change of use from dwelling (C3) to small HMO for up to 6 people (C4). (Summary),,2,St Thomas Gardens,,IG1 2PQ,23/01/2022,13/06/2022,,,1,1,0,0,0,Approved,04/10/2019,,,
2021/2077,Wandsworth,10/06/2021,Completed,All Other,"Alterations including erection of ground, first and second floor extension in connection with creation of 2 x 2 bedroom flat and 1 x1 bedroom flat.",,114,Putney High Street,,SW15 1RG,01/04/2022,31/03/2023,,,3,1,2,2,2,Approved,29/07/2021,,,
178303VAR,Ealing,15/11/2017,Commenced,All Other,"Application for a Minor Material Amendment (S73) to vary Variation of condition 2 (approved drawings) of planning application ref: P/2014/6383 dated 23.10.2015 for 'Demolition of all buildings within Sherwood Close (including 209 residential units, parking structures and ancillary buildings) and the construction of 305 new residential units (88 x one-bedroom, 157 x two-bedroom, 52 x three-bedroom and 8 x four-bedroom in a mix of housing tenures) in four apartment buildings varying between two-storeys and nine-storeys high and a row of three-storey townhouses; a 70 sq .m community space (D2 Use Class); associated energy plant room; refuse and recycling facilities; storage for 410 bicycles; 122 car parking spaces (comprising 86 spaces on-street and 36 spaces in an under croft parking area); site-wide hard and soft landscaping including public, semi-private and private amenity space and public realm improvements; the closure of part of Sherwood Close and reconfiguration of the public highway including the construction of two new north-south streets between Sherwood Close and Tawny Close, and the construction of new pedestrian / cycle routes between Sherwood Close, Tawny Close and Northfield Avenue and other associated works'./ Variation seeking to reflect Minor Material Amendments to Block C4 of the development.","Sherwood Close Estate (Including Archer House, Crossbow House, Target House And No's 1-72)","Archer House, Crossbow House, Target House & 1-72",Sherwood Close,London,W13 9YH,16/05/2016,,,,319,0,319,319,127,Approved,16/03/2018,,,https://pam.ealing.gov.uk/online-applications/PLAN/178303VAR;
21/2920/FUL,London Borough of Barnet,26/05/2021,Completed,All Other,"Erection of a three-storey block of comprising 9no new self-contained flats over an existing car park. Associated parking, cycle store, amenity space and refuse and recycling",Land to north of Graham Lodge,,Graham Road,,NW4 3DG,31/01/2023,31/01/2023,,,9,0,9,9,9,Approved,31/03/2022,,,
20/04931/FULL,Westminster,05/08/2020,Completed,All Other,"Variation of Conditions 1, 10, 12, 13, and 40 of planning permission dated 19 March 2018 (RN: 17/09368) namely to allow amendments to the Quadrangle courtyard including amendments to the cobble layout, installation of a sesame lift, installation of rising bollards within carriageway entrance, amendments to kerb levels within the Quadrangle; amendments to roof top bar at sixth floor level and flexible use as C1/A3/A4, installation of additional windows to the fifth floor and installation of external grilles to the to the east and north elevations.",Old War Office Whitehall London SW1A 2EU,,,,,,01/04/2023,,,85,0,85,85,85,Approved,29/06/2021,,,
21/04461/FULL1,Bromley,01/10/2021,Completed,All Other,Demolition of the existing garage and the erection of a three bedroom chalet bungalow with parking and tandem double garage for No2.,,2,Westcott Close,Bickley,BR1 2TU,20/09/2022,20/09/2022,,,1,0,1,1,1,Approved,24/12/2021,,,
21/P0628,Merton,10/02/2021,Completed,All Other,"CONVERSION OF SINGLE DWELLINGHOUSE INTO 4 X SELF-CONTAINED FLATS, INVOLVING THE ERECTION OF TWO STOREY REAR AND SIDE EXTENSIONS, ROOF EXTENSION, INSERTION OF WINDOWS ON THE SIDE ELEVATIONS AND INTERNAL ALTERATIONS.",Dawud Apartments,33,Graham Road,Surrey,,15/10/2021,15/10/2022,,,4,1,3,3,3,Approved,21/06/2021,,,http://planning.merton.gov.uk/Northgate/PlanningExplorer/DisplayAppDetails.aspx?AppNo=21/P0628
20/04069/FUL,Enfield,23/12/2020,Completed,All Other,Sub-division of site and conversion of the single family dwellinghouse into 2 dwellinghouses (1 x 3bed and 1 x 1bed) involving new boundary fence and associated parking.,,4,Barber Close,,N21 1BE,01/04/2022,31/03/2023,,,2,1,1,1,1,Approved,16/07/2021,,,
19/00952/FUL,Bexley,15/04/2019,Completed,All Other,Conversion and alterations of first floor to provide 3 x 1 bed flats and 1 self-contained office.,,"43, 45",Bellegrove Road,,DA16 3PB,01/04/2022,17/09/2022,,,3,0,3,3,3,Approved,10/06/2019,,,
18/01379/FUL,Enfield,25/04/2018,Completed,All Other,"Redevelopment of site involving part-demolition of garages and erection of 3-storey block of 7 self-contained flats (1 x Studio, 3 x 1-bed, 1 x 2-bed and 2 x 3-bed) with associated parking and landscaping.",Parking Adjacent To Tiptree Drive,,,,EN2 6TY,01/04/2022,31/03/2023,,,7,0,7,7,7,Approved,20/09/2019,,,
21/02346/FUL,Bexley,10/09/2021,Completed,All Other,"Change of use from residential (Class C3) to a hostel (Class Sui Generis), external alterations and a single storey rear extension.",,369,Blackfen Road,,DA15 9NJ,01/04/2022,01/07/2022,,,0,1,-1,-1,-1,Approved,23/11/2021,,,
18/00852/FUL,London Borough of Bexley,11/04/2018,Completed,All Other,Erection of a part two/part three storey building to provide 4 x 2 bed and 1 x 1 bed flats.,Station Approach Clinic,,William Foster Lane,,DA16 3AT,01/04/2023,01/04/2023,,,5,0,5,5,5,Approved,20/09/2018,,,
21/03406/FUL,Lambeth,22/09/2021,Completed,All Other,Demolition of the existing property and redevelopment of the site involving the erection of 2 three-storey single dwellinghouses with provision of refuse and cycle storage and replacement boundary treatment.,,106,Lilford Road,,SE5 9HR,01/07/2022,24/01/2024,,,2,1,1,1,1,Approved,25/03/2022,,,
221174FUL,Ealing,17/03/2022,Completed,All Other,Conversion of a single dwellinghouse into 3 self-contained flats; and conversion of garage into a habitable room including associated external alteration involving the insertion of a window in lieu of the garage door opening,3 Barge Drive,,Barge Drive,Southall,UB2 4FH,,21/01/2023,,,4,1,3,3,3,Approved,11/05/2022,,,https://pam.ealing.gov.uk/online-applications/PLAN/221174FUL;
20/05642/GPDO,Croydon,30/10/2020,Completed,Prior Approval,Prior approval for a change of use of part of the existing betting shop (sui generis) to C3 dwellinghouses) to create 4 no. flats,,1A,Northwood Road,,CR7 8HU,01/02/2023,31/03/2023,,,4,0,4,4,4,Approved,22/12/2020,,,
2022/2254,Wandsworth,21/06/2022,Completed,All Other,Use of property as a four bedroom single dwelling house.,,42,Ritherdon Road,London,SW17 8QF,16/08/2022,16/08/2022,,,1,3,-2,-2,-2,Approved,16/08/2022,,,http://planning.wandsworth.gov.uk/Northgate/PlanningExplorer/DisplayAppDetails.aspx?AppNo=2022/2254
21/01679/GPDO,Croydon,,Completed,Prior Approval,Notification for prior approval under the GPDO 2015 for the change of use under Class M from professional services (A2) to residential (C3) unit at the rear of the ground floor only to provide a single dwelling.,138 Brighton Road Coulsdon CR5 2XR,,,,,31/03/2023,31/03/2023,,,1,0,1,1,1,Refused,27/05/2021,,,
2021/03425/FUL,Hammersmith & Fulham,04/11/2021,Completed,All Other,"Conversion of existing dwellinghouse into 2 x 2 bedroom and 2 x 1 bedroom self-contained flats; infilling of both side windows and 1no rear window, and installation of a new enlarged window to the rear of first floor back addition; infilling of 1no door to the side and 2no windows to rear of ground floor back addition; formation of bin store in the front garden, and bicycle stand in the front and rear gardens.",,10,Old Oak Road,London,W3 7HL,11/07/2022,08/03/2023,,,6,2,4,4,4,Approved,13/05/2022,,,
19/P3850,Merton,30/10/2019,Completed,All Other,DEMOLITION OF THE EXISTING HOUSE AND ERECTION OF A NEW TWO STOREY DWELLINGHOUSE WITH ROOMS IN ROOF SPACE,,119,Home Park Road,Wimbledon,SW19 7HT,01/04/2021,01/02/2023,,,1,1,0,0,0,Approved,18/12/2019,,,http://planning.merton.gov.uk/Northgate/PlanningExplorer/DisplayAppDetails.aspx?AppNo=19/P3850
21/04773/FUL,Lambeth,09/12/2021,Completed,All Other,"Conversion of the first and second floor flat to provide three flats, including the replacement of the first floor rear bay window and the installation of refuse and cycle stores.",,19,Montrell Road,,SW2 4QD,08/06/2022,01/01/2023,,,3,1,2,2,2,Approved,07/06/2022,,,
2022/0378,Hackney,17/02/2022,Completed,All Other,Erection of a rear roof extension and change of use from single family dwelling to 6 person&nbsp;HMO&nbsp;,,2,DARVILLE ROAD,HACKNEY,N16 7PS,01/04/2023,01/04/2023,,,1,1,0,0,0,Approved,01/02/2023,,,/planning/index.html?fa=getApplication&id=72990
19/03866/FUL,London Borough of Croydon,16/08/2019,Completed,All Other,Alterations and additions to the existing dwelling including conversion of the existing garage to a habitable room,,33,Strathmore Road,,CR0 2JP,01/04/2022,31/03/2023,,,1,1,0,0,0,Approved,19/09/2019,,,
19/02794/FUL,London Borough of Newham,30/10/2019,Completed,All Other,"Erection of front building containing a 1 bedroom dwelling and alterations to the rear building to create 1 x 2 bedroom and 1 x 3 bedroom dwellings with lowered roof, new windows to the rear and altered side elevation; cycle parking, bin and garden provision.",,58,High Street South,East Ham,E6 6ET,,31/03/2023,,,3,0,3,3,3,Approved,17/12/2019,,,
0561/19,Redbridge,24/04/2019,Completed,All Other,Change of use from dwelling (C3) to small HMO for up to 6 people (C4). (Summary).,,222,Fencepiece Road,,,08/02/2023,08/02/2023,,,1,1,0,0,0,Approved,18/06/2019,,,
21/AP/2171,London Borough of Southwark,13/08/2021,Completed,All Other,Change of use from a dwellinghouse (Use Class C3) to a residential care home (Use Class C2).,,63,Marcia Road,,SE1 5XF,,01/06/2022,,,0,1,-1,-1,-1,Approved,07/10/2021,,,
22/P0076,Merton,21/02/2022,Completed,All Other,APPLICATION FOR CHANGE OF USE OF A CLASS E (FORMER CLASS B1(C)) UNIT TO PROVIDE 2 X 1 BED FLATS AND A SMALL B8 UNIT (PART RETROSPECTIVE),Blucher Court,4,Cromwell Road,London,SW19 8LE,20/07/2022,06/08/2022,,,2,0,2,2,2,Approved,19/07/2022,,,http://planning.merton.gov.uk/Northgate/PlanningExplorer/DisplayAppDetails.aspx?AppNo=22/P0076
20/P1657,Merton,22/05/2020,Completed,All Other,DEMOLITION OF EXISTING DWELLINGHOUSE AND ERECTION OF A NEW TWO STOREY DETACHED DWELLINGHOUSE.,,36,Drax Avenue,Wimbledon,SW20 0EJ,01/10/2020,01/03/2023,,,1,1,0,0,0,Approved,20/07/2020,,,http://planning.merton.gov.uk/Northgate/PlanningExplorer/DisplayAppDetails.aspx?AppNo=20/P1657
21/05215/FUL,London Borough of Croydon,11/11/2021,Completed,All Other,"Alterations, conversion of single dwelling to form 1 x 3-bed flat and 1 x 2-bed flat (retrospective).",,24,Sandfield Road,,CR7 8AU,01/04/2022,31/03/2023,,,2,1,1,1,1,Approved,16/09/2022,,,
16/00518/REM,Newham,,Completed,All Other,"Application for the approval of reserved matters for 140 residential units and complementary retail floorspace (A1 - A5) with associated car parking, hard and soft landscaping, public realm and associated works pursuant to conditions LCS0.27 and LCS0.28 of outline planning permission 11/90621/OUTODA as varied by 14/00036/VAR being details of layout, scale, appearance, access and landscaping.","Chobham Manor Phase 4, Development Parcel 6.1","Chobham Manor Phase 4, Development Parcel 6.1",Olympic Park Ave,,E20 1FT,01/06/2021,31/03/2023,,,140,0,140,140,140,Approved,09/05/2017,,,
223433FUL,Ealing,05/08/2022,Completed,All Other,Conversion of existing dwellinghouse into two (2) self-contained residential units; alterations to the rear elevational glazing at ground floor level; erection of cycle store and bin store to front garden; provision of rear amenity space.,9 Marlborough Road,,Marlborough Road,Southall,UB2 5LW,,10/12/2022,,,2,1,1,1,1,Approved,28/09/2022,,,https://pam.ealing.gov.uk/online-applications/PLAN/223433FUL;
2021/1631,Hackney,25/05/2021,Completed,All Other,"The amalgamation of the ground floor and upper-level flats and the constriction of single-storey, ground floor side infill and rear extensions.",Flat A,98,CARYSFORT ROAD,HACKNEY,N16 9AP,21/10/2021,01/08/2022,,,0,1,-1,-1,-1,Approved,19/07/2021,,,/planning/index.html?fa=getApplication&id=70409
20/3932/FUL,Barnet,01/09/2020,Completed,All Other,Demolition of the existing dwelling at no 234 Oakleigh Road North and erection of 5 no residential units comprising of 1 x 2 storey (2 bedroom) dwelling; and 4x 1 bed units; 4 car parking spaces; 8 cycle spaces and private amenity space.; including refurbishment and erection of a ground and first floor infill rear extension to no 232 to re provide a 2 x bedroom dwelling housing (AMENDED DESCRIPTION),232 And 234 Oakleigh Road North London N20 0TZ,,,,,01/04/2021,15/12/2022,,,5,1,4,4,4,Approved,08/03/2021,,,
2022/1944,Wandsworth,11/05/2022,Completed,All Other,"Variation of condition 2 pursuant to planning permission dated 31/08/2021ref 2021/2373 (Alterations including erection of a mansard roof extension to main rear roof slope, increase in height of front gable, alterations to windows on rear elevation, excavation of front and rear lightwells and extension of existing basement and conversion of property into 4 self-contained flats (2 x 3 bedroom, 1 x 2 bedroom 1 x 1 bedroom flats) with associated refuse and cycle storage.) to create garden space and access door to Flat A; replacement of windows with French doors and safety railings at rear first and second floors, increase in size of Flat A and reduction in size of Flat B; alterations to layout of Flats C and D.",,49,Selkirk Road,London,SW17 0ER,25/08/2022,17/02/2023,,,4,2,2,2,2,Approved,25/08/2022,,,http://planning.wandsworth.gov.uk/Northgate/PlanningExplorer/DisplayAppDetails.aspx?AppNo=2022/1944
205228FUL,Ealing,04/01/2021,Completed,All Other,Conversion of single dwelling house into three self-contained flats; alterations to door and window openings on ground floor rear elevation,57 Woodstock Avenue,,Woodstock Avenue,London,W13 9UQ,27/11/2020,23/05/2022,,,3,1,2,2,2,Approved,27/08/2021,,,https://pam.ealing.gov.uk/online-applications/PLAN/205228FUL;
20/01757/FULL1,Bromley,20/05/2020,Completed,All Other,"Demolition of existing buildings and erection of a two storey building comprising seven (6 x two bed and 1 x three bed) flats with amenity space and four parking spaces, landscaping and ancillary works.",,21A,Ancaster Road,,BR3 4DZ,03/02/2021,15/07/2022,,,7,0,7,7,7,Approved,13/08/2020,,,
223394CPE,Ealing,19/08/2022,Completed,All Other,Conversion of building to residential dwellinghouse (Use Class C3) (Lawful Development Certificate for an Existing Development),38C Church Road,,Church Road,London,W7 1DL,10/10/2022,10/10/2022,,,1,0,1,1,1,Approved,10/10/2022,,,https://pam.ealing.gov.uk/online-applications/PLAN/223394CPE;
21/05475/FUL,London Borough of Croydon,29/11/2021,Completed,All Other,Retrospective application for demolition of the existing attached garage; Erection of a two-storey side extension and basement to form an additional one-bedroom house.,,17,Moreton Road,,CR2 7DN,15/06/2022,16/06/2022,,,1,0,1,1,1,Approved,15/06/2022,,,
2022/2065,Hackney,19/08/2022,Completed,All Other,Existing use of the property as three self contained units (Use Class C3) and installation of doors to rear elevation at ground floor level.&nbsp;,,63,BLACKSTOCK ROAD,HACKNEY,N4 2JW,01/04/2023,01/04/2023,,,3,1,2,2,2,Approved,07/10/2022,,,/planning/index.html?fa=getApplication&id=74316
22/00476/CLE,London Borough of Newham,15/03/2022,Completed,All Other,Application for a Lawful Development Certificate for the existing use of three flats,,11,Ohio Road,Plaistow,E13 8EL,,31/03/2023,,,3,1,2,2,2,Approved,06/05/2022,,,
21/01005/P3O,Lambeth,11/03/2021,Completed,Prior Approval,Application for Prior Approval for a change of use from office (Use Class B1(a)) to 2 residential flats (Use Class C3).,96A Branksome Road London SW2 5JA,,,,SW2 5JA,19/04/2022,31/03/2023,,,2,0,2,2,2,Approved,24/08/2021,,,
224313CPE,Ealing,26/10/2022,Completed,All Other,Continued use of property as two self-contained flats (Lawful Development Certificate for an Existing Use),102 Cowper Road,,Cowper Road,London,W7 1EJ,13/12/2022,13/12/2022,,,2,1,1,1,1,Approved,13/12/2022,,,https://pam.ealing.gov.uk/online-applications/PLAN/224313CPE;
HGY/2019/0737,Haringey,25/02/2019,Commenced,Prior Approval,"Notification of Prior Approval for the proposed change of use of the first and second floors of the buildings at 87A and 89A High Road, N22 from Office Use (Class B1(a)) to Dwellinghouses (Class C3).","87A & 89B, High Road, London, N22 6BB",87A and 89A,,,,14/04/2022,,,,4,0,4,4,4,Not Required,17/04/2019,,,https://londonboroughofharingey.force.com/pr/s/planning-application/a0i8d000002GE01AAG
230497CPE,Ealing,07/02/2023,Completed,All Other,Continued use of first and second floor of property as two self-contained residential units (1 x 2 bed and 1x1 bed) and associated works (Lawful Development Certificate for an Existing Use),3A Grosvenor Parade,,Uxbridge Road,London,W5 3NN,28/03/2023,28/03/2023,,,2,1,1,1,1,Approved,28/03/2023,,,https://pam.ealing.gov.uk/online-applications/PLAN/230497CPE;
P1880.20,Havering,17/12/2020,Completed,All Other,Extending existing Retail and conversion of existing single residential unit to convert into 2 x 2-bed and 1 x 1-bed self contained flats.,44 VICTORIA ROAD,,ROMFORD,,RM1 2JH,22/04/2022,22/12/2022,,,3,1,2,2,2,Approved,26/02/2021,,,http://development.havering.gov.uk/OcellaWeb/planningDetails?reference=P1880.20
HGY/2019/1793,Haringey,13/06/2019,Completed,All Other,Construction of 2 x 2-bedroom self-contained houses. with outside space for refuse and bike storage. Including the partial demolition of a redundant part of the rear of the existing building and existing boundary fences.,"451, West Green Road, London, N15 3PL",451,,,,06/03/2021,10/01/2023,,,2,0,2,2,2,Approved,22/11/2019,,,https://londonboroughofharingey.force.com/pr/s/planning-application/a0i8d000002GIw7AAG
20/03122/FUL,London Borough of Bexley,20/01/2021,Completed,All Other,Conversion of house into 1 X 2 bedroom ground floor apartment and 1 X 2 bedroom first/second floor duplex apartment.,,68,Palmeira Road,,DA7 4UX,14/04/2022,14/04/2022,,,2,1,1,1,1,Approved,12/04/2021,,,
22/5207/191,Barnet,28/10/2022,Completed,All Other,Use of the property as House in Multiple Occupation (HMO) (Class C4) for 3 people,,13A,Queens Avenue,Finchley Central,N3 2NN,23/12/2022,23/12/2022,,,1,1,0,0,0,Approved,23/12/2022,,,
21/P2558,Merton,08/07/2021,Completed,Prior Approval,PRIOR APPROVAL FOR CHANGE OF USE FROM OFFICES (CLASS B1(A)) TO DWELLINGHOUSES (CLASS C3),Alliance House,2B,Prince George's Avenue,Raynes Park,,15/09/2022,20/12/2022,,,2,0,2,2,2,Approved,01/09/2021,,,http://planning.merton.gov.uk/Northgate/PlanningExplorer/DisplayAppDetails.aspx?AppNo=21/P2558
21/00240/FULL1,Bromley,11/01/2021,Completed,All Other,"First floor rear extension to form 1no. one bedroom flat with rear terrace, and alterations to existing flat to include internal alterations, addition of rooflight and creation of rear terrace.",,"12, 16",High Street,,BR7 5AN,01/12/2021,15/02/2023,,,1,0,1,1,1,Approved,30/03/2021,,,
HGY/2020/1853,Haringey,21/07/2020,Completed,All Other,"Construction of a part two, part three storey rear extension to create an additional residential unit, and associated upgrades to the building.","252, Archway Road, London, N6 5AX",,,,,01/03/2022,07/09/2022,,,1,0,1,1,1,Approved,28/09/2020,,,https://londonboroughofharingey.force.com/pr/s/planning-application/a0i8d000002GKimAAG
P2020/3329/PRA,Islington,23/11/2020,Completed,All Other,Prior Approval application in relation to the following considerations arising from the change of use of the existing offices (Use Class B1a) to provide 8x residential (Use Class C3) units under "Class O" of Schedule 2 of the Town and Country Planning (General Permitted Development) Order (GDPO) 2016 (as amended): a) transport and highways impacts of the development; b) contamination risks on the site; c) flooding risks on the site; d) impacts of noise from commercial premises on the intended occupiers of the development; and e) the provision of adequate natural light in all habitable rooms of the dwellinghouses,,3,Barnsbury Square,London,,,03/11/2022,,,8,0,8,0,8,Approved,18/01/2021,,,
21/P2564,Merton,29/07/2021,Completed,All Other,"CONVERSION OF SINGLE DWELLINGHOUSE INTO 2 x SELF CONTAINED FLATS; INVOLVING THE ERECTION OF A REAR ROOF EXTENSION, INSERTION OF 2X ROOFLIGHTS ON THE FRONT ROOFSLOPE, ERECTION OF AN EXTERNAL STAIRCASE AND PROVISION OF CYCLE AND BIN STORAGE.",,106,Park Avenue,Mitcham,,01/10/2021,01/09/2022,,,2,1,1,1,1,Approved,27/09/2021,,,http://planning.merton.gov.uk/Northgate/PlanningExplorer/DisplayAppDetails.aspx?AppNo=21/P2564
19/P0418,Merton,14/01/2019,Completed,All Other,Erection of a single storey end-of-terrace dwelling with basement level incorporating new vehicular crossover to Wydell Close and off-street parking.,Roman House,,Wydell Close,Morden,SM4 4NS,01/09/2019,30/06/2022,,,1,0,1,1,1,Approved,26/03/2019,,,http://planning.merton.gov.uk/Northgate/PlanningExplorer/DisplayAppDetails.aspx?AppNo=19/P0418
21/AP/2666,London Borough of Southwark,06/08/2021,Completed,All Other,Certificate of lawfulness for the change of use from C3 (residential) to C4 (small HMO); and the like-for-like replacement of all white upvc single glazed windows with white upvc double glazed windows.,"River Court, Flat 8",,Upper Ground,,SE1 9PE,,29/09/2022,,,1,1,0,0,0,Approved,29/09/2021,,,
DM2019/01252,Sutton,31/07/2019,Completed,All Other,"Erection of a three storey building comprising six 2-bed self contained flats, provision of six car parking spaces and hard and soft landscaping and bin stores.",Land Corner Of Wellesley Court And Stonecot Hill Sutton,,,,,22/04/2021,08/11/2022,,,6,0,6,6,6,Approved,22/11/2019,,,
21/04807/FUL,Enfield,29/12/2021,Completed,All Other,"Sub-division of site and erection of 1No. end-of-terrace dwelling with private amenity space and associated car and cycle parking involving part single, part 2-storey rear and 2-storey side extension and front porch to existing dwelling.",,42,Kendal Avenue,,N18 1NG,01/04/2022,31/03/2023,,,1,0,1,1,1,Approved,03/02/2022,,,
22/01970/CEU,Enfield,13/06/2022,Completed,All Other,Use of property as 2 self-contained flats.,99 Marlborough Road London N22 8NL,,,,,20/09/2022,20/09/2022,,,2,0,2,2,2,Approved,20/09/2022,,,
19/01725/FUL,London Borough of Bexley,16/07/2019,Completed,All Other,"Demolition of existing rear extension and erection of a 3/4 storey rear extension for mixed use to provide office space on the ground floor and 8 residential dwellings comprising 5 x 1 bed and 3 x 2 bed flats with associated amenity space, landscaping, vehicular access with car parking and cycle storage, refuse and recycling storage areas.",,104,Sidcup High Street,,DA14 6DS,29/04/2022,29/04/2022,,,8,0,8,8,8,Approved,10/09/2019,,,
20/00486/FULL,Westminster,11/06/2020,Completed,All Other,"Erection of single storey rear extension and creation of an additional residential unit at lower ground floor level (Use Class C3). Alterations to front boundary walls, insertion of stair in lightwell and installation of bin stores with associated alterations to front elevation.",,97,Hamilton Terrace,,NW8 9QY,04/10/2019,10/01/2023,,,1,0,1,1,1,Approved,19/06/2020,,,
21/01848/FUL,Lambeth,28/05/2021,Completed,All Other,"Retrospective application for part change of use of the commercial unit (Use Class E) at ground floor into 2 residential units (Use Class C3), together with installation of windows to the rear.",,262,Amesbury Avenue,,SW2 3BL,06/10/2022,06/10/2022,,,2,0,2,2,2,Approved,06/10/2022,,,
21/1521/FUL,Richmond,13/05/2021,Completed,All Other,"Part infill second floor and roof, removal of rooflights, replacement windows/doors and new doors on ground floor side elevation to facilitate the change of use of part basement, part ground floor and first and second floors from retail (Class E) to residential use (Class C3) to create 8 residential flats",,54,George Street,,TW9 1HJ,,22/12/2022,,,8,0,8,8,8,Allowed,09/11/2021,,,
2021/5316,Wandsworth,22/11/2021,Completed,All Other,"Non Material Amendment under Section 96A of the TCPA in respect of Building N8 pursuant to planning permission 2014/2810 (as amended by planning permission 2019/4186), dated 11th February 2015 for "(a) demolition of existing wholesale Fruit and Vegetable and Flower Market and ancillary buildings and structures, and residential building on Nine Elms Lane (apart from the existing multi storey car park); (b) Construction of mixed-use redevelopment comprising: a new Fruit and Vegetable Market and Flower Market and ancillary uses, including temporary and permanent faade; refurbishment and extension of existing waste collection area (including rooftop sports pitches); residential dwellings; flexible commercial uses, including retail, financial and professional services, caf/restaurant, bar uses and hot food takeaways and offices; non-residential institutions; assembly and leisure uses; temporary storage and distribution buildings and associated works; associated car, cycle and motorcycle parking and servicing and new vehicle accesses, energy centres; and landscaping public realm and open space including part of the Linear Park. All matters reserved apart from access, details of all new markets and supporting buildings, and details of Building N8 and associated landscaping); (c) Site clearance and enabling works. An Environmental Statement was submitted with the application under The Town and Country Planning (Environmental Impact Assessment) Regulations 2011)." Summary of Amendments: Reconfiguration of retail units; Improved access arrangement; minor changes to elevations to reflect amended internal layouts; changing the top floor quadplex into two duplex units, as follows: One duplex unit at Levels 49 and 50 and one duplex unit at Levels 51 and 52 and changing one 4-bed unit at Level 39 to create two 2-bed units"",Site Of Covent Garden Market Authority,Site Of Covent Garden Market Authority,Nine Elms Lane,,SW8 5EE,06/04/2022,31/03/2023,,,299,0,299,299,299,Approved,06/04/2022,,,http://planning.wandsworth.gov.uk/Northgate/PlanningExplorer/DisplayAppDetails.aspx?AppNo=2021/5316
21/AP/1058,London Borough of Southwark,29/03/2021,Completed,All Other,Change of use from Residential (C3 Use Class) to Live/Work unit (Sui Generis).,Flat 3,2,Archie Street,,SE1 3JT,,21/05/2022,,,1,1,0,0,0,Approved,21/05/2021,,,
185418FUL,Ealing,17/12/2018,Completed,All Other,Removal of main roof and replacement with new roof with increased height incorporating two dormers within front roofslope and three roof lights within rear roofslope; and three storey front extension incorporating gable end (following demolition of central glazed component); to facilitate the provision of one self-contained flat at second floor level,1 Hansa Close,,Hansa Close,Southall,UB2 5LH,01/09/2020,20/08/2022,,,1,0,1,1,1,Approved,17/01/2020,,,https://pam.ealing.gov.uk/online-applications/PLAN/185418FUL;
72815/APP/2020/206,Hillingdon,,Completed,All Other,"Use of dwelling as a 6-bed, 6 person House in Multiple Occupation (Application for a Certificate of Lawful Development for a Existing Development)",10 GREATFIELDS DRIVE HILLINGDON,,,,UB8 3QN,18/05/2022,18/05/2022,,,1,1,0,0,0,Approved,17/03/2020,,,
22/AP/3634,London Borough of Southwark,21/10/2022,Completed,All Other,Certificate of Lawfullness (existing) for the use of 7 self-contained flats.,67 Old Kent RoadLondonSouthwark,,,,,,15/12/2022,,,7,0,7,7,7,Refused,15/12/2022,,,
192789,Waltham Forest,20/08/2019,Completed,All Other,"Construction of two, four-storey buildings to accommodate 20 flats (5x1 bed, 12x2 bed and 3x3 bed) together with ancillary amenity space,cycle storage, waste storage, and two disabled parking spaces.","Garages Rear Of 2 To 30 Essex Close,",Former Garages,,,,06/08/2020,01/10/2022,,,20,0,20,20,20,Approved,06/02/2020,,,
19/04906/COFUL,Westminster,27/06/2019,Completed,All Other,"Demolition of existing garage block and erection of a single building containing two, three storey dwelling houses with front areas and private amenity spaces.",Garages Adjacent To Fettes House,,Cochrane Street,,NW8 9ST,12/07/2021,13/06/2022,,,2,0,2,2,2,Approved,19/11/2019,,,
22/2213/FUL,London Borough of Barnet,25/04/2022,Completed,All Other,Internal conversion into 2no. self-contained flats. Associated refuse/recycling and cycle storage,,61,North End Road,Golders Green,NW11 7RL,,10/03/2023,,,2,1,1,1,1,Approved,05/10/2022,,,
22/06994/CLEUD,Westminster,17/10/2022,Completed,All Other,Use of ground to fourth floors as 15 x studio flats and 1 x 1 bedroom flat (Class C3).,,6,St Stephen's Crescent,,W2 5QT,,20/12/2022,,,1,0,1,1,1,Approved,20/12/2022,,,
22/00381/FUL,London Borough of Bexley,08/03/2022,Completed,All Other,Change of use from dwellinghouse (Class C3) including the conversion of garage to a habitable room to provide a 6 bed House of Multiple Occupation for a maximum of 6 persons (HMO) (class C4).,,2A,First Avenue,,DA7 5SX,26/05/2022,24/10/2022,,,1,1,0,0,0,Approved,30/06/2022,,,
22/P1282,Merton,20/04/2022,Completed,All Other,CONVERSION OF SINGLE DWELLINGHOUSE INTO X2 SELF CONTAINED UNITS (2X 3B) INCLUDING SINGLE STOREY REAR EXTENSION AND FIRST FLOOR REAR EXTENSION,,53,Claremont Avenue,New Malden,KT3 6QN,01/08/2022,18/01/2023,,,2,1,1,1,1,Approved,15/06/2022,,,http://planning.merton.gov.uk/Northgate/PlanningExplorer/DisplayAppDetails.aspx?AppNo=22/P1282
20/03585/FUL,London Borough of Croydon,11/08/2020,Completed,All Other,"Ground floor, first floor and second floor rear extensions and alterations. Provision of two flats and an office on the upper floors. New shop front.",,66,Church Street,,CR0 1RB,01/04/2022,31/03/2023,,,2,0,2,2,2,Approved,06/10/2020,,,
HGY/2019/2328,Haringey,18/07/2019,Commenced,All Other,"Full planning application for the erection of a new third storey mansard roof extension, and the erection of rear extensions at first and second storey to create a 13-bedroom house in multiple occupation (use class sui generis) on the buildings upper flo","58-60, High Road, London, N15 6JU",58-60,,,,06/03/2021,,,,0,1,-1,-1,-1,Approved,18/09/2019,,,https://londonboroughofharingey.force.com/pr/s/planning-application/a0i8d000002GENpAAO
7573/APP/2021/757,Hillingdon,25/02/2021,Completed,All Other,"To regularise the use of part of Wise Lane Farm as a residence (C3 Use Class) shown on plans, alongside the use of and/or buildings for keeping horses for recreational or commercial purpose (Application for a Certificate of Lawful Development for an Existing Development).",WISE LANE FARM,,WISE LANE,,,19/08/2022,19/08/2022,,,2,0,2,2,2,Approved,19/08/2022,,,http://planning.hillingdon.gov.uk/OcellaWeb/planningDetails?reference=7573/APP/2021/757
21/AP/0592,London Borough of Southwark,19/02/2021,Completed,All Other,Change of use from an 11 unit HMO (Use class Sui generis) into 4 self-contained flats (Use class C3).,93 Herne HillLondonSouthwarkSE24 9LY,,,,,,01/03/2023,,,4,0,4,4,4,Approved,14/04/2021,,,
212408FUL,Ealing,12/03/2021,Completed,All Other,"Mixed-use redevelopment to provide a nine storey building comprising 21 residential units and ground floor commercial floor space (Use Class E), together with excavation to provide basement level accommodating office space (Use Class E(g)); change of use of existing ground floor restaurant (Use Class E(b)) fronting The Mall to retail (Use Class E(a)), various improvements to 18-19 The Mall to retain ground floor commercial use and surgery (Use Class E(e)) and associated ancillary residential unit at first and second floors, reconfiguration and refurbishment works involving replacement of the shopfront and new access to the rear building; provision of cycle parking, landscaped courtyard and refuse storage (following demolition of existing single storey rear building)",18-19 The Mall,,The Mall,London,W5 2PJ,01/02/2020,30/05/2022,,,21,0,21,21,21,Approved,22/12/2021,,,https://pam.ealing.gov.uk/online-applications/PLAN/212408FUL;
21/4978/FUL,London Borough of Barnet,29/09/2021,Completed,All Other,Change of use of 6no commercial units (Class E) to 6no dwellings (Class C3) with associated parking,1 - 6 Gabriel MewsSutton RoadLondonN10 1DB,,,,,,22/03/2023,,,6,0,6,6,6,Approved,09/05/2022,,,
21/02888/FUL,Enfield,26/07/2021,Completed,All Other,"Conversion of single family dwelling house into 2 self-contained flats involving rear dormer with Julliette balcony and front rooflights, conversion of garage into a habitable room involving alterations to front elevation, new access door to first floor side elevation involving external staircase, alterations to fenestrations to rear elevation together with associated parking, cycle and bin store.",,10,Keswick Drive,,EN3 6NY,01/04/2022,31/03/2023,,,2,1,1,1,1,Approved,20/09/2021,,,
22/2041/ES191,Richmond upon Thames,27/06/2022,Completed,Prior Approval,Established use of the property as one single family dwelling house.,,93,Waldegrave Road,,TW11 8LA,14/11/2022,14/11/2022,,,1,2,-1,-1,-1,Approved,14/11/2022,,,
20/P1994,Merton,30/06/2020,Completed,Prior Approval,PRIOR APPROVAL FOR CHANGE OF USE FROM OFFICE SPACE (CLASS B1a) TO RESIDENTIAL (CLASS C3) FOR THE CREATION OF 2 x STUDIO BEDROOM FLATS AND 1 X 1 BEDROOM FLAT.,,98,Merton High Street,Colliers Wood,SW19 1BD,01/07/2021,02/07/2022,,,3,0,3,3,3,Approved,03/09/2020,,,http://planning.merton.gov.uk/Northgate/PlanningExplorer/DisplayAppDetails.aspx?AppNo=20/P1994
19/04489/GPDO,London Borough of Croydon,25/09/2019,Completed,Prior Approval,Prior Approval application under Class O of GPDO 2016 for office to residential involving development consisting of a change of use of the first and second floor from a use falling within Class B1(a) (offices) to form 2 flats (Class C3 residential).,,128,Brighton Road,,CR5 2ND,01/04/2022,31/03/2023,,,2,0,2,2,2,Approved,19/11/2019,,,
212936FUL,Ealing,09/04/2021,Completed,All Other,Conversion of single dwelling house into two self-contained residential units; installation of hardstanding and crossover for single vehicle; and first floor rear extension.,137 Westbury Avenue,,Westbury Avenue,Southall,UB1 2XB,15/10/2021,01/01/2023,,,2,1,1,1,1,Approved,09/06/2021,,,https://pam.ealing.gov.uk/online-applications/PLAN/212936FUL;
22/01260/FULL1,Bromley,12/04/2022,Completed,All Other,"Conversion of the existing dwelling into 2 x 3 bed flats, single storey rear extension, removal of front boundary wall (facing No.26) and two off-street car parking spaces, new window and secure door to the side elevation, refuse and recycling storage and cycle storage",,24,Wheathill Road,Penge,SE20 7XH,29/12/2021,27/02/2023,,,2,1,1,1,1,Approved,30/08/2022,,,
22/01355/FULL1,Bromley,31/03/2022,Completed,All Other,Conversion of dwellinghouse from six bedroom HMO to 2x1 bed and 1x2 bed flats and 1 x studio flat. Ground and first floor rear extensions with juilet balcony and glass balustrade together with rear dormer and front rooflights. Associated internal and external works including new fenestration.,,43,Selby Road,Penge,SE20 8ST,14/06/2022,04/04/2023,,,4,1,3,3,3,Approved,14/06/2022,,,
23/2418/FUL,London Borough of Barnet,01/06/2023,Commenced,All Other,Sub-division of the existing dwelling into 2no. self-contained flats,,55,Fernwood Crescent,Whetstone,N20 0RP,01/04/2023,,,,2,1,1,1,1,Approved,27/07/2023,,,
17/03505/FULL1,Bromley,07/09/2017,Completed,All Other,"Demolition of Nos 20-24 Station Road and redevelopment with two/two and a half storey building to form 27 retirement apartments for the elderly including communal facilities, access, car parking and landscaping.","Ashling Lodge, 20",,Station Road,,BR6 0SA,31/01/2020,08/02/2023,,,27,0,27,27,27,Refused,04/04/2018,,,
5778/APP/2021/3809,Hillingdon,11/10/2021,Completed,All Other,"Change of use on the first floor from office (Class E) to one studio flat (Class C3), new door to front and replacement of shop front from community store to beauty salon (sui generis) and other in Use Class E.",2 WESTBOURNE PARADE,,UXBRIDGE ROAD,,UB10 0NY,12/04/2022,15/12/2022,,,1,0,1,1,1,Approved,12/04/2022,,,http://planning.hillingdon.gov.uk/OcellaWeb/planningDetails?reference=5778/APP/2021/3809
212963FUL,Ealing,12/04/2021,Completed,All Other,"Conversion of existing ground floor flat into 2 self-contained residential units and provision of associated landscaping, cycle and refuse storage facilities; single storey rear/side extension following the demolition of existing rear and side extension.",27A Kenilworth Road,,Kenilworth Road,London,W5 5PA,01/08/2021,14/06/2022,,,2,1,1,1,1,Approved,24/06/2021,,,https://pam.ealing.gov.uk/online-applications/PLAN/212963FUL;
19/2734/PNO,London Borough of Barnet,30/05/2019,Completed,Prior Approval,Change of use of second floor from offices (Class B1) to dwellinghouses Class C3) 3no. self-contained flats.,Trojan House,34,Arcadia Avenue,Finchley,N3 2JU,,24/02/2023,,,3,0,3,3,3,Approved,11/07/2019,,,
22/01520/PRIDEM,Barking & Dagenham,08/09/2022,Completed,Prior Approval,"Application for prior notification of the proposed demolition of 1-70 Anderson House, 2-61 Dovehouse Mead, and 2-81 The Coverdales","Gascoigne Estate (1-70 Anderson House, 2-61 Dovehouse Mead, and 2-81 The Coverdales)",Gascoigne Estate,East King Edwards Road,,,01/04/2023,01/04/2023,,,0,211,-211,-211,-211,Approved,16/09/2022,,,
20/03791/P3O,Lambeth,24/11/2020,Completed,Prior Approval,Application for Prior Approval for the change of use of existing office over part ground and lower ground floor (Use Class B1(a)) to 2 flats (Use Class C3).,248 - 250 Norwood Road London SE27 9AW,,,,SE27 9AW,03/05/2022,31/03/2023,,,2,0,2,2,2,Approved,24/06/2021,,,
2020/3559/P,Camden,07/09/2020,Completed,All Other,Conversion of 2 flats at upper ground and 1st floor levels to form 1 self-contained maisonette (Class C3).,Former Flat 1,,Belsize Square,,NW3 4HT,01/04/2022,12/10/2022,,,1,2,-1,-1,-1,Approved,06/10/2020,,,https://planningrecords.camden.gov.uk/Northgate/PlanningExplorer/DisplayAppDetails.aspx?AppNo=2020/3559/P
22/1306/RCU,Barnet,16/03/2022,Completed,All Other,Demolition of the existing dwelling and erection of a new two storey dwelling (Retrospective),,30,Uphill Road,Mill Hill,NW7 4RB,04/01/2023,04/01/2023,,,1,1,0,0,0,Approved,20/04/2022,,,
6955/APP/2020/59,Hillingdon,15/01/2020,Completed,All Other,"Two storey, 6-bed, detached dwelling house with habitable roof space involving demolition of existing dwelling house",21 THE DRIVE,21,THE DRIVE,ICKENHAM,UB10 8AF,04/08/2020,09/05/2022,,,1,1,0,0,0,Approved,20/03/2020,,,http://planning.hillingdon.gov.uk/OcellaWeb/planningDetails?reference=6955/APP/2020/59
21/P1688,Merton,28/04/2021,Completed,Prior Approval,APPLICATION TO DETERMINE IF PRIOR APPROVAL IS REQUIRED FOR CHANGE OF USE FROM OFFICES (CLASS B1a) TO DWELLINGHOUSE (CLASS C3),,94,Merton High Street,Colliers Wood,SW19 1BD,01/07/2021,08/11/2022,,,1,0,1,1,1,Approved,22/06/2021,,,http://planning.merton.gov.uk/Northgate/PlanningExplorer/DisplayAppDetails.aspx?AppNo=21/P1688
21/00160/FULL,London Borough of Barking and Dagenham,28/01/2021,Completed,All Other,Construction of a new two-storey 3xbedroom dwelling house with flat roof rear extension next to the existing plot at 65 Mayswood Gardens.,65a Mayswood Gardens,65,MAYSWOOD GARDENS,,RM10 8UU,01/04/2022,06/09/2022,,,1,0,1,1,1,Approved,19/03/2021,,,https://online-befirst.lbbd.gov.uk/planning/index.html?fa=getApplication&id=27205
21/02609/FUL,Lambeth,20/07/2021,Completed,All Other,Change of use from a 6 bedroom small house in multiple occupation (C4) to a 7 bedroom large house in multiple occupation (Sui Generis). Rear mansard roof extension with rear dormer and installation of 3 front rooflights.,,87,Dalberg Road,,SW2 1AL,01/08/2022,29/09/2022,,,0,1,-1,-1,-1,Unknown,,,,
2021/00655/FUL,London Borough of Hammersmith and Fulham,16/03/2021,Completed,All Other,Erection of a rear roof extension; erection of a single storey rear extension to the side of the existing back addition; excavation of the front and rear garden to form lightwells in connection with the enlargement of the existing basement; formation of a roof terrace and installation of 2no air source heat pumps at third floor level to the rear elevation; installation of a glazed skylight unit to access the roof terrace in the rear roofslope; replacement of existing timber sash windows and doors with new double glazed timber sash windows and doors; installation of 3no rooflights in the front roofslope; alterations to the roof of single storey back addition; alterations to the side of single storey back addition; erection of external steps from basement to garden level and formation of a bike store at the rear of the property; conversion of the existing dwellinghouse into 2 x 2 bedroom self-contained flats.,,16,Elmstone Road,,SW6 5TN,,31/03/2023,,,3,1,2,2,2,Approved,04/06/2021,,,
21/P0928,Merton,03/03/2021,Completed,All Other,"CONVERSION OF EXISTING DWELLING TO FORM TWO FLATS INCLUDING TWO STOREY PITCHED ROOFED EXTENSION, SINGLE STOREY EXTENSION, PROVISION OR GARDEN AREAS, BIN STORE, PARKING AND NEW BOUNDARY TREATMENT WORKS.",,2,Lyveden Road,London,SW17 9DU,01/05/2021,17/08/2022,,,2,1,1,1,1,Approved,28/04/2021,,,http://planning.merton.gov.uk/Northgate/PlanningExplorer/DisplayAppDetails.aspx?AppNo=21/P0928
22/AP/1359,London Borough of Southwark,26/04/2022,Completed,All Other,Certificate of lawful development (existing) for use of the property as residential (from previous live/work use).,,60A,George Row,,SE16 4WA,,06/10/2022,,,2,0,2,2,2,Approved,10/06/2022,,,
212711FUL,Ealing,29/03/2021,Completed,All Other,"Conversion of existing house into 2 self-contained residential units; Single storey front porch extension; Conversion of a garage into a habitable room including associated external alteration involving the insertion of a window in lieu of the garage door opening ; Single storey, part two storey, rear extension; Rear roof extension incorporating a Juliet balcony, and installation of two roof lights to front roof slope.",9 Thorn Close,,Thorn Close,Northolt,UB5 6DJ,28/10/2021,23/12/2022,,,2,1,1,1,1,Approved,09/06/2021,,,https://pam.ealing.gov.uk/online-applications/PLAN/212711FUL;
194922FUL,Ealing,09/12/2019,Completed,All Other,"Construction of a four storey attached building with roof space accommodation to provide two self-contained maisonettes on land adjacent to 55 Allingham Close, Hanwell, including associated amenity space, cycle storage and refuse storage provision.",Land Adjacent To 55 Allingham Close,,Allingham Close,London,W7 1NB,23/11/2020,20/12/2022,,,2,0,2,2,2,Approved,16/10/2020,,,https://pam.ealing.gov.uk/online-applications/PLAN/194922FUL;
18/00798/FUL,Lambeth,19/02/2018,Completed,All Other,"Erection of a penthouse unit, including the raising of a parapet to complete the existing decorative facade, following demolition of the existing roof structure.",The Normandy 20 Normandy Road London SW9 6JH,,,,,01/04/2021,19/07/2022,,,1,0,1,1,1,Approved,31/05/2018,,,
17/04784/FULL1,Bromley Custodian Code,20/10/2017,Completed,All Other,"Two storey rear extension, roof alterations and construction of side dormer extension, together with conversion of building to provide 7 flats, comprising 3 one bedroom and 4 two bedroom flats. Car parking to front, bin stores, cycle stores, amenity space and associated landscaping.",,44,Westmoreland Road,,BR2 0QS,09/08/2021,04/11/2022,,,7,1,6,6,6,Refused,11/12/2017,,,
14/02155/OUTM26,Bexley,11/10/2018,Completed,All Other,"Revised details of reserved matters being access, appearance, landscaping, layout and scale for Phase 2B (Parcels 10 and 14) to provide 115 dwellings and associated works including internal road network and associated highway works, landscaping, informal open space, car and cycle parking together with associated works pursuant to planning permission 14/02155/OUTM.",The Quarry Erith - Phase 2B,,Fraser Road,,DA8 1QU,01/04/2019,01/04/2023,,,115,0,115,115,115,Approved,26/02/2019,,,
2019/03878/FUL,London Borough of Hammersmith and Fulham,06/01/2020,Completed,All Other,"Erection of a rear roof extension, involving an increase in the ridge height; erection of a rear extension at second floor level, on top of existing back addition; in connection with the conversion of existing two bedroom flat into a 1 x 2 and a 1 x 1 bedroom self-contained flats at first and second floor levels.",,133,Wandsworth Bridge Road,,SW6 2TT,01/04/2021,29/09/2022,,,2,1,1,1,1,Approved,12/06/2020,,,
2019/03470/FUL,London Borough of Hammersmith and Fulham,06/12/2019,Completed,All Other,"Erection of a rear roof extension involving an 300mm increase in the ridge height; erection of rear extensions at ground, second and third floor levels; excavation of front and rear garden to form lightwells, in connection with the enlargement of the existing basement; conversion of the existing dwellinghouse into 5 self-contained flats, 2 x studios, 1x1 bedroom, 1x2 bedroom and 1x3 bedroom; formation of bin and cycle stores to front of property.",19 Munster Road London SW6 4ER,,,,,08/01/2021,31/03/2023,,,5,1,4,4,4,Approved,24/03/2020,,,
DM2021/01225,London Borough of Sutton,23/11/2021,Completed,All Other,Change of use from C4 (6-bedroom house in multiple occupation - HMO) to Sui Generis (7-bedroom - Larger HMO).,,6,Park Hill Road,,SM6 0SB,,01/04/2023,,,0,1,-1,-1,-1,Refused,27/01/2022,,,
210343,Waltham Forest,29/01/2021,Completed,All Other,"Conversion of store room into a 2 bedroom flat, including formation of windows at front, side and rear elevations","16 Acacia Road, Leytonstone, London, E11 3QG",,,,,04/11/2021,23/06/2022,,,1,0,1,1,1,Approved,13/04/2021,,,
19/01815/FUL,Enfield,28/05/2019,Completed,All Other,"Conversion of existing roof space into 3 x self-contained flats comprising (2 x 2 bed and 1 x studio), together with extension to roof with rear mansard construction, roof terraces, roof lights at front, upper level walkway and alteration to flat 8A to form a new stair from existing access deck.",Clockhouse Parade Mansions,,Green Lanes,,N13 6BE,01/04/2022,31/03/2023,,,3,0,3,3,3,Approved,24/12/2019,,,
22/1814/FUL,London Borough of Barnet,07/04/2022,Completed,All Other,"Conversion of the existing dwelling into 3no. self-contained flats including conversion of the garage into habitable space and side/rear dormer window. Associated cycle store, refuse and recycling area and amenity space (amended proposal)",,927,Finchley Road,,NW11 7PE,30/01/2023,30/01/2023,,,3,1,2,2,2,Approved,23/06/2022,,,
2019/00105/FUL,Hammersmith & Fulham,18/01/2019,Completed,All Other,Erection of a two storey rear side infill extension at upper ground and first floor level; installation of a sash window to replace the existing doors at lower ground floor level to the front elevation; associated external alterations and the conversion of existing property from 2no self-contained flats into a single family dwellinghouse.,,99,Greenside Road,London,W12 9JQ,11/02/2021,23/05/2022,,,1,2,-1,-1,-1,Approved,21/03/2019,,,
22/00780/FUL,Enfield,10/03/2022,Completed,All Other,"Sub-division of site and erection of a 2-storey end-of-terrace dwelling house at side, with rear dormer, hip-to-gable and front rooflights(PART RETROSPECTIVE).",,63,Chichester Road,,N9 9DH,01/04/2022,31/03/2023,,,1,0,1,1,1,Approved,12/04/2022,,,
19/01176/FUL,Enfield,27/03/2019,Completed,All Other,"Subdivsion of single family dwellinghouse into 3 self-contained flats (2 x 3-bed, 1 x 4-bed) facilitated by the conversion of the integral garage to habitable floorspace, erection of a pitch roof rear dormer and minor external alterations to windows and doors.",,2,Beech Hill Avenue,,EN4 0LW,01/04/2022,31/03/2023,,,3,1,2,2,2,Approved,22/05/2019,,,
22/00618/FUL,Enfield,22/02/2022,Completed,All Other,"Subdivision of single family dwelling house into 2 self-contained dwellings involving erection of front porch, provision of car and cycle parking and associated works. (PART RETROSPECTIVE).",,32,Bromley Road,,N18 1LH,01/04/2022,31/03/2023,,,2,1,1,1,1,Approved,19/04/2022,,,
203483FUL,Ealing,02/09/2020,Completed,All Other,"Two storey side and roof extension forming an end terrace two bedroom dwelling house, associated cycle parking, refuse storage and amenity space",1 Rose Gardens,,Rose Gardens,London,W5 4JU,12/03/2021,06/05/2022,,,1,1,0,0,0,Approved,29/10/2020,,,https://pam.ealing.gov.uk/online-applications/PLAN/203483FUL;
177450FUL,Ealing,02/10/2017,Completed,All Other,"Conversion of dwellinghouse into nine self-contained residential units (5x one bed and 4x two bed); single storey side extension, part single, part three storey rear extensions, rear dormer roof extension, installation of rooflights to side and rear roofslopes; associated alterations to the fenestration on all elevations; front boundary treatment and provision of car parking spaces, cycle, refuse/recycling storage and amenity space",6 Gunnersbury Avenue,,Gunnersbury Avenue,London,W5 3NH,01/12/2020,04/07/2022,,,9,1,8,8,8,Approved,16/10/2019,,,https://pam.ealing.gov.uk/online-applications/PLAN/177450FUL;
20/3742/FUL,London Borough of Barnet,25/08/2020,Completed,All Other,"Demolition of 37 garages and the erection of 28 new affordable homes (19x1b, 9x2b) (C3), associated landscaping, car parking, cycle parking and ancillary works",Broadfields EstateBushfield CrescentEdgwareHA8 8XH,,,,,,01/03/2023,,,28,0,28,28,28,Approved,07/12/2022,,,
21/AP/0758,London Borough of Southwark,05/03/2021,Completed,All Other,Certificate of Lawfulness - Proposed: Conversion of 2 x flats to create a single family dwelling.,190 Barry RoadLondonSouthwarkSE22 0JW,,,,,,25/10/2022,,,1,2,-1,-1,-1,Approved,25/03/2021,,,
216082FUL,Ealing,12/10/2021,Completed,All Other,"Construction of a sixth floor to accommodate two additional self-contained residential units to previously approved scheme ref: 183569FUL granted on appeal Ref: APP/A5270/W/19/3227828 dated 23/03/ 2020 for: 'Construction of a part five-storey and part six-storey building comprising 19 flats, 17 x one bedroom, 1 x two bedroom and 1 x studio; A1 shop unit on ground floor'",134-136 Broadway,,Broadway,London,W13 0TL,01/08/2021,01/09/2022,,,2,0,2,2,2,Approved,05/05/2022,,,https://pam.ealing.gov.uk/online-applications/PLAN/216082FUL;
16/05897/FULL1,Bromley,19/01/2017,Completed,All Other,"Demolition of existing buildings and comprehensive redevelopment of the site to provide new buildings ranging from five to nine storeys in height comprising 159 residential units (Use Class C3), 1,0990 sq m commercial floorspace (Use Class B1a-c), residents gym (Use Class D2), together with associated car and cycle parking, landscaping and infrastructure works.",Maybrey Business Park,,Worsley Bridge Road,,SE26 5AZ,19/11/2018,01/04/2023,,,159,0,159,159,159,Refused,18/05/2017,,,
216813CPE,Ealing,07/12/2021,Completed,All Other,Continue use of property as two self-contained flats; conversion of balcony to habitable room (Lawful Development Certificate for Existing Use).,18 The Broadway,,The Broadway,Southall,UB1 1PS,13/01/2023,13/01/2023,,,2,1,1,1,1,Approved,13/01/2023,,,https://pam.ealing.gov.uk/online-applications/PLAN/216813CPE;
215110FUL,Ealing,05/08/2021,Completed,All Other,"Conversion of single dwelling house to three self-contained residential units, with associated cycle storage, refuse storage facilities and private amenity space and installation of boundary fence.",123 Sudbury Heights Avenue,,Sudbury Heights Avenue,Greenford,UB6 0NF,28/09/2021,08/04/2022,,,3,1,2,2,2,Approved,28/09/2021,,,https://pam.ealing.gov.uk/online-applications/PLAN/215110FUL;
654/APP/2022/663,Hillingdon,,Completed,All Other,Use as 2 self-contained flats (Application for a Certificate of Lawful Development for an Existing Use),99 DORCHESTER WAYE HAYES,99,Dorchester Waye,Hayes,UB4 0HY,25/04/2022,25/04/2022,,,2,1,1,1,1,Approved,25/04/2022,,,
21/01680/GPDO,Croydon,01/04/2021,Completed,Prior Approval,Notification for prior approval under the GPDO 2015 for the change of use under Class M from professional services (A2) to residential (C3) unit at ground floor level only to provide a single dwelling.,138,,Brighton Road,,CR5 2XR,20/02/2023,20/02/2023,,,1,0,1,1,1,Refused,27/05/2021,,,
2021/5537,Wandsworth,11/02/2022,Commenced,All Other,Retention of former unit 2a (Class Use E) as 1 x 1 bedroom flat (2a) and 1 x 4 bedroom flat (2b) (Use Class C3),Bendon Valley House,218,Garratt Lane,London,SW18 4EA,04/04/2022,,,,2,0,2,2,2,Approved,07/04/2022,,,http://planning.wandsworth.gov.uk/Northgate/PlanningExplorer/DisplayAppDetails.aspx?AppNo=2021/5537
4128/17,Redbridge,,Completed,All Other,Change of use to Large HMO (retrospective) (summary).,"Staffa House, 50",,Hollybush Hill,,E11 1PX,14/01/2022,27/06/2022,,,0,2,-2,-2,-2,Approved,26/10/2017,,,
20/P0848,Merton,02/03/2020,Completed,Prior Approval,APPLICATION TO DETERMINE WHETHER PRIOR APPROVAL IS REQUIRED IN RESPECT OF THE PROPOSED CHANGE OF USE FROM TAKEAWAY TO RESIDENTIAL (CLASS C3),,80,Kingston Road,Wimbledon,SW19 1LA,01/10/2021,01/04/2023,,,1,0,1,1,1,Comment Issued,27/05/2020,,,http://planning.merton.gov.uk/Northgate/PlanningExplorer/DisplayAppDetails.aspx?AppNo=20/P0848
19/P3937,Merton,11/11/2019,Completed,Prior Approval,"APPLICATION TO DETERMINE WHETHER PRIOR APPROVAL IS REQUIRED IN RESPECT OF THE PROPOSED CHANGE OF USE OF PROPERTY FROM LIGHT INDUSTRIAL TO RESIDENTIAL, CREATING 4 x SELF-CONTAINED UNITS",,1,Park Avenue Mews,Mitcham,CR4 2FG,01/07/2021,01/07/2022,,,4,0,4,4,4,Approved,09/01/2020,,,http://planning.merton.gov.uk/Northgate/PlanningExplorer/DisplayAppDetails.aspx?AppNo=19/P3937
2020/0041,Hackney,07/01/2020,Completed,All Other,Erection of a rear dormer to the main roof; erection of a rear extension at ground and first floor level; insertion of new shopfront/glazed panels to the street elevation; insertion of two velux roof windows to the front roof slope; associated with the alteration to internal layout to create a 2x self-contained residential units and continued use of a social club (sui generis) at ground floor.,,112,112 Green Lanes Hackney London N16 9EH,,N16 9EH,31/03/2023,31/03/2023,,,1,1,0,0,0,Approved,12/06/2020,,,
20/03752/FUL,London Borough of Lambeth,30/10/2020,Completed,All Other,"Demolition of a single storey building and erection of a semi-sunken, two storey, 3-bedroom house with a courtyard garden together with the provision of a refuse and cycling storage.",,2A,Durand Gardens,,SW9 0PP,30/05/2021,23/08/2022,,,1,1,0,0,0,Approved,14/04/2021,,,
16/2119/F,Greenwich,,Completed,All Other,"Construction of an additional storey (including pitched roof), comprising 2 x studio flats over existing ground floor commerical unit.","Abbey Wood Kebab & Burger Bar, 11A","Abbey Wood Kebab & Burger Bar, 11A",Wilton Road,Abbey Wood,SE2 9RH,14/06/2021,13/06/2022,,,2,0,2,2,2,Approved,25/05/2018,,,
20/05817/FUL,London Borough of Croydon,10/11/2020,Completed,All Other,"Alterations; single storey front, side and rear extensions to faciliate the conversion of the property into 2 dwellings, with associated car parking, cycle parking, refuse storage and amenity space",,33,Montacute Road,,CR0 0JF,01/04/2022,01/09/2022,,,2,1,1,1,1,Approved,04/05/2021,,,
2020/1869/P,Camden,29/04/2020,Completed,All Other,Conversion of 2 self contained flats into a single dwellinghouse; erection of a ground floor rear/side extension with roof lights and associated alterations to rear/side windows; and installation of front cycle/refuse store,Former 41,41,Achilles Road,,,01/04/2022,15/12/2022,,,1,2,-1,-1,-1,Approved,05/08/2020,,,https://planningrecords.camden.gov.uk/Northgate/PlanningExplorer/DisplayAppDetails.aspx?AppNo=2020/1869/P
5564/APP/2022/2355,Hillingdon,21/07/2022,Completed,All Other,Change of use of undercroft to provide a wheelchair accessible self-contained residential unit with associated external alterations/works including disabled parking bay.,53-55 THE BROADWAY,,JOEL STREET,,HA6 1NZ,,01/04/2023,,,1,0,1,1,1,Approved,24/02/2023,,,http://planning.hillingdon.gov.uk/OcellaWeb/planningDetails?reference=5564/APP/2022/2355
2020/2839/P,Camden,11/06/2020,Completed,All Other,Erection of 2-storey plus basement house with front lightwell and associated landscaping following demolition of existing garage.,Garages And Land Adjacent To 39 Priory Terrace,41,Priory Terrace,,NW6 4DG,30/09/2021,11/01/2023,,,1,0,1,1,1,Approved,14/04/2021,,,https://planningrecords.camden.gov.uk/Northgate/PlanningExplorer/DisplayAppDetails.aspx?AppNo=2020/2839/P
20/2505/FUL,Richmond upon Thames,21/09/2020,Completed,All Other,"Demolition of an existing garage and creation of a new 4-bedroom house with associated parking, refuse, recycling, cycle storage, landscaping and amenity space.",,1,Derwent Road,,TW2 7HQ,31/03/2021,19/04/2022,,,1,0,1,1,1,Approved,24/02/2021,,,
210689,Waltham Forest,04/03/2021,Completed,Prior Approval,Prior approval for the construction of a roof extension to a detached block of flats to create a new third floor providing 1 x 1 bed and 1 x 2 bed self-contained flats (Class C3).,"492 Lea Bridge Road,",,,,,21/05/2021,25/10/2022,,,2,0,2,2,2,Approved,21/04/2021,,,
P/1905/22,Harrow,21/06/2022,Completed,All Other,CERTIFICATE OF LAWFUL DEVELOPMENT (EXISTING): Conversion of dwellinghouse into three self-contained flats,,108,Southdown Crescent,Harrow,HA2 0QS,31/08/2022,31/08/2022,,,3,1,2,2,2,Approved,31/08/2022,,,http://site.com?appref=P/1905/22-or-1199682
22/3083/191,Barnet,10/06/2022,Completed,All Other,Use as 6no. self-contained flats,,17,Heathfield Gardens,Golders Green,NW11 9HY,16/08/2022,16/08/2022,,,6,1,5,5,5,Approved,16/08/2022,,,
22/01476/FUL,London Borough of Croydon,07/04/2022,Completed,All Other,Erection of four bed end of terrace house (retrospective),,1A,Buckleigh Way,Upper Norwood,SE19 2PZ,25/05/2022,26/05/2022,,,1,0,1,1,1,Approved,24/05/2022,,,
21/P3003,Merton,17/08/2021,Completed,All Other,"CONVERSION OF BUILDING INTO THREE SELF-CONTAINED FLATS, INVOLVING THE ERECTION OF A PART SINGLE, PART TWO STOREY SIDE EXTENSION AND A SINGLE STOREY REAR EXTENSION, ALONG WITH ASSOCIATED ALTERATIONS. PROPOSAL ALSO INCLUDES, ERECTION OF FENCING AND GATES, REFUSE AND STORAGE FACILITIES AND LANDSCAPING.",,53,Glebe Avenue,Mitcham,,11/07/2022,08/03/2023,,,4,1,3,3,3,Approved,25/03/2022,,,http://planning.merton.gov.uk/Northgate/PlanningExplorer/DisplayAppDetails.aspx?AppNo=21/P3003
P2019/3135/FUL,Islington,28/02/2020,Completed,All Other,Conversion of the existing single dwellinghouse into 2no self-contained maisonettes.,,53,Axminster Road,London,N7 6BP,09/09/2022,09/09/2022,,,2,1,1,1,1,Approved,06/07/2020,,,
DM2020/02056,London Borough of Sutton,21/04/2021,Completed,All Other,Retention of change of use from C3 to C4 (small HMO for up to 6 people).,,10,The Crescent,,SM1 4HU,,01/04/2023,,,1,1,0,0,0,Approved,16/06/2021,,,
21/1600/GPD15,Richmond upon Thames,04/05/2021,Completed,All Other,Change of use of the office building (Use Class E) to 1No. one-bed and 2No. two-bed residential units,"The Mews, Unit 5",53,High Street,,TW12 1ND,31/03/2022,23/12/2022,,,3,0,3,3,3,Approved,23/06/2021,,,
21/04809/FUL,Lambeth,13/12/2021,Completed,All Other,"Erection of single storey rear extension to the ground floor flat to create an additional two bed flat, together with the removal of the conservatory and the provision of refuse and cycle stores.",,19,Montrell Road,,SW2 4QD,15/06/2022,01/01/2023,,,1,0,1,1,1,Approved,07/06/2022,,,
21/04167/GPDO,London Borough of Croydon,10/08/2021,Completed,All Other,"Change of use from Class E to Class C3 to provide 22 self-contained flats under Schedule 2, Part 3, Class MA of the Town and Country Planning (General Permitted Development) (England) Order 2015 (as amended)","Cappella Court, Fifth Floor 725 Brighton Road Purley CR8 2PG",,,,,,31/03/2023,,,22,0,22,22,22,Approved,05/10/2021,,,
20/AP/1390,London Borough of Southwark,20/05/2020,Completed,All Other,"Demolition of 345 Southwark Park Road and all site preparation works, for a residential-led mixed use development comprising 22 new affordable social rent homes and 24 new private homes (containing a mix of 1, 2 and 3 bedroom apartments), associated cycle and wheelchair car parking, 340 sqm flexible ground floor office and community use floorspace (B1/D1); associated hard and soft landscaping and public realm works.",Southwark Park Day Centre,345,Southwark Park Road,,SE16 2JN,,03/11/2022,,,46,0,46,46,46,Approved,16/02/2021,,,
20004/APP/2021/2060,Hillingdon,,Completed,All Other,"Erection of 2 semi-detached houses with habitable accommodation within loft space, with associated parking and amenity space and installation of 2 x vehicular crossovers to front",103 SHENLEY AVENUE RUISLIP,,,Ruislip,HA4 6BT,08/07/2020,24/03/2023,,,2,0,2,2,2,Approved,06/08/2021,,,
19/P2683,Merton,12/08/2019,Completed,All Other,"CHANGE OF USE FROM ANCILLARY STORAGE FOR A SHOP (CLASS E) TO SPLIT-LEVEL 1 BED FLAT (CLASS C3), ALONG WITH EXTERNAL BIN AND BIKE STORE.",,23,London Road,London,SW17 9JR,01/04/2022,12/02/2023,,,1,0,1,1,1,Refused,19/11/2024,,,http://planning.merton.gov.uk/Northgate/PlanningExplorer/DisplayAppDetails.aspx?AppNo=19/P2683
20/P1301,Merton,06/04/2020,Completed,Prior Approval,APPLICATION TO DETERMINE WHETHER PRIOR APPROVAL IS REQUIRED IN RESPECT OF THE PROPOSED CHANGE OF USE FROM LIGHT INDUSTRIAL (USE CLASS B1c) TO RESIDENTIAL (CLASS C3),,2A,Park Avenue,Mitcham,CR4 2EL,01/10/2021,01/10/2022,,,4,0,4,4,4,Approved,29/06/2020,,,http://planning.merton.gov.uk/Northgate/PlanningExplorer/DisplayAppDetails.aspx?AppNo=20/P1301
21/03431/CEU,Enfield,07/09/2021,Completed,All Other,Use of premises as 5 self-contained flats.,,115,Bowes Road,,N13 4SB,28/02/2022,31/03/2023,,,5,1,4,4,4,Approved,28/02/2022,,,
20/AP/1659,London Borough of Southwark,17/06/2020,Completed,All Other,Certificate of lawfulness (proposed) for conversion of HMO units to single house.,,106,Croxted Road,,SE21 8NR,,02/01/2023,,,1,1,0,0,0,Approved,08/07/2020,,,
19/02188/FUL,Enfield,19/06/2019,Completed,All Other,"Sub-division of site and erection of a 2-storey, 2-bed dwelling house at side.",,1,Rossdale Drive,,N9 7LG,01/04/2022,31/03/2023,,,1,0,1,1,1,Approved,12/02/2020,,,
19/04022/FUL,London Borough of Croydon,26/08/2019,Completed,All Other,"Erection of two buildings to provide 9 residential units (9 x 3 bedrooms) with associated access road, garages, parking, bin and cycle stores, and landscaping",Land Adjoining 105 Foxley Lane And To The Rear Of 18 Rose Walk Purley CR8 3HQ,,,,,01/06/2021,31/03/2023,,,9,0,9,9,9,Approved,18/10/2019,,,
21/02245/FUL,Lambeth,05/07/2021,Completed,All Other,Erection of a roof extension to create an additional 2-bed residential unit (Use Class C3) and provision of refuse and cycle stores.,,52,Estreham Road,,SW16 5PQ,01/05/2022,02/02/2023,,,1,0,1,1,1,Approved,22/04/2022,,,
166350FUL,Ealing,20/12/2016,Completed,All Other,Conversion of a dwellinghouse into three residential units (2x2 bed and 1x1 bed self-contained flats); incorporating side/rear infill extension with associated bike and bin stores.,81 Almond Avenue,81,Almond Avenue,London,W5 4YB,28/06/2017,06/05/2022,,,3,1,2,2,0,Approved,28/06/2017,,,https://pam.ealing.gov.uk/online-applications/PLAN/166350FUL;
20/01325/FULL,Barking & Dagenham,15/07/2020,Completed,All Other,Demolition of Existing 2-storey dwelling house and associated garage outbuildings and erection of 3 2-storey dwellinghouses,,58,MORLEY ROAD,,RM6 6XB,01/04/2022,14/10/2022,,,3,1,2,2,2,Approved,15/09/2020,,,https://online-befirst.lbbd.gov.uk/planning/index.html?fa=getApplication&id=25923
2022/2822,Hackney,18/11/2022,Completed,All Other,"Certificate of lawfulness to establish the lawfulness of (1) the residential use of the site (Use Class C3) as a single planning unit; and (2) all elements of existing operational development within the site including the house, landscaping, external materials, and parking area as identified on the submitted plans and photographs",,121,MORTIMER ROAD,HACKNEY,N1 4JY,01/04/2023,01/04/2023,,,1,0,1,1,1,Approved,13/01/2023,,,/planning/index.html?fa=getApplication&id=75043
211588PAOR,Ealing,04/02/2021,Completed,Prior Approval,"Change of use from offices (Use Class B1a) to residential (Use Class C3) to three bedroom dwelling (Class O, 56-Day Prior Approval Process).",2 Warple Mews,,Warple Mews,London,W3 0RF,,01/11/2022,,,1,0,1,1,1,Approved,30/03/2021,,,https://pam.ealing.gov.uk/online-applications/PLAN/211588PAOR;
21/00644/FULL1,Bromley,12/02/2021,Completed,All Other,"Demolition of existing dwelling and erection of a detached two storey six bedroom house with accommodation in roof space, detached front double garage and associated soft and hard landscaping to substitute granted scheme DC/18/05492/FULL1 to allow for alterations to one rear gable",,221,Worlds End Lane,,BR6 6AT,21/03/2022,18/10/2022,,,1,1,0,0,0,Approved,19/07/2021,,,
19/00473/REM,LLDC,25/10/2019,Completed,All Other,"Application for the Approval of Reserved Matters for Sub-Zone 3D1 of the Chobham Farm Masterplan, pursuant to planning permission reference 12/00146/FUM dated 27th February 2014 (as amended) providing 36 residential units (use class C3) (12 x 1 bed, 12 x 2 bed, 12 x 3 bed) with associated amenity space, cycle parking, access and servicing.",Chobhan Manor Phase 3,,Penny Brookes Street and Leyton Road,,E15 1BZ,01/04/2022,31/03/2023,,,36,0,36,36,36,Approved,03/06/2020,,,
56865/APP/2020/459,Hillingdon,11/02/2020,Completed,All Other,"Erection of 4 x 2 bedroom two bedroom and 1 x 3 bedroom houses with associated car parking, landscaping and external works",LAND ADJACENT TO,1,ST HELEN CLOSE,,UB8 3RS,08/03/2021,14/07/2022,,,5,0,5,5,5,Approved,12/05/2020,,,http://planning.hillingdon.gov.uk/OcellaWeb/planningDetails?reference=56865/APP/2020/459
19/04680/FUL,London Borough of Croydon,01/10/2019,Completed,All Other,"Conversion to no. 3 x residential flats, change use to shop and flat at ground floor level, two storey rear extension with lightwell, roof extensions to main roof to the rear and above rear outrigger, raised parapets, front rooflights, new slate tiles to roof, associated external alterations",,1555A,London Road,Norbury,SW16 4AD,22/10/2022,16/01/2023,,,4,1,3,3,3,Approved,03/04/2020,,,
21/04183/FULL,Westminster,28/06/2021,Completed,All Other,Use of ground floor and first floor as 2 x flats (Class C3).,,5,Oldbury Place,,W1U 5PY,19/08/2021,01/09/2022,,,2,0,2,2,2,Approved,19/08/2021,,,
19/04607/FULL1,Bromley,21/11/2019,Completed,All Other,"Demolition of rear balcony. Erection of two 2-storey rear extensions and fenestration alterations. Subdivision of plot and conversion of existing single dwellinghouse into 5x flats, along with associated parking, amenity space, landscaping, refuse/recycling and bicycle storage. (Amended floor plans and elevations).",,18,Scotts Lane,Shortlands,BR2 0LH,16/02/2021,08/07/2022,,,5,1,4,4,4,Approved,01/04/2020,,,
75069/APP/2021/1679,Hillingdon,,Completed,All Other,"Demolition of existing garages and erection of 2 x 3-bedroom semi-detached houses, creation of 2 dropped kerbs with associated parking and external works",SITE ADJACENT TO 1 EVELYNS CLOSE,,,,UB8 3LR,14/05/2021,17/06/2022,,,2,0,2,2,2,Approved,24/06/2021,,,
4782/21,Redbridge,04/12/2021,Completed,All Other,Change of use from a dwelling house to supported living accommodation for up to 6 people. (Summary).,"57, Seymour Gardens, Cranbrook, Ilford, IG1 3LP",57,Seymour Gardens,Cranbrook,IG1 3LP,08/06/2022,14/06/2022,,,0,1,-1,-1,-1,Approved,10/12/2021,,,
22/02886/LDCE,London Borough of Lambeth,18/08/2022,Completed,All Other,"Certificate of lawful use for the existing sub-division of the ground and lower ground floor of Flat 1, 53 Gleneagle road into 2 self-contained units for continued use since 2012.",,53,Gleneagle Road,,SW16 6AY,20/05/2022,20/05/2022,,,2,1,1,1,1,Approved,13/10/2022,,,
16/P1211,Merton,18/05/2016,Commenced,All Other,"ERECTION OF A 2 BED, END OF TERRACE DWELLINGHOUSE",28,28A,Bayham Road,Morden,SM4 5JQ,31/10/2019,,,,1,0,1,1,1,Approved,24/11/2016,,,http://planning.merton.gov.uk/Northgate/PlanningExplorer/DisplayAppDetails.aspx?AppNo=16/P1211
183569FUL,Ealing,27/07/2018,Completed,All Other,"Construction of a part five-storey and part six-storey building comprising 19 flats, 17 x one bedroom, 1 x two bedroom and 1 x studio; A1 shop unit on ground floor (following demolition of the existing buildings)",134-136 Broadway,,Broadway,London,W13 0TL,,01/09/2022,,,19,0,19,19,19,Refused,23/04/2019,,,https://pam.ealing.gov.uk/online-applications/PLAN/183569FUL;
2022/2049,Hackney,17/08/2022,Completed,All Other,Existing use as a self-contained dwelling (Use class C3),Third Floor Studio Flat,1 - 2,RAVEY STREET,HACKNEY,EC2A 4QP,01/04/2023,01/04/2023,,,1,0,1,1,1,Approved,12/10/2022,,,/planning/index.html?fa=getApplication&id=74348
21/P3332,Merton,01/10/2021,Completed,All Other,"ERECTION OF A SINGLE STOREY EXTENSION, HIP TO GABLE ROOF EXTENSION AND REAR DORMER TO FACILITATE THE CONVERSION OF A SINGLE DWELLINGHOUSE INTO 2 x SELF-CONTAINED FLATS. WORKS ALSO INVOLVE INSTALLATION OF BIN STORES AND CYCLE STORAGE.",,11,Grand Drive,Raynes Park,SW20 0JB,14/03/2022,31/03/2023,,,2,1,1,1,1,Approved,26/11/2021,,,http://planning.merton.gov.uk/Northgate/PlanningExplorer/DisplayAppDetails.aspx?AppNo=21/P3332
20/P2897,Merton,28/09/2020,Completed,All Other,CHANGE OF USE AND SINGLE-STOREY REAR EXTENSION OF REAR CLASS E (OFFICE UNITS) TO CLASS C3 (RESIDENTIAL) TO PROVIDE TWO ONE BEDROOM UNITS AND ASSOCIATED WORK,Former,96,Merton High Street,Colliers Wood,SW19 1BD,01/08/2021,27/10/2022,,,2,0,2,2,2,Approved,12/01/2021,,,http://planning.merton.gov.uk/Northgate/PlanningExplorer/DisplayAppDetails.aspx?AppNo=20/P2897
215652PACBSD,Ealing,10/09/2021,Completed,Prior Approval,"Change of use from retail (Class E) to Residential (Use Class C3) to use a studio units (Class MA, 56 day Prior Approval Process)",182 Northfield Avenue,,Northfield Avenue,London,W13 9SB,17/02/2022,11/10/2022,,,1,0,1,1,1,Approved,05/11/2021,,,https://pam.ealing.gov.uk/online-applications/PLAN/215652PACBSD;
2022/0495,Hackney,28/02/2022,Completed,All Other,Existing use as houses in multiple occupation (Use Class C4).,,34,INDEPENDENT PLACE,HACKNEY,E8 2HE,01/04/2023,01/04/2023,,,1,0,1,1,1,Approved,25/04/2022,,,/planning/index.html?fa=getApplication&id=72737
21/2217/GPD15,Richmond upon Thames,18/06/2021,Completed,Prior Approval,Conversion of the first floor offices accommodation to a two bedroom flat,,2,Tudor Road,,TW12 2NQ,01/02/2022,23/06/2022,,,1,0,1,1,1,Approved,12/08/2021,,,
2021/0841/P,Camden,23/02/2021,Completed,All Other,Conversion of 1 x 3 bed flat and 1 x 2 bed flat to to1 x 4 bed flat and 1 x 1 bed flat. Replacement of two first floor rear windows. Installation of rear/side solar shade at ground floor.,,73,Canfield Gardens,,NW6 3EA,01/04/2022,16/06/2022,,,2,2,0,0,0,Approved,10/06/2021,,,https://planningrecords.camden.gov.uk/Northgate/PlanningExplorer/DisplayAppDetails.aspx?AppNo=2021/0841/P
21/P0145,Merton,23/12/2020,Completed,Prior Approval,CHANGE OF USE ON GROUND FLOOR FROM SHOP (A1) TO 3 SELF-CONTAINED FLATS (C3).,Flat 3,582,Kingston Road,Raynes Park,SW20 8DN,01/09/2022,01/03/2023,,,3,0,3,3,3,Approved,17/03/2021,,,http://planning.merton.gov.uk/Northgate/PlanningExplorer/DisplayAppDetails.aspx?AppNo=21/P0145
P0057.19,Havering,23/01/2019,Completed,All Other,DEMOLITION OF SINGLE STOREY SIDE EXTENSION OF THE EXISTING DWELLING AND THE ERECTION OF ONE 4-BEDROOM DETACHED HOUSE,34 Thorogood Way,34,Rainham,,RM13 7SJ,27/01/2021,17/03/2023,,,1,0,1,1,1,Approved,29/08/2019,,,http://development.havering.gov.uk/OcellaWeb/planningDetails?reference=P0057.19
20/03552/FUL,Enfield,02/11/2020,Completed,All Other,"Conversion of single family dwelling into 2 self-contained flats with alterations to fenestrations to front and rear involving new front entrance door together with new boundary wall at rear, associated parking, refuse and recycling.",Bury Hall Villas,14,Great Cambridge Road,,N9 9LF,01/04/2022,31/03/2023,,,2,1,1,1,1,Approved,22/12/2020,,,
21/03130/FUL,Enfield,16/08/2021,Completed,All Other,"Conversion of single family dwelling house into 2 x self-contained flats comprising part single, part 2-storey front and rear extension involving front entrance porch and alterations to fenestrations together with new canopy, metal staircase and new side access door to side elevation.",,26,Lavender Hill,,EN2 0RE,01/04/2022,31/03/2023,,,2,1,1,1,1,Approved,04/11/2021,,,
21/00513/FUL,Enfield,13/04/2021,Completed,All Other,Conversion of single family dwelling into 2 x self-contained flats comprising 1 x 1 bed and 1 x 3 bed including part single part two storey rear extension and loft conversion with rear dormer and front roof window.,,97,Warwick Road,,N11 2SP,01/04/2022,31/03/2023,,,2,1,1,1,1,Approved,08/06/2021,,,
2022/1143,Hackney,09/06/2022,Completed,All Other,Lawful development certificate (Existing) for the use of the property as 3 x self-contained flats (Use Class C3),First Floor Flat,115,BLACKSTOCK ROAD,HACKNEY,N4 2JW,01/04/2023,01/04/2023,,,3,1,2,2,2,Approved,21/12/2022,,,/planning/index.html?fa=getApplication&id=73842
P0714.19,Havering,01/05/2019,Completed,All Other,"Two storey side extension, with pitched roof and single storey front and single storey rear extension with pitched roof . Hip to gable loft conversion with rear dormer and roof lights to front elevation to create a 1 x 1 bedroom and 1 x 2 bedroom self contained flats with alterations to include additional fenestration. (revised description)",347 Rainham Road,347,Rainham,,RM13 7TB,15/08/2022,15/08/2022,,,2,1,1,1,1,Approved,30/09/2019,,,http://development.havering.gov.uk/OcellaWeb/planningDetails?reference=P0714.19
2019/5216,Wandsworth,,Completed,All Other,"Alterations including erection of mansard roof extension to main rear roof including raising ridge by 300mm; erection of roof extension above three-storey back addition; alterations to roof of two-storey back addition; lowering of front windows and erection of single storey rear/side extension in connection with conversion of property to 1 x 3-bedroom, 1 x 2-bedroom and 2 x studio flats with associated bin and cycle storage.",,65,Garratt Terrace,London,SW17 0QE,11/06/2021,27/03/2023,,,4,1,3,3,3,Approved,25/09/2020,,,http://planning.wandsworth.gov.uk/Northgate/PlanningExplorer/DisplayAppDetails.aspx?AppNo=2019/5216
2022/1738,Wandsworth,27/04/2022,Commenced,All Other,"Alterations and extensions including erection of ground, first and second floor rear extensions with rear terraces. Formation of a roof extension to main roof to form additional storey with front and rear terraces and internal/external alterations in connection with the partial conversion of the property into 8 flats (5 x studio/1-person and 3 x 1-bedroom flats) and 1 x commercial unit (Class E).",,10,Balham High Road,,SW12 9AZ,25/08/2022,,,,8,0,8,8,8,Approved,25/08/2022,,,http://planning.wandsworth.gov.uk/Northgate/PlanningExplorer/DisplayAppDetails.aspx?AppNo=2022/1738
20/00461/FUL,London Borough of Newham,24/03/2020,Completed,All Other,Demolition of existing dwelling and erection of new three storey building comprising of 2 x 3 bed dwelling houses.,,6,Fleetwood Close,Beckton,E16 3SN,,31/03/2023,,,2,1,1,1,1,Approved,18/05/2020,,,
21/04613/FUL,Enfield,28/01/2022,Completed,All Other,"Subdivision of site and erection of an end-of-terraced 2-storey single family dwelling, involving a single storey side infill extension,front rooflights, with new vehicular access and associated bicycle and refuse storage.",,8,Derby Road,,EN3 4AN,01/04/2022,31/03/2023,,,1,0,1,1,1,Approved,07/04/2022,,,
20/03468/FUL,Enfield,06/11/2020,Completed,All Other,"Change of use from retail (Class A1) to residential (Class C3), involving creation of first floor to provide 1 x residential unit.",,103A,Chase Side,,EN2 6NL,01/04/2022,31/03/2023,,,1,0,1,1,1,Approved,16/02/2021,,,
DM2022/00812,London Borough of Sutton,25/05/2022,Completed,All Other,Retention of the conversion of the second floor studio flat to a one bed flat.,"Flat 3, 5A The Parade Stafford Road Wallington SM6 8ND",,,,,,01/04/2023,,,1,1,0,0,0,Approved,20/07/2022,,,
P/4231/21,Harrow,16/11/2021,Completed,All Other,Conversion of dwelling into two flats (2 X 2 beds); single storey front extension incorporating porch; single storey side to rear extension; separate amenity space; boundary treatment; parking; bin and cycle stores (demolition of porch and attached garage),,95,Kenton Lane,Harrow,HA3 8UJ,05/08/2021,20/01/2023,,,2,1,1,1,1,Approved,18/02/2022,,,http://site.com?appref=P/4231/21-or-1161183
21/P1842,Merton,10/05/2021,Completed,All Other,CONVERSION OF HOUSE INTO 2 FLATS (1 X 3 AND 1 X 1 BEDROOM FLATS),,94,Gorringe Park Avenue,Mitcham,,01/10/2021,28/10/2022,,,2,1,1,1,1,Approved,30/07/2021,,,http://planning.merton.gov.uk/Northgate/PlanningExplorer/DisplayAppDetails.aspx?AppNo=21/P1842
19/P3836,Merton,13/11/2019,Completed,All Other,"DEMOLITION OF EXISTING BUILDINGS AND ERECTION OF PART TWO, THREE AND FOUR STOREY DETACHED BUILDING COMPRISING OF 9 SELF CONTAINED FLATS. THE DESIGN HAS BEEN AMENDED BY SETTING BACK THE FIRST FLOOR BY 2.4M AT THE REAR AND ALTERING THE ROOF TERRACE OF FLAT 6, INCLUDING THE INSTALLATION OF OBSCURE GLAZED PRIVACY SCREENS.",Flat 1,15,Russell Road,Wimbledon,SW19 1QN,01/12/2020,09/01/2023,,,9,3,6,6,6,Approved,09/04/2020,,,http://planning.merton.gov.uk/Northgate/PlanningExplorer/DisplayAppDetails.aspx?AppNo=19/P3836
22/03464/ELUD,Bromley Custodian Code,05/09/2022,Completed,All Other,Use of dwellinghouse as a small HMO (use Class C4) LAWFUL DEVELOPMENT CERTIFICATE (EXISTING),,37,Selwyn Place,,BR5 3BA,23/12/2022,23/12/2022,,,1,1,0,0,0,Approved,23/12/2022,,,
2019/0659,Hackney,04/03/2019,Completed,All Other,Existing use of the premises as a self-contained dwelling (Use Class C3),Flat F,44 - 48,SHEPHERDESS WALK,HACKNEY,N1 7JP,14/05/2019,01/08/2022,,,1,0,1,1,1,Approved,14/05/2019,,,/planning/index.html?fa=getApplication&id=7365
2019/01301/FUL,London Borough of Hammersmith and Fulham,01/05/2019,Completed,All Other,"Demolition of existing single storey storage building at the side of the main building, and erection of a replacement part 2 storey plus-basement single family dwellinghouse; associated landscaping.",,1,Askew Road,,W12 9AA,,12/04/2022,,,1,3,-2,-2,-2,Approved,26/07/2019,,,
2022/1249,Hackney,04/07/2022,Completed,All Other,Existing use as a 7 room HMO,,8a,MILDENHALL ROAD,HACKNEY,E5 0RU,01/04/2023,01/04/2023,,,0,1,-1,-1,-1,Approved,25/08/2022,,,/planning/index.html?fa=getApplication&id=73885
23/00161/LDCE,Lambeth,19/01/2023,Completed,All Other,Application for a Certificate of Lawful Development (Existing) with respect to the use of Flat 4 as a self-contained residential unit.,,9,Wigton Place,,SE11 4AN,10/03/2023,10/03/2023,,,1,0,1,1,1,Approved,10/03/2023,,,
23/00159/LDCE,Lambeth,19/01/2023,Completed,All Other,Application for a Certificate of Lawful Development (Existing) with respect to the use of Flat 1 as a self-contained residential unit.,,9,Wigton Place,,SE11 4AN,10/03/2023,10/03/2023,,,1,0,1,1,1,Approved,10/03/2023,,,
22/00805/CEU,Enfield,10/03/2022,Completed,All Other,Use of the property as 2no. self contained flats.,,64,Connop Road,,EN3 5XG,14/12/2022,14/12/2022,,,2,0,2,2,2,Approved,14/12/2022,,,
20/2757/VRC,Richmond upon Thames,05/10/2020,Completed,All Other,Variation of Condition 2 (Approved Drawings) of application 19/2753/FUL to allow for 1) the alterations to Unit 6 comprising the enlargement of balcony and change from a 1 bed flat to a 2 bed flat; 2) removal of lifts in the North Block and redesigned stair core resulting in the enlargement of Units 4 and 5 to provide ensuite bathrooms and enlarged kitchen area..Variation of Condition 23 (B1 use restriction) to replace drawing number to reflect amended drawing (revised description of development)Removal of Condition 17 (Compliance with Building Regulation M4(2) following the removal of lifts.,63 Sandycombe RoadRichmondTW9 2EP,,,,,,31/03/2023,,,8,0,8,8,8,Approved,21/12/2020,,,
215156FUL,Ealing,06/08/2021,Completed,All Other,Conversion of the existing single dwelling house into two self-contained residential units and provision of associated cycle storage and refuse storage facilities.,2 Lea Road,,Lea Road,Southall,UB2 5PZ,05/10/2022,29/01/2023,,,2,1,1,1,1,Approved,04/10/2021,,,https://pam.ealing.gov.uk/online-applications/PLAN/215156FUL;
21/01105/FUL,Enfield,05/04/2021,Completed,All Other,"Conversion of single family dwellinghouse into 2 dwelling houses with private amenity space, involving part single, part 2-storey rear and side extension.",,980,Great Cambridge Road,,EN1 4JR,01/04/2022,31/03/2023,,,2,1,1,1,1,Approved,09/07/2021,,,
19/02197/FUL,London Borough of Bexley,18/10/2019,Completed,All Other,Demolition of existing buildings and erection of a two storey building to provide 1 x 3 bed and 2 x 2 bed apartments with associated parking.,Land Adjacent 25 Sycamore AvenueSidcupKentDA15 8PL,,,,,,24/08/2022,,,4,0,4,4,4,Approved,18/08/2020,,,
19/10095/FULL,Westminster,06/01/2020,Completed,All Other,"Dual/alternative use of the first floor for continued restaurant use (Class A3) or for residential use (Class C3) accessed via the existing ground floor entrance at 66 Shaftesbury Avenue, and associated external alterations including installation of new double glazed window at first floor level facing Dansey Place.",,64,Shaftesbury Avenue,,W1D 6LU,12/01/2021,01/11/2022,,,2,0,2,2,2,Approved,12/01/2021,,,
2021/03264/FUL,London Borough of Hammersmith and Fulham,04/02/2022,Completed,All Other,Deconversion of the existing property consisting of 5no. self-contained bedsit units into a single family dwellinghouse.,,157,Blythe Road,,W14 0HL,14/03/2022,24/06/2022,,,1,5,-4,-4,-4,Approved,14/03/2022,,,
164632FUL,Ealing,12/09/2016,Completed,All Other,"Redevelopment of the site to provide a six storey building with one basement level fronting onto Uxbridge Road comprised of 1x retail unit on the ground floor (A1 Use Class)(525sqm), 36x residential units on the upper floors, and associated storage, cycle parking, attenuation tank and services at the basement level (Block A); and the construction of 7x three-storey terraced houses fronting onto Westminster Road (Block B) with associated landscaping and substation",144-156 Uxbridge Road,144-156,Uxbridge Road,London,W7 3TB,10/07/2019,09/02/2023,,,43,0,43,43,43,Approved,11/09/2017,,,https://pam.ealing.gov.uk/online-applications/PLAN/164632FUL;
2021/0148,Hackney,19/01/2021,Completed,All Other,Amalgamation of two existing self-contained residential flats to create a single-family dwelling,33 / 33a,,SOUTHBOROUGH ROAD,HACKNEY,E9 7EF,24/05/2021,11/05/2022,,,1,2,-1,-1,-1,Approved,16/03/2021,,,/planning/index.html?fa=getApplication&id=68904
2953/19,Redbridge,09/08/2019,Completed,All Other,Demolish garage block. Erection of 5x3 bedroom mews houses with associated landscaping and external works. (Summary),Development Site At Garage Block Rear Of 2 To 24,2-24,Ramsgill Drive,"Ilford,",,25/01/2021,23/06/2022,,,5,0,5,5,5,Approved,16/10/2020,,,
214352FUL,Ealing,23/06/2021,Completed,All Other,Conversion of existing property into 5 self-contained flats; excavation to provide a basement extension; two storey rear extension (following demolition of existing conservatory); two dormer roof extensions to the side elevation; rear roof extension and alteration and installation of two roof lights to front roof slope and two to side roof slope with associated bike and refuse storage (following demolition of existing outbuilding).,64 Twyford Avenue,,Twyford Avenue,London,W3 9QB,,07/11/2022,,,5,1,4,4,4,Approved,19/05/2022,,,https://pam.ealing.gov.uk/online-applications/PLAN/214352FUL;
22/AP/2768,London Borough of Southwark,09/08/2022,Completed,All Other,Certificate of lawfulness (existing): The property is currently being used as six self-contained flats within use class C3 dwelling houses.,53 De Laune StreetLondonSouthwarkSE17 3UR,,,,,,13/09/2022,,,6,0,6,6,6,Approved,13/09/2022,,,
20/P2161,Merton,14/08/2020,Completed,All Other,ERECTION OF AN ADDITIONAL STOREY TO CREATE 2 x ONE BEDROOM SELF CONTAINED FLATS.,Flat 7,271,The Broadway,Wimbledon,SW19 1SD,01/12/2021,30/06/2022,,,2,0,2,2,2,Approved,21/12/2020,,,http://planning.merton.gov.uk/Northgate/PlanningExplorer/DisplayAppDetails.aspx?AppNo=20/P2161
224087CPE,Ealing,23/09/2022,Completed,All Other,Continued use of rear garden outbuilding as self-contained residential unit (Lawful Development Certificate for an Existing Use),Annexe,,Longhook Gardens,Northolt,UB5 6PE,17/11/2022,17/11/2022,,,1,0,1,1,1,Approved,17/11/2022,,,https://pam.ealing.gov.uk/online-applications/PLAN/224087CPE;
213850FUL,Ealing,24/05/2021,Completed,All Other,"Construction of a three-storey residential building with basement and roof level to provide 5 self-contained flats (following demolition of existing building); and associated amenity space, cycle storage and refuse storage.",6 Boston Road,,Boston Road,London,W7 3TR,01/05/2021,01/05/2022,,,5,0,5,5,5,Approved,12/05/2022,,,https://pam.ealing.gov.uk/online-applications/PLAN/213850FUL;
20/02912/FULL,Westminster,06/05/2020,Completed,All Other,"Use of a building as 8 self contained residential units (Class C3), replacement of all windows with timber double glazed windows, and associated works.",,13,Palace Court,,W2 4LP,30/06/2021,11/10/2022,,,8,0,8,8,8,Approved,29/06/2020,,,
19/P3324,Merton,11/09/2019,Completed,All Other,DEMOLITION OF THE EXISTING DETACHED DWELLINGHOUSE AND THE ERECTION OF A NEW SINGLE STOREY DWELLING HOUSE (WITH ACCOMMODATION AT BASEMENT LEVEL) AND PROVISION OF OFF-STREET PARKING AND ASSOCIATED LANDSCAPING WORKS.,,28,Lauriston Road,Wimbledon,SW19 4TQ,23/03/2021,30/08/2022,,,1,1,0,0,0,Approved,15/05/2020,,,http://planning.merton.gov.uk/Northgate/PlanningExplorer/DisplayAppDetails.aspx?AppNo=19/P3324
20/04525/FULL,Westminster,17/07/2020,Completed,All Other,"Erection of a single storey extension at lower ground floor level and enlargement of ground floor terrace, reconstruction of mansard roof, demolition of existing conservatory, installation of plant at lower ground floor level and associated changes, in connection with the use of building as a single family dwellinghouse (Class C3).",,20,Rutland Gate,,SW7 1BD,02/10/2020,01/08/2022,,,1,1,0,0,0,Approved,02/10/2020,,,
21/04635/CEU,Enfield,14/01/2022,Completed,All Other,Conversion of single family dwelling house into 3 x self-contained flats.,,118,Felixstowe Road,,N9 0DS,20/09/2022,20/09/2022,,,3,1,2,2,2,Approved,20/09/2022,,,
22/02260/CEU,Enfield,01/07/2022,Completed,All Other,"Use of premises, Flat C (first and second floor maisonette) as 2 self-contained flats.",,228,Chase Road,,N14 6HH,26/09/2022,26/09/2022,,,2,0,2,2,2,Approved,26/09/2022,,,
2735/19,Redbridge,19/07/2019,Completed,All Other,Change of use of ground floor to fourth floor from offices (B1(a)) to 26 self-contained flats (C3) (Summary),,Development At 2 Caxton Place,Roden Street,Ilford,IG1 2DA,13/09/2021,15/04/2022,,,26,0,26,26,26,Approved,12/09/2019,,,
2021/4716,Wandsworth,09/12/2021,Commenced,Prior Approval,Determination as to whether prior approval is required for change of use from retail (Class E) to 1 x studio flat (Class C3).,,116,Mitcham Lane,London,SW16 6NR,04/04/2022,,,,1,0,1,1,1,Approved,28/01/2022,,,http://planning.wandsworth.gov.uk/Northgate/PlanningExplorer/DisplayAppDetails.aspx?AppNo=2021/4716
22/AP/4214,London Borough of Southwark,14/12/2022,Completed,All Other,"Certificate of lawfulness (existing) for use of the first and second floors of the building as two, self-contained flats (Flats A and B)",,196,Rye Lane,,SE15 4NF,,03/02/2023,,,2,0,2,2,2,Approved,03/02/2023,,,
19/03175/FUL,London Borough of Newham,06/12/2019,Completed,All Other,"Proposed erection of a 4-storey building to include eight dwelling apartments, consisting of 3 x 3 bed, 3 x 2 bed and 2 x studio apartments with associated balcony or garden areas.",Development Site Rear Of Atherton Lodge,,Romford Road,Forest Gate,E7 9HL,,31/03/2023,,,8,0,8,8,8,Approved,04/02/2020,,,
19/2665/FUL,Richmond upon Thames,10/10/2019,Completed,All Other,"Change of use of Hampton Court Gate Lodge from vacant police offices (sui generis) to a single family residential dwelling (use class C3) and the creation of a residential curtilage with associated parking and amenity space. Change of use of land to the rear of the site to form publicly accessible parkland with associated landscaping including the removal of existing fencing, gates and hardsurfacing.",Hampton Court Gate Lodge Hampton Court Road Hampton East Molesey KT8 9BZ,,,,KT8 9DD,01/06/2022,30/09/2022,,,1,0,1,1,1,Approved,24/09/2021,,,
19/02812/FUL,London Borough of Newham,16/10/2019,Completed,All Other,"Demolition of existing building and construction of a new building of 4 storeys providing 9No. residential dwellings (2 x 1 bedroom, 2 x 2 bedrooms and 5 x 3bedrooms) with associated landscaping works.",101-103 Hermit RoadCanning TownLondonE16 4HR,,,,,,31/03/2023,,,9,2,7,7,7,Approved,11/12/2019,,,
20/01975/FUL,London Borough of Croydon,08/05/2020,Completed,All Other,Alterations including extension to and conversion of existing outbuilding to form a single dwelling house.,,207,Old Lodge Lane,,CR8 4AW,01/04/2022,31/03/2023,,,1,0,1,1,1,Approved,28/08/2020,,,
21/02386/FUL,Enfield,14/07/2021,Completed,All Other,"Conversion of single family dwelling house into 3 self-contained flats involving part single, part 2-storey rear/side extension, extension to roof with new front and rear rooflights, new front entrance porch together with vehicular access.",,2,Bromley Road,,N18 1LH,01/04/2022,31/03/2023,,,3,1,2,2,2,Approved,07/02/2022,,,
21/04015/FUL,London Borough of Croydon,29/07/2021,Completed,All Other,"Demolition of existing house and associated outbuildings. Erection of 2-storey block with roof space accommodation comprising of 2 x one bed, 1 x two bed and 1 x three bed flats with associated amenity space, cycle and refuse stores. Renewal of existing planning permission ref: 18/03050/FUL granted 17.08.2018.",,86,Sumner Road,,CR0 3LJ,,31/03/2023,,,4,1,3,3,3,Approved,01/11/2021,,,
21/4328/FUL,Richmond upon Thames,14/02/2022,Completed,All Other,The proposal is to revert the building from two flats back into a single residential dwellinghouse,,17,Elmers Drive,,,30/09/2022,31/03/2023,,,1,2,-1,-1,-1,Approved,12/09/2022,,,
21/04120/LDCE,London Borough of Lambeth,10/03/2022,Completed,All Other,Application for a Certificate of Lawful Development (Existing) with respect to the use of the first floor and part of the second floor of the property at 94A Broxholm Road as 4 self-contained studio flats.,,94A,Broxholm Road,,SE27 0BT,06/01/2023,06/01/2023,,,4,1,3,3,3,Approved,06/01/2023,,,
2020/5235/P,Camden,12/11/2020,Completed,All Other,"Conversion of 1x2bed and 1x3bed flats into a 1 x 4bed flat including erection of single storey lower ground floor rear extension, following demolition of existing, with associated balcony at ground floor and external steps. Rear/side fenestration alterations at lower ground and ground floor level.",,24,Priory Road,,NW6 4SG,01/04/2022,26/05/2022,,,1,2,-1,-1,-1,Approved,26/03/2021,,,https://planningrecords.camden.gov.uk/Northgate/PlanningExplorer/DisplayAppDetails.aspx?AppNo=2020/5235/P
2019/00268/FUL,Hammersmith & Fulham,29/01/2019,Completed,All Other,Erection of two additional storeys to create 1 x studio flat at second floor level; 1 x 2 bedroom maisonette flat over second and third floor levels and 1 x 3 bedroom maisonette flat over second and third floor levels; formation of two terraces at second floor level.,,400,Uxbridge Road,London,W12 0NP,08/06/2022,25/01/2023,,,2,0,2,2,2,Approved,22/11/2019,,,
2022/3034,Hackney,16/12/2022,Completed,All Other,Lawful Development Certificate (Existing) for the use of the building as two self-contained flats.&nbsp;,,34,TERRACE ROAD,HACKNEY,E9 7ES,01/04/2023,01/04/2023,,,2,1,1,1,1,Approved,26/01/2023,,,/planning/index.html?fa=getApplication&id=75201
19/00467/FUL,Croydon,31/01/2019,Completed,All Other,"Demolition of the existing building and erection of a building ranging from 2 - 8 storeys, with basement, to accommodate 47 residential units; formation of associated access, landscaping, parking, refuse and cycle storage.",,37,Russell Hill Road,,CR8 2LF,01/10/2020,31/03/2023,,,47,2,45,45,45,Approved,23/12/2019,,,
P/4155/21,Harrow,14/10/2021,Completed,All Other,Conversion of dwelling into three flats (3 X 1 bed); single storey front extension incorporating front porch; single storey side to rear extension; proposed vehicle access; parking;separate amenity space; bin and cycle stores,,1,Clifton Road,Harrow,HA3 9NX,24/02/2022,31/03/2023,,,3,1,2,2,2,Approved,24/02/2022,,,http://site.com?appref=P/4155/21-or-1160501
14/00066/REM,Newham,27/02/2014,Completed,All Other,"Reserved matters application pursuant to Conditions B1, B8, Q1 and Q4 of the Stratford City Outline Planning Permission (ref: 10/90641/EXTODA) relating to the details of layout, scale, design, appearance, access and landscaping of Plot N05. Comprising the construction of a building up to 7 storeys in height, providing 48 residential units on upper floors, retail and community uses on the ground floor, associated parking, and a Neighbourhood Equipped Area of Play (NEAP).","Plot N05 East Village,Land Bounded By",,Celebration Avenue,,E15 2EG,16/10/2014,31/03/2023,,,48,0,48,48,48,Approved,29/04/2014,,,
22/AP/3070,London Borough of Southwark,08/09/2022,Completed,Prior Approval,"Prior approval notification (Schedule 2 Part 3 Class MA) for a change of use of the ground floor unit from retail (Class E) to residential (Class C3(a)) to form a one person, one bedroom self-contained flat, together with the installation of a new boiler flue and air bricks to the rear.",Unit 1,188,Warham Street,,SE5 0SX,,05/05/2022,,,1,0,1,1,1,Approved,27/10/2022,,,
22/01835/LDCE,Bexley,15/07/2022,Completed,All Other,Lawful Development Certificate (Existing) for the retention of existing use of 167a Blendon Road as a separate unit of residential accomodation.,,167A,Blendon Road,,DA5 1BT,09/09/2022,09/09/2022,,,1,0,1,1,1,Approved,09/09/2022,,,
22/03598/CEU,Enfield,31/10/2022,Completed,All Other,Use of premises as five self-contained flats (comprising single dwellinghouses within Use Class C3).,,56,Osborne Road,,EN3 7RW,01/04/2022,31/03/2023,,,5,1,4,4,4,Approved,20/12/2022,,,
19/03755/FUL,Enfield,08/11/2019,Completed,All Other,"Sub-division and conversion of property into 2 x single family dwellings (comprising 1 x 2-bed and 1 x 3-bed), involving part single part 2-storey rear extension and conversion of garage into habitable room, with installation of bay window, new entrance door and associated landscaping.",,97,Chiswick Road,,N9 7AP,01/04/2022,31/03/2023,,,2,1,1,1,1,Approved,20/03/2020,,,
20/02478/FULL1,Bromley,10/07/2020,Completed,All Other,The construction of a two bedroom house to the side of 41 Mounthurst Road.,,41,Mounthurst Road,Hayes,BR2 7PG,24/11/2023,17/02/2023,,,1,0,1,1,1,Refused,21/09/2020,,,
P2020/2185/FUL,Islington,07/10/2020,Completed,All Other,Conversion of existing three-bedroom dwelling house into 2x self-contained flats [1x three-bedroom & 1x two-bedroom]; and existing alterations to include enlargement of existing rear dormer and terrace and the erection of a full-width ground floor and half-width first floor extension; and associated alterations.,Land At 1 To 14 Shelley Court Estate,,Hanley Road,London,,09/09/2022,09/09/2022,,,2,1,1,1,1,Approved,08/03/2022,,,
2021/4650,Wandsworth,21/12/2021,Commenced,All Other,Change of use from office (Class E) to part office (Class E) and part residential (Class C3) to provide 2-bedroom flat in conjunction with existing first floor accommodation.,,63,Queenstown Road,London,SW8 3RG,11/05/2022,,,,1,1,0,0,0,Approved,15/02/2022,,,http://planning.wandsworth.gov.uk/Northgate/PlanningExplorer/DisplayAppDetails.aspx?AppNo=2021/4650
22/01732/FUL,Enfield,23/05/2022,Completed,All Other,"Conversion of single family dwelling house into 2 self-contained flats, involving first floor rear extension, associated parking and amenity space.",,83,Sussex Way,,EN4 0BH,01/04/2022,31/03/2023,,,2,1,1,1,1,Approved,15/07/2022,,,
18/P4143,Merton,,Completed,All Other,"DEMOLITION OF THE EXISTING CONSERVATORY, ALTERATIONS TO THE EXISTING BUILDING AND ERECTION OF A NEW THREE STOREY DWELLINGHOUSE WITH ASSOCIATED LANDSCAPING LOCATED TO THE SIDE OF EXISTING DWELLINGHOUSE.",,18,Homefield Road,London,SW19 4QF,01/08/2022,01/04/2023,,,1,0,1,1,1,Approved,01/10/2020,,,http://planning.merton.gov.uk/Northgate/PlanningExplorer/DisplayAppDetails.aspx?AppNo=18/P4143
21/00412/CEU,Enfield,19/02/2021,Completed,All Other,Use of Block A as a House in Multiple Occupation (HMO) -Use Class C4.,Block A,198,Fore Street,,N18 2JD,01/04/2022,31/03/2023,,,0,1,-1,-1,-1,Approved,16/04/2021,,,
16/03922/FUL,Lambeth,,Completed,All Other,"Erection of 2x 2-bed single storey houses with basement level within the side garden and renovation and refurbishment of the existing dwelling to include the removal of garden shed and side conservatory, including internal reconfiguration and refurbishment works and excavation to create a rear basement extension with rear lightwell together with associated amenity space, landscaping, parking, refuse and cycle storage (Planning and Listed Building Consent).",121,121,Park Hill,,SW4 9NX,15/04/2019,15/02/2023,,,2,0,2,2,2,Approved,20/09/2016,,,
21/01547/FULL,London Borough of Barking and Dagenham,24/08/2021,Completed,All Other,"Construction of a new two storey, 2x bedroom dwelling adjacent to no. 1 Beech Gardens, including the provision of parking",1 Beech Gardens,1,BEECH GARDENS,,RM10 9TS,01/04/2022,22/10/2022,,,1,0,1,1,1,Approved,15/10/2021,,,https://online-befirst.lbbd.gov.uk/planning/index.html?fa=getApplication&id=28622
22/00491/CLE,London Borough of Newham,14/03/2022,Completed,All Other,Application for a Lawful Development Certificate for the existing use of the property as two self-contained flats.,,63,Disraeli Road,Forest Gate,E7 9JU,,31/03/2023,,,2,1,1,1,1,Approved,06/05/2022,,,
20/01352/FUL,London Borough of Newham,13/07/2020,Completed,All Other,"Demolition of existing temporary building on site, development of 4 storey mixed use scheme comprising 7 residential units and new community use at ground floor, cycle parking, refuse & recycle and associated works.",Land Between 2 And 2A,,Clinton Road,Forest Gate,E7 0HD,,31/03/2023,,,7,0,7,7,7,Approved,24/03/2021,,,
20/AP/1216,London Borough of Southwark,30/04/2020,Completed,All Other,Variation of Condition 2 (Approved Plans) of planning permission LBS ref no 17/AP/3070 for the alterations to enable a change of use of Beltwood House (a Grade II Listed Building) from a Class C2 residential institution to provide 7 apartments with external works comprising demolition of the service wing outriggers and replacement with new communal entrance. Demolition of curtilage outbuildings to the east of Beltwood House ('Stables and Worker's Cottages') and replacement with 3 No. residential units. Creation of new Gate House and a detached house within the site curtilage. The proposed amendments include: - Internal alterations - Reduction in the total number of residential units from 7 to 6 by consolidating Units 02 and 05 to form one three-bed unit at ground floor (now referred to as Unit 01)- Addition of 2 no. Conservation roof lights to the rear extension of the Gate House - Replacement of consented slate roof covering with black zinc standing seam on the Gate House - Increase in the size of the Gate House lightwell,Beltwood,41,Sydenham Hill,,SE26 6TH,,09/09/2022,,,1,2,-1,-1,-1,Approved,11/02/2022,,,
19/0823/GPD13,Richmond upon Thames,04/03/2019,Completed,All Other,Commercial unit.,,203,Sandycombe Road,,TW9 2EW,30/03/2022,28/11/2022,,,1,0,1,1,1,Approved,07/05/2019,,,
223013,Waltham Forest,20/10/2022,Commenced,All Other,Lawful development certificate (Existing) for use of 1a and 1b respectively as small Houses in Multiple Occupation (HMO) (Use Class C4) .,"1 Flempton Road, Leyton, London, E10 7NH",,,,,20/01/2023,,,,2,0,2,2,1,Approved,20/01/2023,,,
21/03658/FUL,Enfield,02/11/2021,Completed,All Other,"Conversion of single family dwelling house into two self-contained units, with replacement of single storey side extension.",,72,Grenoble Gardens,,N13 6JG,01/04/2022,31/03/2023,,,2,1,1,1,1,Approved,28/01/2022,,,
215434FUL,Ealing,31/08/2021,Completed,All Other,"Conversion of the existing property into two self-contained residential units and provision of associated cycle storage, refuse storage and private amenity space, following demolition of existing outbuilding; single storey rear extension",18 Durdans Road,,Durdans Road,Southall,UB1 2RT,16/02/2022,01/06/2022,,,2,1,1,1,1,Approved,08/02/2022,,,https://pam.ealing.gov.uk/online-applications/PLAN/215434FUL;
21/P3487,Merton,01/10/2021,Completed,Prior Approval,APPLICATION FOR PRIOR APPROVAL FOR ERECTION OF ADDITIONAL FLOOR COMPRISING 3 X SELF-CONTAINED RESIDENTIAL FLATS.,,8G,South Park Road,Wimbledon,SW19 8ST,22/06/2022,08/02/2023,,,3,0,3,3,3,Approved,23/02/2022,,,http://planning.merton.gov.uk/Northgate/PlanningExplorer/DisplayAppDetails.aspx?AppNo=21/P3487
21/00417/GPDO,Croydon,29/01/2021,Completed,Prior Approval,"Alterations, Conversion of office building to 6 flats (amended description).","2, 3-4 Sundridge Place Croydon CR0 6FF",,,,,31/03/2023,31/03/2023,,,6,0,6,6,6,Approved,25/03/2021,,,
204111FUL,Ealing,13/10/2020,Completed,All Other,"Conversion of attached single-storey garages into a dwellinghouse (Use Class C3); associated cycle parking and waste storage space; first floor front extension; and alterations to front elevation involving replacement of garage doors with window opening and metal railing/gate, and to roof involving partial removal, raising and installation of six rooflights.",R/o 51 Regina Road And Adj To,,Regina Road,London,W13 9EQ,07/06/2021,09/02/2023,,,1,0,1,1,1,Approved,23/12/2020,,,https://pam.ealing.gov.uk/online-applications/PLAN/204111FUL;
P2018/3530/COLP,Islington,24/10/2018,Completed,All Other,"Certificate of Lawfulness (Proposed) for the change of use of the first and second floor levels of the building from ancillary retail storage (A1 use class), to mixed use (A1 use class at ground floor level, and C3 residential at first and second floor level), to provide of 2 residential flats.",,75,Chapel Market,London,N1 9ER,01/07/2021,11/07/2022,,,2,0,2,2,2,Comment Issued,18/12/2018,,,
16/04735/FULL1,Bromley,13/10/2016,Completed,All Other,"Demolition of existing dwelling and erection of a replacement bungalow with habitable accommodation in roofspace, incorporating two rear dormers",Primrose Farm,,Jail Lane,,TN16 3AX,07/11/2022,07/11/2022,,,1,1,0,0,0,Approved,08/12/2016,,,
20/03243/FUL,Bexley,19/01/2021,Completed,All Other,Detached single storey building to provide a self contained unit of accommodation.,,6,Whitfield Road,,DA7 5LR,19/04/2022,19/04/2022,,,1,0,1,1,1,Approved,22/02/2021,,,
20/03634/P3O,Lambeth,22/10/2020,Completed,Prior Approval,Application for Prior Approval for the change of use of ground and mezzanine floor from existing office use (Use Class B1(a)) to a 1-bed residential unit (Use Class C3).,,376,Clapham Road,,SW9 9AR,03/02/2021,31/03/2023,,,1,0,1,1,1,Approved,29/01/2021,,,
13289/APP/2020/1273,Hillingdon,,Completed,All Other,Conversion of single dwelling into two individual properties (Application for a Certificate of Lawful Development for an Existing Development),17 CHELSTON ROAD RUISLIP,,,Ruislip,HA4 9SA,16/10/2020,01/04/2023,,,2,1,1,1,1,Approved,22/06/2020,,,
22/01043/CEU,Enfield,31/03/2022,Completed,All Other,"Use of premises as 5 self-contained flats, at rear of ground floor commercial unit and upper floors.",,452,Green Lanes,,N13 5XD,20/09/2022,20/09/2022,,,5,3,2,2,2,Approved,20/09/2022,,,
21/01978/LP,London Borough of Croydon,05/05/2021,Completed,All Other,"Use as supported living accommodation for up to 4 adults within use class C3b, erection of replacement roof to existing single-storey rear extension and installation of door in rear elevation.",,56,Pawsons Road,,CR0 2QF,09/05/2022,09/05/2022,,,4,1,3,3,3,Approved,30/06/2021,,,
20/00597/FUL,Lambeth,13/03/2020,Completed,All Other,"Demolition of existing disused garages and erection of a single storey plus basement 3-bedroom dwelling house with green roof, together with refuse and cycle storages and landscaping treatment.",Garages Rear Of 21 Hillside Road London SW2 3HL,,,,SW2 3HL,17/05/2021,19/04/2022,,,1,0,1,1,1,Approved,18/08/2020,,,
2021/4546,Wandsworth,13/10/2021,Commenced,All Other,Alterations in connection with the use of two flats as a single dwelling house.,,,Ellerton Road,,SW18 3NN,01/04/2022,,,,1,2,-1,-1,-1,Approved,01/12/2021,,,http://planning.wandsworth.gov.uk/Northgate/PlanningExplorer/DisplayAppDetails.aspx?AppNo=2021/4546
222801FUL,Ealing,27/06/2022,Completed,All Other,Conversion of single family dwellinghouse into 2no. self-contained flats; single storey rear extension (following demolition of existing rear addition); rear roof extension; and installation of two rooflights to front roof slope,124 Greenford Avenue,,Greenford Avenue,London,W7 3QS,,01/04/2023,,,2,1,1,1,1,Approved,19/08/2022,,,https://pam.ealing.gov.uk/online-applications/PLAN/222801FUL;
P2018/0088/FUL,Islington,22/05/2018,Completed,All Other,Erection of a roof extension and two storey rear extensions to provide an additional 4 new residential accomodation (4 x 2bed units). Change of use of part ground floor from retail (A1 to residential entry and support and new retail (A1) mezzanine floorspace at 9 Seven Sister's Road.,3 & 5 - 9,5 - 9,Seven Sisters Road,London,,31/08/2020,11/07/2022,,,4,0,4,4,4,Approved,31/01/2019,,,
19/01354/FUL,Bexley,27/06/2019,Completed,All Other,Alterations including rear dormer extension to convert the existing dwelling into 4 self-contained apartments comprising 2 x 1 bed and 2 x 2 bed units. Provision of a detached cycle and refuse store and associated parking spaces.,,104,Lion Road,,DA6 8PQ,03/06/2019,01/04/2023,,,4,1,3,3,3,Approved,20/08/2019,,,
20/00464/FULL,Westminster,11/05/2020,Completed,All Other,"Demolition behind front and part side facades and erection of replacement dwelling, excavation of basement beneath front garden and erection of single storey extension to rear. Associated works including alterations to front lightwell reorganised rear fenestration, reinstated cornicing to front elevation, installation of rooflights, alterations to portico and alterations to the front boundary.",,97,Hamilton Terrace,,NW8 9QY,03/06/2020,01/11/2022,,,1,1,0,0,0,Approved,03/06/2020,,,
20/6068/PNR,Barnet,16/12/2020,Completed,Prior Approval,Part change of ground floor use former A1 (Retail) and A2 (unit) use to Class C3 (Residential) 1 unit,The Broadway,2,Friern Barnet Road,Friern Barnet,N11 3DT,01/04/2021,27/08/2022,,,1,0,1,1,1,Approved,27/01/2021,,,
20/00371/LP,London Borough of Croydon,28/01/2020,Completed,All Other,Change of use from use class C3(a) (single family dwelling) to a bariatric care unit under use class C3(b),,47A,Foxley Lane,,CR8 3EH,01/04/2022,01/12/2022,,,0,1,-1,-1,-1,Approved,23/03/2020,,,
HGY/2019/1027,Haringey,28/03/2019,Commenced,All Other,Conversion from office (B1) to form self-contained residential studio (C3),"110, West Green Road, London, N15 5AA",110,,,,20/01/2022,,,,1,0,1,1,1,Approved,24/05/2019,,,https://londonboroughofharingey.force.com/pr/s/planning-application/a0i8d000002GIMAAA4
20/02374/RG3,Lambeth,06/08/2020,Commenced,All Other,Redevelopment of the site comprising of the demolition of the existing buildings and erection of 4-storey and a 5-storey building to provide 27 residential units (Use Class C3) together with associated landscaping works. Re-consultation (14 days) due to amendments and additional information received that includes: Amended Drawings that includes a Lift added to Block A and changes to building footprint (the gap between Blocks A and B is reduced by 1m to accommodate this change); Railing added to the roof of Block A (set back from edge and required for access to Air Source Heat Pumps) Amended Daylight and Sunlight Report Amended Design and Access Statement - Page 56 Additional Information on proposals for Open Space mitigation - Fenwick Place landscape Enhancements,Flats 24 To 66 Fenwick Place London SW9 9NW,,,,,01/03/2023,,,,27,22,5,-11,-22,Approved,01/03/2021,,,
P0468.19,Havering,16/05/2019,Completed,All Other,"Erection of 3 new residential dwellings (2x3-bedroom, 1x4-bedroom) with associated car parking, amenity space, cycle and refuse storage.",119 Lake Avenue,119,Rainham,,RM13 9SQ,10/03/2021,19/04/2022,,,3,1,2,2,2,Approved,29/08/2019,,,http://development.havering.gov.uk/OcellaWeb/planningDetails?reference=P0468.19
22/2954/GPD26,Richmond upon Thames,30/09/2022,Completed,Prior Approval,CLASS MA Prior Approval Application for change of use to single dwelling,,1,High Street,,TW12 1NA,07/11/2022,07/11/2022,,,1,0,1,1,1,Approved,07/11/2022,,,
18/05896/FUL,Croydon,18/12/2018,Completed,All Other,"Demolition of the existing building and erection of two/three storey building including basement and accommodation in the roof space to provide 9 units. Associated parking/access, landscaping, cycle and refuse stores.",,12,The Ridge Way,,CR2 0LE,01/02/2021,21/12/2022,,,9,1,8,8,8,Approved,22/03/2019,,,
75531/APP/2020/1234,Hillingdon,28/04/2020,Completed,All Other,"Erection of a 3 bedroom, 5 person two storey house with associated car parking and amenity space",GARAGES SITE AT JUNCTION OF STELLA CLOSE,,MORELLO AVENUE,,UB8 3ER,06/02/2021,15/06/2022,,,1,0,1,1,1,Approved,23/09/2020,,,http://planning.hillingdon.gov.uk/OcellaWeb/planningDetails?reference=75531/APP/2020/1234
21/03928/FUL,Lambeth,21/10/2021,Commenced,All Other,"Conversion of existing property to 6 bedroom large house in multiple occupation (Sui Generis), and proposed rear dormer extension incorporating 2 front rooflights (part retrospective).",,131,Clapham High Street,,SW4 7SS,20/01/2023,,,,1,1,0,0,-1,Approved,20/01/2023,,,
22/P0504,Merton,03/03/2022,Completed,Prior Approval,PRIOR APPROVAL FOR THE PROPOSED CHANGE OF USE RELATING TO THE PARTIAL CONVERSION FROM OFFICES TO RESIDENTIAL ON THE FIRST FLOOR TO CREATE 1 X SELF CONTAINED FLAT.,Ground Floor Offices,20A,York Road,Wimbledon,SW19 8TP,23/07/2022,20/09/2022,,,1,0,1,1,1,Approved,22/07/2022,,,http://planning.merton.gov.uk/Northgate/PlanningExplorer/DisplayAppDetails.aspx?AppNo=22/P0504
0560/19,Redbridge,24/04/2019,Completed,All Other,Change of use from dwelling (C3) to small HMO for up to 6 people (C4). (Existing). (Summary).,,145,Uplands Road,,IG8 8JP,12/06/2022,12/06/2022,,,1,1,0,0,0,Approved,18/06/2019,,,
18/P0562,Merton,01/02/2018,Completed,All Other,ERECTION OF A ROOF EXTENSION COMPRISING OF 3 SELF CONTAINED UNITS 1 X STUDIO 2 X 1 BED,2a,16,Milner Road,Wimbledon,SW19 3AA,01/08/2021,31/03/2023,,,3,0,3,3,3,Approved,04/10/2018,,,http://planning.merton.gov.uk/Northgate/PlanningExplorer/DisplayAppDetails.aspx?AppNo=18/P0562
20/05265/FULL,Westminster,19/08/2020,Completed,All Other,Alteration in connection with the use of first to third floors as 3 flats (Class C3),First Floor Flat,88,Dean Street,,W1D 3ST,01/04/2022,10/01/2023,,,3,2,1,1,1,Approved,01/10/2020,,,
22/AP/3250,London Borough of Southwark,09/09/2022,Completed,All Other,Lawful development certificate for an existing use as two bedroom flats (Use Class C3- Dwellinghouses),Flat 1,1,Bull Yard,,SE15 5DH,,18/10/2022,,,2,0,2,2,2,Approved,18/10/2022,,,
22/00131/LDCP,London Borough of Lambeth,14/01/2022,Completed,All Other,"Application for a Certificate of Lawful Development (Proposed) with respect to erection of a single storey ground floor rear/ side infill extension; erection of a rear dormer roof extension with juliet balcony and installation of 3 rooflights to the front roof slope, removal of first floor side window, replacement of all timber framed windows with new timber framed windows and change of use from a single dwelling (C3) to a small house in multiple occupation (C4).",,49,Sandmere Road,,SW4 7PS,,31/03/2023,,,1,1,0,0,0,Approved,08/03/2022,,,
20/1706/FUL,Barnet,06/04/2020,Completed,All Other,"Demolition of the existing dwelling and erection of a new two storey dwelling with basement level and rooms in the roofspace. Associated refuse/recycling, amenity space and off street parking",,28,Sherwood Road,Hendon,NW4 1AD,20/02/2023,20/02/2023,,,1,1,0,0,0,Approved,01/07/2020,,,
4049/17,Redbridge,25/08/2017,Completed,All Other,"Proposed conversion of existing basement flat from 1 two bedroom flat into 2 one bedroom flats. Partial lowering of ground level to front and rear, installation of new windows and erection of a conservatory to the rear. (Summary)",Development At 1,1,Grosvenor Road,Wanstead,,03/03/2018,01/04/2023,,,2,1,1,1,1,Approved,15/03/2018,,,
22/04382/LDCE,Lambeth,29/12/2022,Completed,All Other,Certificate of Lawful Development (existing) for the creation of a self contained dwelling.,,56,Railton Road,,SE24 0LF,22/02/2023,22/02/2023,,,1,0,1,1,1,Approved,22/02/2023,,,
20/02326/FUL,Enfield,23/07/2020,Completed,All Other,"Conversion of single family dwelling into 4 x self contained flats, involving part single, part 2-storey rear extension, 1st floor side extension with rear dormer and extensions to roof at sides.",,128,The Ridgeway,,EN2 8JN,01/04/2022,31/03/2023,,,4,1,3,3,3,Approved,30/10/2020,,,
19737/APP/2019/3049,Hillingdon,17/10/2019,Completed,All Other,Conversion of existing two-storey dwelling with habitable roof space to 1 x 2-bed and 1 x 1-bed self contained flats with associated amenity space,52 LEA CRESCENT,52,Lea Crescent,,HA4 6PP,11/12/2019,14/04/2022,,,2,1,1,1,1,Approved,11/12/2019,,,http://planning.hillingdon.gov.uk/OcellaWeb/planningDetails?reference=19737/APP/2019/3049
211507FUL,Ealing,21/01/2021,Completed,All Other,Conversion of existing dwellinghouse into 2 self-contained flats,95 Woodlands Road,,Woodlands Road,Southall,UB1 1EJ,01/04/2021,10/08/2022,,,2,1,1,1,1,Approved,01/04/2021,,,https://pam.ealing.gov.uk/online-applications/PLAN/211507FUL;
2021/01502/FUL,London Borough of Hammersmith and Fulham,05/05/2021,Completed,All Other,"Conversion of existing building from 2no self-contained flats into a single family dwellinghouse; erection of a single storey rear extension, to the side and rear of the existing back addition following the demolition of existing ground floor back addition; demolition and erection of a replacement external staircase at the rear of the property.",,86,Jeddo Road,,W12 9EQ,21/02/2022,31/03/2023,,,1,2,-1,-1,-1,Approved,30/06/2021,,,
19/0495/FUL,Richmond upon Thames,05/06/2019,Completed,All Other,Demolition of the existing dwelling and the erection of a pair of semi-detached dwellings with associated hard and soft landscaping and refuse store.,,1,Curtis Road,,TW4 5PU,01/07/2022,31/03/2023,,,2,1,1,1,1,Approved,04/09/2020,,,
221975CPE,Ealing,09/05/2022,Completed,All Other,Continued use of property as four self-contained flats (Lawful Development Certificate for Existing Use),13 Rowan Close,,Rowan Close,London,W5 4AG,04/07/2022,04/07/2022,,,4,1,3,3,3,Approved,04/07/2022,,,https://pam.ealing.gov.uk/online-applications/PLAN/221975CPE;
192910FUL,Ealing,01/06/2019,Completed,All Other,"Construction of a 3-storey, with basement level, detached dwellinghouse (following the demolition of existing side extension and garage); and part single-storey, part two-storey rear extension to existing dwelling",16 Chatsworth Road,,Chatsworth Road,London,W5 3DB,30/09/2020,02/11/2022,,,1,0,1,1,1,Approved,19/12/2019,,,https://pam.ealing.gov.uk/online-applications/PLAN/192910FUL;
224249CPE,Ealing,07/10/2022,Completed,All Other,"Continued use of dwelling house as three self-contained flats with integrated garage; alterations to front elevation, replacing garage door with window opening (Lawful Development Certificate for an Existing Development)",6 Yeoman Road,,Yeoman Road,Northolt,UB5 5TJ,04/04/2023,04/04/2023,,,3,1,2,2,2,Approved,04/04/2023,,,https://pam.ealing.gov.uk/online-applications/PLAN/224249CPE;
22/03112/ELUD,Bromley Custodian Code,16/08/2022,Completed,All Other,Use of the dwellinghouse by not more than three residents as a house in multiple occupation as defined by section 254(2) of the Housing Act 2004 (use class C4) EXISTING LAWFUL DEVELOPMENT CERTIFICATE,,54,Widecombe Road,Mottingham,SE9 4HJ,25/11/2022,25/11/2022,,,1,1,0,0,0,Approved,25/11/2022,,,
19/03941/FULL1,Bromley Custodian Code,17/10/2019,Completed,All Other,"Erection of part one storey/part two storey upper floor extension to Bayheath House & Cardinal House to provide 4x 1-bedroom and 5x 2-bedroom flats (9 flats in total) with associated car parking and Car Club parking, cycle parking and elevational alterations to the existing buildings. (Amended drawings and supporting details and description).",Bayheath House4 FairwayPetts WoodOrpingtonBR5 1EG,,,,,,30/06/2022,,,9,0,9,9,9,Approved,22/05/2020,,,
P0627.20,Havering,07/05/2020,Completed,All Other,Proposed 3 Bedroom dwelling adjoining existing semi-detached dwelling.,11 Harlesden Road,,Harold Hill,,RM3 9HT,27/09/2022,31/03/2022,,,1,0,1,1,1,Approved,02/07/2020,,,http://development.havering.gov.uk/OcellaWeb/planningDetails?reference=P0627.20
2022/2960,Hackney,07/12/2022,Completed,All Other,Certificate of lawfulness (Existing) for the use of the basement as a self-contained residential unit,Basement Flat,119,GRAHAM ROAD,HACKNEY,E8 1PB,01/04/2023,01/04/2023,,,1,0,1,1,1,Approved,23/02/2023,,,/planning/index.html?fa=getApplication&id=75110
22/05367/LE,London Borough of Croydon,30/12/2022,Completed,All Other,Use of the property as two self-contained flats (Use Class C3),,37,Wortley Road,,CR0 3EB,13/02/2023,13/02/2023,,,2,1,1,1,1,Approved,13/02/2023,,,
184179FUL,Ealing,10/09/2018,Completed,All Other,"Demolition of a light industrial building (Use Class B1c) and the construction of one block of residential accommodation comprising a two storey building (with accommodation in the roof and basement ) containing 2 maisonettes and 7 flats fronting onto Factory Yard (a total of 9 dwellings), associated cycle parking and refuse storage provision",1 Factory Yard,1,Factory Yard,London,W7 3UG,14/09/2019,13/04/2022,,,9,0,9,9,9,Approved,21/01/2019,,,https://pam.ealing.gov.uk/online-applications/PLAN/184179FUL;
P/0961/22,Harrow,21/04/2022,Completed,All Other,Change of use of office (Use class E) into two flats (1 X 1 bed and 1 X 2 bed) (Use class C3) (retrospective); Single storey rear extension,66 Station Road Harrow HA1 2SQ,66,Station Road,Harrow,HA1 2SQ,16/06/2022,16/06/2022,,,2,0,2,2,2,Approved,16/06/2022,,,http://site.com?appref=P/0961/22-or-1185942
22/01838/CLE,London Borough of Newham,27/07/2022,Completed,All Other,Application for a lawful development certificate for the use of part of the building at the ground floor (rear) of this overall site as a self-contained apartment (Use Class C3).,Callan Court,"54, 6",Warton Road,Stratford,E15 2JS,,07/11/2022,,,1,0,1,1,1,Approved,07/11/2022,,,
19/01804/FUL,Enfield,30/05/2019,Completed,All Other,Conversion of a single family dwelling into 2x self contained flats comprising 1 x 3-bed and 1 x 1-bed.,,21,Latymer Way,,N9 9UB,01/04/2022,31/03/2023,,,2,1,1,1,1,Approved,11/11/2019,,,
17/0076/FUMOPDC,Brent,,Completed,All Other,"Residential-led, mixed use redevelopment of the site to provide three new courtyard blocks, ranging from 5 storeys to 27 storeys in height comprising 807 residential units (Use Class C3), a 377sqm (GIA) childrens nursery (Use Class D1), 977sqm (GIA) of flexible retail/employment floor space (Use Classes A1, A2, and B1) with publicly accessible open space, private and shared amenity space; hard and soft landscaping; alterations to existing, and creation of new, vehicular accesses and pedestrian routes; substation; servicing bay on Lakeside Drive, car and cycle parking and associated works.",Land at First Central site,Land at First Central site,Lakeside Drive,Park Royal,NW10 7HQ,30/11/2017,31/03/2023,,,807,0,807,807,807,Approved,14/11/2017,,,
20/01071/FUL,London Borough of Croydon,04/03/2020,Completed,All Other,"Demolition of existing buildings, erection of 1 three storey building comprising 3 flexible commercial units (A1,A2,B1a/b/B1c Use Class) at ground floor, ancillary storage/laundry room, and 4 x 2 bedroom duplex flats on the upper floors, and erection of 1 two storey building comprising 3 commercial units (A1, A2, B1a/b/B1c Use Class) at ground floor and 3 x 1 bedroom flats on first floor, provision of associated landscaping, and provision of associated refuse and cycle storage.",Rear Of 23 And 25,,George Street,,CR0 1LA,18/04/2022,18/04/2022,,,7,0,7,7,7,Approved,03/03/2021,,,
DM2020/01339,Sutton,28/08/2020,Completed,All Other,Retention of the conversion of the original single family dwelling into 2 self contained residential units.,,50,Park Lane,,SM6 0TN,02/07/2021,10/05/2022,,,2,1,1,1,1,Approved,23/10/2020,,,
19/00517/FUL,London Borough of Newham,22/02/2019,Completed,All Other,"Redevelopment of the site to provide a single building of 12 storeys in height comprising 55 residential units, with associated cycle parking, plant and refuse areas, resident amenity areas and associated development.",,1,Bradfield Road,Silvertown,E16 2AX,,31/03/2023,,,55,1,54,54,54,Approved,20/02/2020,,,
216051FUL,Ealing,11/10/2021,Completed,All Other,"Conversion of existing house into 2 self contained flats; Single storey front porch extension; single storey rear/side wraparound extension, following demolition of existing garage; part first floor rear extension.",17 Sandringham Road,,Sandringham Road,Northolt,UB5 5HN,,01/04/2023,,,3,1,2,2,2,Approved,19/11/2021,,,https://pam.ealing.gov.uk/online-applications/PLAN/216051FUL;
19/P2885,Merton,05/08/2019,Commenced,All Other,DEMOLITION OF GARAGE AND ERECTION OF A ONE BREDROOM 2 STOREY DETACHED HOUSE,Land Adj 57,59,Gore Road,Raynes Park,SW20 8JN,20/12/2021,,,,1,0,1,1,1,Approved,17/12/2020,,,http://planning.merton.gov.uk/Northgate/PlanningExplorer/DisplayAppDetails.aspx?AppNo=19/P2885
2022/4313,Wandsworth,10/11/2022,Completed,All Other,Use of basement as one-bedroom self contained flat.,Flat 7,,Earlsfield Road,London,SW18 3DG,04/01/2023,04/01/2023,,,1,0,1,1,1,Approved,04/01/2023,,,http://planning.wandsworth.gov.uk/Northgate/PlanningExplorer/DisplayAppDetails.aspx?AppNo=2022/4313
23/0392/ES191,Richmond upon Thames,14/02/2023,Completed,Prior Approval,Establish use of property as two bedroom flat (C3),Ground Floor Flat,18,Water Lane,,TW9 1TJ,29/03/2023,29/03/2023,,,1,2,-1,-1,-1,Approved,29/03/2023,,,
P/3007/22,Harrow,18/08/2022,Completed,All Other,Conversion of dwelling into two flats (2 X 1 bed); front porch; bin and cycle stores,,34,Carmelite Road,Harrow,HA3 5LR,30/11/2022,27/01/2023,,,2,1,1,1,1,Approved,30/11/2022,,,http://site.com?appref=P/3007/22-or-1215783
P2020/0394/FUL,Islington,07/02/2020,Completed,All Other,"Amalgamation of two existing adjoining dwelling houses into a single family house with associated internal alterations and replacement of doors and windows to the front and rear elevations, erection of a rear dormer extension and installation a roof terrace at first floor level to the rear of the property, installation of rooflights to the front and rear roofslopes.",Street Record,,Compton Avenue,London,,09/09/2022,09/09/2022,,,1,2,-1,-1,-1,Approved,21/05/2020,,,
21/01258/FUL,Enfield,12/04/2021,Completed,All Other,Redevelopment of site by erection of single storey detached bungalow together with associated parking and bin storage.,,12A,Bilton Way,,EN3 6EW,01/04/2022,31/03/2023,,,1,0,1,1,1,Approved,18/10/2021,,,
P0566.19,Havering,18/04/2019,Completed,All Other,Proposed two-storey dwelling and extension of existing dropped kerb and creation of block paved driveway to provide off-street parking for existing and proposed dwellings,36 Princes Park,36,Rainham,,RM13 7EA,30/06/2021,02/11/2022,,,0,0,0,0,0,Approved,19/09/2019,,,http://development.havering.gov.uk/OcellaWeb/planningDetails?reference=P0566.19
200102FUL,Ealing,28/01/2020,Completed,All Other,"Construction of a two-storey, three-bedroom end terraced dwellinghouse with habitable roof space",19 Chalfont Way,,Chalfont Way,London,W13 9XN,27/01/2022,01/12/2022,,,1,0,1,1,1,Approved,20/03/2020,,,https://pam.ealing.gov.uk/online-applications/PLAN/200102FUL;
J0026.19,Havering,09/08/2019,Completed,Prior Approval,Prior approval for the Change of Use from offices (Class B1) to form 9 residential units (C3),Harvey House,Harvey Court,St Edwards Court,Romford,RM7 9QD,06/07/2022,12/01/2023,,,9,0,9,9,9,Approved,02/10/2019,,,http://development.havering.gov.uk/OcellaWeb/planningDetails?reference=J0026.19
HGY/2020/0084,Haringey,20/12/2019,Commenced,All Other,Change of use of ground floor rear and part first floor storage area associated with retail (A1) use and reconfiguration of the 2 no. self-contained flats on the upper floors to create 3 x self-contained flats (C3) in conjunction with rear dormer extensio,"20, Middle Lane, London, N8 8PL",20,,,,03/02/2021,,,,3,1,2,2,2,Approved,13/03/2020,,,https://londonboroughofharingey.force.com/pr/s/planning-application/a0i8d000002GHh2AAG
2020/02523/FUL,London Borough of Hammersmith and Fulham,05/10/2020,Completed,All Other,"Conversion of the first, second and third floor levels into 2 x 1 bedroom and 1 x 2 bedroom self-contained flats; upward extension of existing two storey element; formation of a mezzanine floor in between ground and first floor level to provide a cycle store; bricking up of existing window to the side of rear back addition at first floor level; infilling of the existing door and installation of a new door to access the terrace at second floor level to the rear elevation.",,209,Fulham Palace Road,,W6 8QX,16/01/2021,08/10/2022,,,3,1,2,2,2,Approved,15/01/2021,,,
19/01037/FUL,London Borough of Bexley,07/06/2019,Completed,All Other,Single storey side and rear extension and alterations to provide 2 x 2 bed dwellings with associated parking and amenity space.,,43,Sydney Road,,SE2 9RZ,03/03/2021,01/04/2023,,,2,0,2,2,2,Approved,02/11/2020,,,
2022/3055,Wandsworth,21/07/2022,Completed,All Other,"Submission of details for the viability review mechanism pursuant to Schedule 3 of section 106 agreement dated 10th August 2018 related to planning permission ref 2017/4726 (as varied by 2020/2855 dated 02/12/2021) (Demolition of the existing buildings, with the retention and restoration of the RACS building facade and redevelopment of the remainder of the site to provide a part single/part four/part five-storey building to provide up to 2,105sqm of flexible floorspace at ground level for retail, financial and professional services, restaurant, pub and bar (Classes A1-A4) and 173sqm floorspace for community use (Class D1/D2); a 96-bedroom hotel (Class C1); 41 residential units (comprising 9 x 1-bedroom, 29 x 2-bedroom and 3 x 3-bedroom units); associated car parking for 45 cars (including 29 spaces for public use), 124 cycle parking spaces, servicing areas and landscaping) and to modify the s.106 legal agreement to remove obligations relating to affordable housing provision.",Development Site Of 180 To 214,,Upper Tooting Road,London,SW17 7ER,18/11/2022,18/11/2022,,,41,41,0,0,0,Approved,18/11/2022,,,http://planning.wandsworth.gov.uk/Northgate/PlanningExplorer/DisplayAppDetails.aspx?AppNo=2022/3055
21/01162/FUL,London Borough of Newham,08/05/2021,Completed,All Other,Proposed hip to gable roof extension with rear flat roof dormer and conversion of existing HMO property into 1no. 2 bedroom and 1no. 3 bedroom self-contained flats.,,2,Glenparke Road,Forest Gate,E7 8BW,,31/03/2023,,,2,0,2,2,2,Approved,20/08/2021,,,
DM2019/00558,London Borough of Sutton,28/03/2019,Completed,All Other,"Erection of a two storey rear extension comprising bakery and two first floor flats (1 x 1 bed and 1 x studio flat), bin store and garage to include 1 parking space, storage for one motorcycle and two cycles spaces.",,28,High Street,,SM5 3AG,04/08/2020,21/04/2022,,,2,0,2,2,2,Approved,12/06/2019,,,
215777FUL,Ealing,22/09/2021,Completed,All Other,conversion of existing dwellinghouse into 2 self-contained flats and provision of associated refuse and cycle store,4 Boyd Avenue,,Boyd Avenue,Southall,UB1 3BT,09/08/2021,07/04/2022,,,2,1,1,1,1,Approved,23/02/2022,,,https://pam.ealing.gov.uk/online-applications/PLAN/215777FUL;
P/2165/20,Harrow,26/06/2020,Completed,All Other,Single storey rear extension to ground floor retail unit; conversion of first and second floor flat into two flats (1 x 1 bed and 1 x studio); first floor rear extension; bin and cycle stores,134,,High Street,,HA3 7AL,01/06/2022,13/09/2022,,,2,1,1,1,1,Approved,21/08/2020,,,
22/AP/2297,London Borough of Southwark,27/07/2022,Completed,All Other,Certificate of lawfulness (existing) for conversion of property into 2 self-contained flats.,"Windsor Court, Flat 12",23,Coopers Road,,SE1 5JA,,18/09/2022,,,2,0,2,2,2,Refused,18/09/2022,,,
19/04747/FUL,London Borough of Croydon,07/10/2019,Completed,All Other,"Partial demolition of side extension and erection of a part two storey/part three storey, two bedroom dwelling, creation of access, associated cycle and refuse storage and landscaping, erection of a single storey rear extension to existing dwelling and demolition and erection of outbuilding within host property",,1,Summit Way,Upper Norwood,SE19 2PU,01/03/2021,31/03/2023,,,1,0,1,1,1,Approved,30/04/2020,,,
0691/23,Redbridge,09/03/2023,Completed,All Other,Change of use from a single dwelling house (C3) into a Children's Care Home (C2). (Summary).,,32,Cobham Road,Seven Kings,IG3 9JP,23/03/2022,04/01/2023,,,0,1,-1,-1,-1,Approved,28/03/2023,,,
22/0429/GPD26,Richmond upon Thames,14/02/2022,Completed,Prior Approval,Change of use of a commercial office building in to 5 no. 1 bedrooms flats,,3,Mount Mews,,TW12 2SH,31/03/2022,09/09/2022,,,5,0,5,5,5,Approved,21/03/2022,,,
19/00213/FUL,Croydon,17/01/2019,Completed,All Other,"Demolition of existing garage, erection of two storey 3 bedroom house with accommodation in roofspace, raised patio with steps at rear, provision of associated parking for proposed house and refuse store, formation of additional vehicular access and provision of associated parking for the existing house.",,9,Smitham Downs Road,,CR8 4NH,05/06/2021,15/07/2022,,,1,0,1,1,1,Approved,13/06/2019,,,
21/04591/FUL,Enfield,05/01/2022,Completed,All Other,"Conversion of single-family dwelling house into 2Nos. dwelling houses, involving 2 storey rear extension and 1st floor side extension, together with associated sub-division of site to provide private amenity space at rear and formation of a new pedestrian access from Tintern Gardens.",,60,The Vale,,N14 6HP,01/04/2022,31/03/2023,,,2,1,1,1,1,Approved,28/02/2022,,,
21/AP/0206,London Borough of Southwark,22/01/2021,Commenced,All Other,Certificate of lawful development (proposed) for Change of use from C3 (dwellinghouses) to C4 (small houses in multiple occupation) for max 6 people occupancy.,,17,Brewhouse Walk,,SE16 6LD,04/05/2022,,,,1,1,0,-1,-1,Approved,18/03/2021,,,
222211FUL,Ealing,20/05/2022,Completed,All Other,Conversion of existing building (2 flats) into 3 self-contained flats; single-storey rear/side wraparound extension; replacement of windows on rear and side elevations; installation of one window to rear (main) roof slope; two rooflights to front roof slope and three to rear outrigger roof.,48 Grafton Road,,Grafton Road,,,23/01/2023,07/05/2024,,,3,2,1,1,1,Approved,23/01/2023,,,https://pam.ealing.gov.uk/online-applications/PLAN/222211FUL;
22/07497/CLEUD,Westminster,18/11/2022,Completed,All Other,Use of part of second floor level as studio unit (Class C3),,148,Ashmore Road,,W9 3DE,27/01/2023,27/01/2023,,,1,0,1,1,1,Approved,27/01/2023,,,
1087/22,Redbridge,14/05/2022,Completed,All Other,"Demolish existing structures. Erection of a new five bedroom single dwelling house with associated amenity space, car parking, cycle and waste storage. (summary)",Development At 63,,Malford Grove,South Woodford,,15/02/2023,15/02/2023,,,2,2,0,0,0,Approved,07/07/2022,,,
20/05910/FULL,Westminster,21/09/2020,Completed,All Other,Amalgamation of existing ground floor flat with maisonette to form a single dwelling and replacement of rear window at ground floor level.,Ground Floor Flat 6 Moreton Terrace London SW1V 2NX,,,,,01/04/2022,10/01/2023,,,1,2,-1,-1,-1,Approved,11/12/2020,,,
20/00734/CEU,Enfield,16/03/2020,Completed,All Other,Use of property as 3 self contained flats.,24-26 The Limes Avenue London N11 1RG,,,,,01/04/2022,31/03/2023,,,3,0,3,3,3,Approved,15/05/2020,,,
222927FUL,Ealing,17/08/2022,Completed,All Other,Conversion of existing dwelling house into 3 self-contained residential units.,8 Lady Margaret Road,,Lady Margaret Road,Southall,UB1 2RA,,28/03/2023,,,3,0,3,3,3,Approved,11/01/2023,,,https://pam.ealing.gov.uk/online-applications/PLAN/222927FUL;
DM2022/00020,London Borough of Sutton,31/01/2022,Completed,All Other,"Change of use of the existing building from Class E (office) to Class C3 (residential) to provide 5 self contained residential units including the removal of the external rear/flank staircase, fenestration alterations, provision of a detached single storey cycle store to the rear/flank and a refuse storage area to the flank.",Shepley House,,Restmor Way,,SM6 7AH,13/12/2021,12/01/2023,,,5,0,5,5,5,Approved,07/02/2023,,,
20/00782/FUL,Enfield,04/03/2020,Completed,All Other,"Conversion of single family dwelling house into 2 x self-contained properties, involving part single, part 2-storey side and single storey rear extension.",,46,Northumberland Avenue,,EN1 4HF,01/04/2022,31/03/2023,,,2,1,1,1,1,Approved,09/06/2020,,,
19/00555/NMA,LLDC,06/12/2019,Completed,All Other,"Application under Section 96A of the Town and Country Planning Act 1990 (as amended) for non-material amendments to Condition 2 (Approved Plans) and the approved description of development of Full Planning Permission ref. 17/00344/FUL (as amended) dated 20th June 2018. The proposed non-material amendments to the approved plans for Plot D1 include alterations to the massing of the rooftop setback; alterations to windows and balconies; the introduction of an underground refuse system; alterations to the landscaping proposals including a new boundary fencing; provision of additional play space; removal of steps on eastern elevation; and internal alterations to include a change in unit mix; a reduction in unit numbers (from 152 to 144 dwellings), a reduction in non-residential floorspace (reduced from 213 sqm to 167 sqm), the introduction of a second means of escape stair to building cores; and the provision of additional cycle parking. The proposed non-material amendment to the description of development would take account of the above changes and would read as: Full planning permission for the demolition of the existing buildings and the development of a mixed-use scheme to include 5 buildings, ranging between 3 and 14 storeys in height, which would comprise 399 residential units (Use Class C3), 125 sqm of employment floorspace (Use Class B1), 167 sqm of flexible commercial/employment space (Use Classes A1/B1), 274 sqm of flexible retail space (Use Classes A1/A3/A4), together with the provision of basement cycle parking, street level car parking, public realm, vehicular access and the replacement of the adjacent river wall.",Leaside Lock Phases 2 (Pelican Wharf / Trad Site),,,Bromley by Bow,E3 3ED,01/04/2022,31/03/2023,,,144,0,144,144,144,Approved,14/09/2021,,,
20/01544/FUL,London Borough of Lambeth,20/05/2020,Completed,All Other,Change of use from office (Use Class B1(a)) at basement and part ground floor level into 1 residential unit (Use Class C3).,156 Edgeley Road London SW4 6HB,,,,,01/04/2022,31/03/2023,,,1,0,1,1,1,Approved,03/06/2021,,,
216411FUL,Ealing,03/11/2021,Completed,All Other,Conversion of single dwellinghouse into two self-contained residential units; facilitated by alteration of roof from hip to gable end; rear roof extension; installation of two rooflights to front roof slope; single storey rear extension; first floor rear extension; and external alterations (following demolition of existing rear extension),201 Windmill Lane,,Windmill Lane,Greenford,UB6 9DW,12/11/2021,13/03/2023,,,2,1,1,1,1,Approved,06/01/2022,,,https://pam.ealing.gov.uk/online-applications/PLAN/216411FUL;
192197FUL,Ealing,09/08/2019,Completed,All Other,Construction of a single storey detached dwellinghouse,35 Oldfield Lane South,,Oldfield Lane South,Greenford,UB6 9LB,26/10/2020,01/02/2023,,,1,0,1,1,1,Approved,02/10/2019,,,https://pam.ealing.gov.uk/online-applications/PLAN/192197FUL;
63562/APP/2022/1915,Hillingdon,17/06/2022,Completed,All Other,Existing use of a property as five self-contained flats (C3 Use Class) (Application for a Certificate of Lawful Development for an Existing Use),65 KINGSWAY,,HAYES,,,10/11/2022,10/11/2022,,,5,1,4,4,4,Approved,10/11/2022,,,http://planning.hillingdon.gov.uk/OcellaWeb/planningDetails?reference=63562/APP/2022/1915
P0864.18,Havering,,Completed,All Other,Proposal for New Dwelling with Basement,2,2,Hamlet Road,Romford,RM5 2DS,04/06/2020,14/08/2022,,,2,2,0,0,0,Approved,27/09/2018,,,
21/01178/FUL,London Borough of Newham,25/05/2021,Completed,All Other,"erection of a two-storey two-bed single-family dwellighouse on the vacant land associated with 19 Sheerwater Road, including an extension at first-floor level to the existing dwellinghouse and a porch.",,19,Sheerwater Road,West Beckton,E16 3SU,,31/03/2023,,,1,0,1,1,1,Approved,05/11/2021,,,
204071FUL,Ealing,09/10/2020,Completed,All Other,"Part retention of alteration of roof of original dwelling house from hipped to gable and construction of two storey dwelling house, with dormer window and associated amenity space.",8 Fraser Road,,Fraser Road,Greenford,UB6 7AH,16/12/2019,23/09/2022,,,1,0,1,1,1,Approved,22/12/2020,,,https://pam.ealing.gov.uk/online-applications/PLAN/204071FUL;
21/04439/FULL1,Bromley,08/09/2021,Completed,All Other,Erection of three storey rear extension and erection of single storey roof extension to create 9no. apartments with associated works.,Midas House,2,Knoll Rise,,BR6 0EL,27/06/2022,19/12/2022,,,9,0,9,9,9,Approved,16/03/2022,,,
20/P1704,Merton,27/05/2020,Completed,All Other,DEMOLITION OF EXISTING VICARGE AND ERECTION OF NEW DWELLINGHOUSE,Christ Church Vicarage,16,Copse Hill,Wimbledon,SW20 0HG,01/12/2020,31/03/2023,,,1,1,0,0,0,Approved,18/09/2020,,,http://planning.merton.gov.uk/Northgate/PlanningExplorer/DisplayAppDetails.aspx?AppNo=20/P1704
22/00139/FUL,Enfield,02/02/2022,Completed,All Other,"Sub-division of site for 2-storey dwelling house, erection of first floor rear and side extension together with associated garden, parking and bins (PART RETROSPECTIVE)",,5,Westerham Avenue,,N9 9BT,01/04/2021,31/03/2023,,,2,1,1,1,1,Approved,03/05/2022,,,
E0007.23,Havering,24/01/2023,Completed,All Other,The property has been converted into four (4) self contained flats and has been in existing use and continuous occupation for more than 4 years.,256 South Street,,Romford,,RM1 2AD,21/03/2023,21/03/2023,,,3,1,2,2,2,Not Required,21/03/2023,,,http://development.havering.gov.uk/OcellaWeb/planningDetails?reference=E0007.23
178335FUL,Ealing,16/11/2017,Completed,All Other,"Construction of three storey building to the rear of no. 148 to accomodate three residential units (following demolition of existing one storey rear building) with a balcony on the first and second levels; associated refuse storage, cycle storage, and amenity space.",148,148,Broadway,West Ealing,W13 0TL,27/01/2020,10/02/2023,,,3,0,3,3,3,Approved,06/07/2018,,,https://pam.ealing.gov.uk/online-applications/PLAN/178335FUL;
216316FUL,Ealing,28/10/2021,Completed,All Other,"Conversion of seven (7) bedroom HMO (House in multiple occupation) (Use Class Sui Generis) to three self-contained units, and provision of associated bin storage, cycle storage, private amenity space and off-street vehicle parking; single storey rear extension",21 Bennetts Avenue,,Bennetts Avenue,Greenford,UB6 8AU,17/12/2021,23/05/2022,,,3,0,3,3,3,Approved,17/12/2021,,,https://pam.ealing.gov.uk/online-applications/PLAN/216316FUL;
2022/1701,Wandsworth,10/05/2022,Commenced,All Other,"Alterations including erection of mansard roof extension to main rear roof (with French doors and safety railings) and front dormer; extension above two storey back addition; with formation of a roof terrace with high screen surround; installation of french doors with safety railings to rear first floor of back addition, in connection with conversion of upper floors into 2 x 1 bedroom and 1 x studio flats.",,4,West Hill,,SW18 1SB,01/10/2022,,,,3,1,2,2,2,Approved,04/07/2022,,,http://planning.wandsworth.gov.uk/Northgate/PlanningExplorer/DisplayAppDetails.aspx?AppNo=2022/1701
19/01638/FUL,Enfield,21/05/2019,Completed,All Other,"Redevelopment of site involving demolition of existing building and erection of 9 self contained flats comprising (8 x 2 bed and 1 x 3 bed) within a two storey building including accommodation in roof space together with erection of front boundary wall, gates and railings,new vehicular access,associated parking and landscaping.",,90,Camlet Way,,EN4 0NX,01/04/2021,31/03/2023,,,9,1,8,8,8,Refused,31/01/2020,,,
20/P2547,Merton,11/08/2020,Completed,All Other,"ERECTION OF A TWO STOREY TERRACE BUILDING COMPRISING 5 RESIDENTIAL UNITS (3 x 5 BEDROOM HOUSES, 1 X 2 BEDROOM FLAT AND 1 X 3 BEDROOM FLAT) WITH ASSOCIATED WORKS, INCLUDING OUTBUILDINGS, LANDSCAPING, CAR PARKING AND CYCLE/BIN STORAGE.",Strawberry Villas,99,Hamilton Road,Wimbledon,,14/05/2021,10/01/2023,,,5,0,5,5,5,Approved,03/03/2021,,,http://planning.merton.gov.uk/Northgate/PlanningExplorer/DisplayAppDetails.aspx?AppNo=20/P2547
20/2000/FUL,Richmond upon Thames,29/07/2020,Completed,All Other,"Change of use of existing financial and professional services to C3 (Residential) to create 1 two bed flat, rear extension, fenestration alterations and insertion of rooflight to single storey front projection.",,192,Heath Road,,TW2 5TX,01/11/2022,31/03/2023,,,1,0,1,1,1,Approved,14/12/2020,,,
22/6091/191,Barnet,22/12/2022,Completed,All Other,Use of outbuilding as self-contained unit,Garden Flat Rear,23,Selborne Gardens,Hendon,NW4 4SH,22/03/2023,22/03/2023,,,1,0,1,1,1,Approved,22/03/2023,,,
21/P0430,Merton,19/02/2021,Completed,All Other,CONVERSION OF DWELLINGHOUSE TO 3 SELF-CONTAINED FLATS,,416,Durnsford Road,London,,01/01/2022,01/05/2022,,,3,1,2,2,2,Approved,06/12/2021,,,http://planning.merton.gov.uk/Northgate/PlanningExplorer/DisplayAppDetails.aspx?AppNo=21/P0430
DM2019/01950,Sutton,27/11/2019,Completed,All Other,"Erection of a two-storey, four-bedroom dwellinghouse with associated front and rear gardens, bin and bicycle storage and parking.",Garden Land Rear Of 44 Dale Park Avenue Carshalton SM5 2EP,,,,,27/01/2021,01/02/2023,,,1,0,1,1,1,Approved,22/01/2020,,,
77598/APP/2022/3035,Hillingdon,04/10/2022,Completed,All Other,Conversion of maisonette into two separate self-contained flats (Application for a Certificate of Lawful Development for a Existing Development),28B VICTORIA ROAD,,RUISLIP,,HA4 0AB,23/12/2022,23/12/2022,,,2,1,1,1,1,Approved,23/12/2022,,,http://planning.hillingdon.gov.uk/OcellaWeb/planningDetails?reference=77598/APP/2022/3035
21/01458/FU,Enfield,29/04/2021,Completed,All Other,"Erection of a block of 9 self contained flats together with parking, amenity space, bin and cycle store.",Ashprington And Springdale Putney Road,,,,EN3 6NJ,01/04/2022,31/03/2023,,,9,2,7,7,7,Approved,10/08/2021,,,
P2020/2597/FUL,Islington,28/09/2020,Completed,All Other,Reconversion of two separate dwellings back into a single family home including internal reconfiguration and minor external alterations to ground floor glazed doors.,Basement Flat,,Ockendon Road,London,N1 3NW,09/09/2022,09/09/2022,,,1,2,-1,-1,-1,Approved,23/11/2020,,,
173855FUL,Ealing,31/07/2017,Completed,All Other,"Redevelopment to provide three blocks (A - C) over two storeys plus accommodation in the roof and basement accommodation to block C; comprising 21 residential units (Use Class C3), communal and private amenity space, acoustic walls on site boundaries; car parking, and refuse and cycle storage.",Land Adjoining,Land adjoining 1,Inglis Road,London,W5 3RH,24/12/2020,06/03/2023,,,21,0,21,21,21,Declined to Determine,10/05/2019,,,https://pam.ealing.gov.uk/online-applications/PLAN/173855FUL;
2022/01495/CLE,London Borough of Hammersmith and Fulham,08/06/2022,Completed,All Other,Continued use of the rear part of upper ground floor as a one bedroom self-contained flat.,Maisonette,67,Masbro' Road,,W14 0LS,17/11/2022,17/11/2022,,,1,0,1,1,1,Approved,17/11/2022,,,
P/3634/22,Harrow,31/10/2022,Completed,All Other,CERTIFICATE OF LAWFUL DEVELOPMENT (EXISTING): Detached outbuilding at rear for use as self- contained unit,,38,Reynolds Drive,Edgware,HA8 5PZ,21/12/2022,21/12/2022,,,1,0,1,1,1,Approved,21/12/2022,,,http://site.com?appref=P/3634/22-or-1224823
15/06448/FULL,Westminster,,Completed,All Other,"Demolition of all existing buildings and comprehensive redevelopment to provide a mixed use development accommodated in a single building arranged around a central courtyard of lower ground, ground, eight upper floors, rooftop plant and basements. Use of new building for hotel comprising up to 190 guest rooms, restaurants/bars, ballroom, function rooms, hotel leisure/spa facilities, ancillary and back of house spaces (Class C1), 24-28 residential dwellings including ancillary residential leisure and amenity facilities (Class C3) and retail (Class A1), car and cycle parking with access from Grosvenor Crescent and Halkin Street, refuse, delivery and circulation spaces within basements and other associated works. (Site includes Yorkshire House, Grosvenor Crescent, 3, 4, 5 and 8 Pembroke Close and 12 Halkin Street London SW1)",1-5,1-5,Grosvenor Place,,SW1X 7HJ,30/08/2017,01/04/2023,,,29,5,24,24,24,Approved,20/04/2016,,,
19/04311/CEU,Enfield,18/12/2019,Completed,All Other,Use of property as house of multiple occupation (HMO) (Use Class C4) for up to 6 people.,,4,Hardwicke Road,,N13 4SG,01/04/2022,31/03/2023,,,0,1,-1,-1,-1,Approved,03/04/2020,,,
20/01064/PRJ,Enfield,31/03/2020,Completed,Prior Approval,Change of use of part ground floor office (B1) to 1 self-contained flat (C3).,,169A,Hertford Road,,N9 7EL,01/04/2022,31/03/2023,,,1,0,1,1,1,Refused,26/05/2020,,,https://planningandbuildingcontrol.enfield.gov.uk/online-applications/applicationDetails.do?keyVal=Q82G5PJN09800&activeTab=summary
P/3436/20,Harrow,25/09/2020,Completed,All Other,Conversion of dwelling into two flats (1 x 1 bed and 1 x 2 bed); single storey rear extension; rear dormer; installation of rooflight to front roofslope; bin and cycle stores,"1, Newton Farm Cottages",,Rayners Lane,Pinner,HA2 0UE,09/06/2021,01/08/2022,,,2,1,1,1,1,Approved,24/12/2020,,,
21/01385/FUL,London Borough of Newham,15/06/2021,Completed,All Other,Proposed change of use of basement and ground floor from shop & storage room to single family dwelling (Application site affects the setting of a Grade II Listed Building).,,67,North Street,Plaistow,E13 9HL,,31/03/2023,,,1,0,1,1,1,Approved,04/02/2022,,,
214689CPE,Ealing,12/07/2021,Completed,All Other,Continued use of property as an eleven (11) bedroom HMO (House in multiple occupation) (Lawful Development Certificate for an Existing Use).,52 Twyford Avenue,,Twyford Avenue,London,W3 9QB,21/04/2022,21/04/2022,,,0,1,-1,-1,-1,Approved,21/04/2022,,,https://pam.ealing.gov.uk/online-applications/PLAN/214689CPE;
19/03712/FUL,Enfield,05/11/2019,Completed,All Other,"Change of use from House of multiple Occupation (HMO) (Class C2) into 4 x 1-bed and 2 x 3-bed self contained flats (Class C3(a)), involving part single, part 2-storey rear extension.",,"20, 24",Southbury Road,,EN1 1SA,01/04/2022,31/03/2023,,,6,0,6,6,6,Approved,17/06/2020,,,
22/AP/2940,London Borough of Southwark,22/08/2022,Completed,All Other,Certificate of Lawfulness (Existing) to confirm the use of unit G05 as solely residential (Use Class C3).,"Crown Place Apartments, G05",20,Varcoe Road,,SE16 3AD,,28/09/2022,,,1,0,1,1,1,Approved,28/09/2022,,,
20/04184/GPDO,Croydon,22/09/2020,Completed,Prior Approval,Notification for prior approval under the GPDO 2015 from change of use under Class M from commercial (Class A1/A2) to residential for conversion to form 2 flats (Class C3),Wellesley Parade,6,Wellesley Road,,CR0 2AJ,31/03/2023,31/03/2023,,,2,0,2,2,2,Approved,04/12/2020,,,
P2019/3370/PRA,Islington,15/11/2019,Completed,All Other,Notification for Prior Approval for a Proposed Change of Use of a Building from Launderette (Sui Generis) to Residential (C3).,,450,Hornsey Road,London,,14/02/2023,14/02/2023,,,1,0,1,1,1,Approved,16/12/2019,,,
203543FUL,Ealing,17/09/2020,Completed,All Other,Construction of two storey attached dwellinghouse (following demolition of single storey side extension); and single storey rear extension,38 Newnham Close,,Newnham Close,Northolt,UB5 4LJ,28/06/2021,23/12/2022,,,1,0,1,1,1,Approved,11/11/2020,,,https://pam.ealing.gov.uk/online-applications/PLAN/203543FUL;
184517FUL,Ealing,26/09/2018,Completed,All Other,"Redevelopment of the site to provide 105 flats accommodated within three residential blocks ranging in height from four to eight storeys, with associated landscaping and amenity spaces, vehicle and cycle parking, and refuse and recycling (following demolition of warehouse)",Vanguard Site,"Vanguard Site, 4",Parva Grove,Greenford,UB6 7FR,19/08/2020,22/06/2022,,,105,0,105,105,105,Approved,06/03/2020,,,https://pam.ealing.gov.uk/online-applications/PLAN/184517FUL;
21/01714/COU,London Borough of Newham,18/08/2021,Completed,All Other,Change of use of three bed maisonette to house in multiple occupation (Use Class C4).(This application site falls within Woodgrange Estate and Forest Gate Town Centre Conservation Areas),,64A,Woodgrange Road,Forest Gate,E7 0QH,,31/03/2023,,,1,1,0,0,0,Approved,25/10/2021,,,
22/3714/ES191,Richmond upon Thames,15/12/2022,Completed,Prior Approval,Existing use of the dwelling as a 6 bedroom House in Multiple Occupation (Use Class C4),,47,Hounslow Road,,TW2 7BZ,09/02/2023,09/02/2023,,,1,1,0,0,0,Approved,09/02/2023,,,
1692/20,Redbridge,09/06/2020,Completed,All Other,Change of use of rear unit from an office (B1(a)) to a maisonette apartment (C3). (Summary),"Unit 3, Alexander Charles House",3,Station Passage,London,E18 1JL,24/07/2020,08/07/2022,,,1,0,1,1,1,Approved,15/07/2020,,,
20/AP/2367,London Borough of Southwark,28/08/2020,Completed,All Other,"Demolition of the existing buildings and redevelopment with a four storey building to provide for 19 residential units of 1, 2 and 3 bedrooms (including affordable housing), together with communal amenity space, cycle parking, refuse store and closure of existing vehicular crossover",304-314 Lynton RoadLondonSouthwarkSE1 5DD,,,,,,31/01/2023,,,19,0,19,19,19,Approved,29/01/2021,,,
178134FUL,Ealing,20/11/2017,Completed,All Other,"Construction of part two, part single storey detached four bedroom dwellinghouse incorporating basement level; provision of associated car parking, vehicular and pedestrian access, cycle and refuse storage, amenity space, landscaping and boundary treatment",26 Montpelier Road,26,Montpelier Road,London,W5 2QT,02/11/2020,24/03/2023,,,1,0,1,1,1,Approved,01/03/2019,,,https://pam.ealing.gov.uk/online-applications/PLAN/178134FUL;
19/AP/5868,London Borough of Southwark,29/10/2019,Commenced,All Other,Construction of a single family detached dwelling house.,,81,Sydenham Hill,,SE26 6TQ,01/09/2020,,,,1,0,1,1,1,Approved,24/12/2019,,,
P2020/3019/FUL,Islington,12/11/2020,Completed,All Other,"De-conversion of existing 1 x 1 bed flat at upper ground floor level and the existing 1x 2 bedroom flat at first floor level to create a 4 bedroom maisonette at upper ground and first floor levels, maintaining the existing 1x 1 bed flat at lower ground floor level. Associated installation of new fence to divide the garden and replacement of a window at upper ground floor level to the rear elevation with a door in connection with the provision of a walkout balcony with privacy screening and a spiral staircase to provide access from upper ground floor level to garden level.",Flat A,,Corinne Road,London,N19 5EZ,09/09/2022,09/09/2022,,,1,2,-1,-1,-1,Approved,25/01/2021,,,
20/00415/P3O,Lambeth,03/02/2020,Completed,Prior Approval,Prior approval of the change of use of the vacant ground floor commercial unit (Use Class B1(a)) to a 2 bed residential unit (Use Class C3).,,1,Landor Road,,SW9 9RX,13/05/2022,28/10/2022,,,1,0,1,1,1,Approved,21/05/2020,,,
178504FUL,Ealing,27/11/2017,Completed,All Other,Conversion of single dwellinghouse into four self-contained residential units; two storey side extension with roof extension; single storey side and rear extensions; roof extension to rear (main) roofslope; installation of two rooflights to front roofslope; and associated car parking; amenity space; cycle and refuse storage,82 Old Ruislip Road,82,Old Ruislip Road,Northolt,UB5 6QQ,29/10/2018,21/12/2022,,,4,1,3,3,3,Approved,21/06/2018,,,https://pam.ealing.gov.uk/online-applications/PLAN/178504FUL;
2022/0367,Wandsworth,08/02/2022,Completed,All Other,Continued use of middle ground floor of property as a self-contained studio flat.,,45C,Trinity Road,London,SW17 7SD,26/05/2022,26/05/2022,,,1,0,1,1,1,Approved,26/05/2022,,,http://planning.wandsworth.gov.uk/Northgate/PlanningExplorer/DisplayAppDetails.aspx?AppNo=2022/0367
22/01777/LE,London Borough of Croydon,28/04/2022,Completed,All Other,"Alterations and conversion of former Public House to form 4 x 1-bed, 2 x 2-bed and 1 x 3-bed flats (Retrospective). Flat 1: Kitchen/Dining/Living Room + 2 bedrooms + 2 bathrooms maisonette (basement + ground floors) Flat 2: Kitchen/Dining/Living Room + 3 bedrooms + 2 bathrooms maisonette (basement + ground floors) Flat 3: Kitchen/Dining Room + 3 bedrooms + 1 bathroom maisonette (basement + ground floors) Flat 4: Kitchen/Dining/Living Room + 1 bedroom + 1 bathroom (1st floor) Flat 5: Kitchen/Dining/Living Room + 1 bedroom + 1 bathroom (1st floor) Flat 6: Kitchen/Dining/Living Room + 1 bedroom + 1 bathroom (2nd floor) Flat 7: Kitchen/Dining/Living Room + 1 bedroom + 1 bathroom (2nd floor)",,50,Canterbury Road,,CR0 3PU,23/06/2022,23/06/2022,,,7,0,7,7,7,Approved,23/06/2022,,,
20/03984/FUL,Enfield,21/12/2020,Completed,All Other,Conversion of single family dwelling into 2 self-contained flats.,,28,Leighton Road,,EN1 1XL,01/04/2022,31/03/2023,,,2,1,1,1,1,Approved,12/04/2021,,,
20/04420/P3O,Lambeth,21/12/2020,Completed,Prior Approval,Prior approval application for the change of use from Office (Use class B1(a)) at Unit 9 into a dwellinghouse (Use Class C3).,Grange Mills,,Weir Road,,SW12 0NE,01/04/2022,16/03/2023,,,1,0,1,1,1,Approved,23/07/2021,,,
1963/22,Redbridge,14/06/2022,Completed,All Other,"Loft conversion with rear dormer, relocation of one rooflight. Subdivision of existing first floor flat to create 1 x one-bedroom flat and 1 studio flat with associated amenity space, cycle parking and refuse. (Summary)(Amended Description)",Development At 27,,Balfour Road,Ilford,IG1 4HP,03/04/2019,03/04/2023,,,2,1,1,1,1,Approved,05/08/2022,,,
20/01412/PRECOU,London Borough of Newham,03/07/2020,Completed,Prior Approval,Prior approval consent for proposed change of use of upper floors from Retail (A1) to Residential (C3).,,45,High Street North,East Ham,E6 1HS,,31/03/2023,,,2,0,2,2,2,Approved,12/08/2020,,,
21/03685/FUL,Lambeth,17/09/2021,Completed,All Other,"Conversion of the lower ground floor flat into two flats, involving the erection of a single storey lower ground floor extension to the rear and formation of roof terrace 1.7m high obscure glazed screen to serve the upper ground floor flat, plus the provision of bike and bin stores.",144 Victoria Rise London LONDON SW4 0NW,,,,,27/05/2022,31/03/2023,,,2,1,1,1,1,Approved,18/05/2022,,,
22/04184/LE,London Borough of Croydon,07/10/2022,Completed,All Other,Use of the building as 5 self-contained flats,,681,London Road,,CR7 6AZ,28/10/2022,28/10/2022,,,5,1,4,4,4,Approved,28/10/2022,,,
21/P2120,Merton,28/05/2021,Completed,All Other,"ERECTION OF A SINGLE STOREY SIDE EXTENSION, ROOFSPACE CONVERSION AND CONVERSION OF SINGLE DWELLINGHOUSE INTO 1 X 3 BED & 1 x 2 BED SELF CONTAINED FLATS.",,13,Crusoe Road,Mitcham,,01/08/2021,16/08/2022,,,2,1,1,1,1,Approved,23/07/2021,,,http://planning.merton.gov.uk/Northgate/PlanningExplorer/DisplayAppDetails.aspx?AppNo=21/P2120
19/01622/FUL,London Borough of Croydon,17/04/2019,Completed,All Other,Use of basement as a one bedroom flat and associated external alterations,,72,High Street,South Norwood,SE25 6EB,19/11/2022,19/11/2022,,,1,0,1,1,1,Approved,12/06/2019,,,
22/02563/LDCE,Lambeth,18/07/2022,Completed,All Other,Application for a Certificate of lawfulness (existing) in relation to the use of the existing building as 3 self-contained flats.,62 Claverdale Road London Lambeth SW2 2DL,,,,SW2 2DL,16/08/2022,16/08/2022,,,3,1,2,2,2,Approved,16/08/2022,,,
21/P0070,Merton,21/01/2021,Completed,All Other,"ERECTION OF 2 X SINGLE STOREY 1 BEDROOM GROUND FLOOR FLATS TO REAR OF SITE, REAR DORMER ROOF EXTENSION AND INSERTION OF 6X ROOFLIGHTS ON FRONT ROOFSLOPES TO PROVIDE ADDITIONAL 1 BEDROOM FLAT; INVOLVING INTERNAL ALTERATIONS AND RETENTION OF GROUND FLOOR RETAIL UNIT.",,340,West Barnes Lane,New Malden,KT3 6NB,15/08/2022,23/03/2023,,,3,0,3,3,3,Approved,19/05/2021,,,http://planning.merton.gov.uk/Northgate/PlanningExplorer/DisplayAppDetails.aspx?AppNo=21/P0070
22/02826/FUL,London Borough of Newham,30/11/2022,Completed,All Other,Change of Use from C3 (Dwellinghouse) to C2 (Residential Institution),15 Carlyle Road Manor Park London Newham E12 6BL,,Carlyle Road,,E12 6BL,,31/03/2023,,,0,1,-1,-1,-1,Approved,10/02/2023,,,
J0021.19,Havering,27/06/2019,Completed,Prior Approval,"Change of use at ground floor (part), 1st floor and 2nd floor from B1A offices to 12 flats (8 x 1 bed and 4 x 2 bed). Please refer to covering letter, Transport Technical Note and Environmental Noise Survey & Acoustic Design Statement Report for further information. (Prior Approval)",1-3 WESTERN ROAD,1-3,WESTERN ROAD,Google shows no change,RM1 3JP,09/09/2020,09/09/2022,,,24,0,24,24,24,Approved,20/08/2019,,,http://development.havering.gov.uk/OcellaWeb/planningDetails?reference=J0021.19
2019/6437/P,Camden,25/02/2020,Completed,All Other,"Conversion of a single dwelling house into two self-contained flats (1x 3 Bed and 1x 2 Bed), erection of a single storey side and rear extension at ground floor, installation of a roof terrace at first floor level and a rear dormer window at roof level.",Former 1,,Menelik Road,,,01/04/2022,22/07/2022,,,2,1,1,1,1,Approved,25/08/2020,,,https://planningrecords.camden.gov.uk/Northgate/PlanningExplorer/DisplayAppDetails.aspx?AppNo=2019/6437/P
20/01189/FUL,London Borough of Newham,10/06/2020,Completed,All Other,Proposed change of use of first floor office into a one bed one person apartment (Use Class C3) and provision of self-contained frontal entrance to proposed dwelling (This application site is located within Forest Gate Town Centre Conservation Area).,,78,Woodgrange Road,Forest Gate,E7 0EN,,31/03/2023,,,1,0,1,1,1,Approved,04/08/2020,,,
14/05911/FUL,Lambeth,,Completed,All Other,"Demolition of existing garage structures and the erection of a single storey dwellinghouse with a basement level to the rear of the site and a two storey dwellinghouse fronting Angles Road, incorporating private amenity space and communal landscaped outdoor space, two off street car parking spaces with access off Angles Road and provision for cycle and refuse storage.",Land Rear Of,7 To 29,Farm Avenue,,SW16 2UT,20/01/2018,30/06/2022,,,2,0,2,2,2,Approved,24/12/2014,,,
20/04020/FUL,Lambeth,19/11/2020,Completed,All Other,"Erection of house on land to the rear of 11 Minehead Road, fronting Hill House Road.",,11,Minehead Road,,SW16 2AW,30/11/2021,23/11/2022,,,1,0,1,1,1,Approved,02/06/2021,,,
18/01950/FUL,Enfield,29/05/2018,Completed,All Other,"Sub-division of site and erection of an end-of-terraced 2-storey, 5-bed dwelling house with integral garage, rooms roof and vehicular access.",Land Adjacent To 37 Browning Road,,,,EN2 0EJ,01/04/2022,31/03/2023,,,1,0,1,1,1,Refused,02/12/2019,,,
193650FUL,Ealing,20/08/2019,Completed,All Other,"Construction of a two storey building with accommodation in the roof space to provide 8 self-contained flats including associated amenity space, car parking, refuse storage and cycle storage provision (following demolition of two semi-detached dwellings)",1 And 2 Karoline Gardens,1 and 2,Western Avenue,Greenford,UB6 9JP,01/08/2020,17/06/2022,,,8,2,6,6,6,Approved,14/10/2019,,,https://pam.ealing.gov.uk/online-applications/PLAN/193650FUL;
P1647.21,Havering,25/08/2021,Completed,All Other,"2 x two storey, 4-bed, and 2 x two storey, 3-bed semi-detached dwellings with habitable roof space, associated parking, and amenity space.",Land between 8 & 9 Bretons Cottages,Land between 8 & 9 Bretons Cottages,Rainham Road,Rainham,RM13 7LL,10/11/2021,25/10/2022,,,4,0,4,4,4,Approved,09/11/2021,,,http://development.havering.gov.uk/OcellaWeb/planningDetails?reference=P1647.21
21/05290/LP,Croydon,18/10/2021,Completed,All Other,"Alterations to dwelling to include installation of windows and doors, replacement of flat roof and removal of chimney; Use of dwelling as supported living accommodation for up to 5 adults within Use Class C3(b)",,76,Fairchildes Avenue,,CR0 0AN,01/03/2023,01/04/2023,,,1,1,0,0,0,Approved,13/01/2022,,,
20/1417/GPD15,Richmond upon Thames,29/05/2020,Completed,All Other,Change of use of office (B1a) to dwelling (C3),,112,Shacklegate Lane,,TW11 8SH,01/11/2021,08/11/2022,,,1,0,1,1,1,Approved,19/08/2020,,,
HGY/2019/2355,Haringey,05/08/2019,Completed,All Other,"3 no. two bed houses, in a new part two storey, part single storey and part basement building.","19, Caxton Road, London, N22 6TB",19,,,,10/02/2022,10/01/2023,,,3,0,3,3,3,Approved,11/12/2019,,,https://londonboroughofharingey.force.com/pr/s/planning-application/a0i8d000002GI0IAAW
P2020/0660/FUL,Islington,22/03/2020,Completed,All Other,Construction of a part two storey and part single storey rear extension and the conversion of two self-contained flats into one maisonette flat at lower ground and ground floor levels and associated alterations. .,,132,Highbury Hill,London,,09/09/2022,09/09/2022,,,1,2,-1,-1,-1,Approved,15/05/2020,,,
202756FUL,Ealing,30/07/2020,Completed,All Other,"Single storey rear extension; alterations for conversion from four flats to a single dwelling house, change to window location on side elevation (following demolition of existing rear extension)",63 Mount Park Road,,Mount Park Road,London,W5 2RU,15/12/2020,07/11/2022,,,1,4,-3,-3,-3,Approved,25/09/2020,,,https://pam.ealing.gov.uk/online-applications/PLAN/202756FUL;
216651FUL,Ealing,19/11/2021,Completed,All Other,Change of use of ground floor from Doctor's Surgery (Use Class E) to residential unit (Use Class C3),Bramley Road Surgery,,Bramley Road,London,W5 4SS,,01/09/2022,,,1,0,1,1,1,Approved,30/03/2022,,,https://pam.ealing.gov.uk/online-applications/PLAN/216651FUL;
22/03549/LDCE,London Borough of Lambeth,03/10/2022,Completed,All Other,Application for a Certificate of Lawful Development (Proposed) with respect to the use of the property as two self-contained flats.,39 Margate Road London Lambeth SW2 5DU,,,,,28/11/2022,28/11/2022,,,2,1,1,1,1,Approved,28/11/2022,,,
3079/21,Redbridge,03/08/2021,Completed,All Other,Change of use from single dwelling in to HMO for up to 6 people (summary),"32, Cobham Road, Seven Kings, Ilford, IG3 9JP",32,Cobham Road,Seven Kings,IG3 9JP,23/03/2022,04/01/2023,,,1,1,0,0,0,Approved,07/09/2021,,,
20/00364/FULL1,Bromley,13/02/2020,Completed,All Other,Erection of 2x three storey three-bedroom semi-detached family dwelling houses (Class C3) to be known as plots 9 and 10,,51,Palace Road,,BR1 3JU,21/02/2023,17/05/2022,,,2,0,2,2,2,Approved,02/07/2020,,,
E0001.23,Havering,06/01/2023,Completed,All Other,Certificate of Lawfulness for existing use of dwelling under Use Class C3(b) for four residents (Aged 18 and above) living together as a single household where care is provided,7 Percival Road,,Hornchurch,,RM11 2AH,28/02/2023,28/02/2023,,,1,1,0,0,0,Not Required,28/02/2023,,,http://development.havering.gov.uk/OcellaWeb/planningDetails?reference=E0001.23
2022/2900,Wandsworth,11/07/2022,Completed,Prior Approval,Determination as to whether prior approval is required for change of use from Nursery (Class E) to residential (Class C3) to provide 1 x 2-bedroom flat.,Ground Floor,,Trinity Crescent,London,SW17 7AE,,01/04/2023,,,1,0,1,1,1,Approved,01/09/2022,,,http://planning.wandsworth.gov.uk/Northgate/PlanningExplorer/DisplayAppDetails.aspx?AppNo=2022/2900
2021/1831,Hackney,08/06/2021,Completed,All Other,Amalgamation of building currently subdivided into flats into single dwelling. Demolition of existing rear extension and erection of two storey side extension and single storey rear extension.,,76,SOUTHGATE ROAD,HACKNEY,,01/06/2022,01/06/2022,,,1,6,-5,-5,-5,Approved,09/08/2021,,,/planning/index.html?fa=getApplication&id=70526
204945FUL,Ealing,02/12/2020,Completed,All Other,Part change of use of basement from dance studio (Use Class D1) to residential (Use Class C3) to accommodate 1 x studio flat.,219 High Street,,High Street,London,W3 9BY,01/11/2021,27/09/2022,,,1,0,1,1,1,Approved,23/06/2021,,,https://pam.ealing.gov.uk/online-applications/PLAN/204945FUL;
P2020/0676/FUL,Islington,02/04/2020,Completed,All Other,Erection of a single storey rear extension to create 1x 1bedroom self-contained unit and associated alterations at ground floor level.,,41,Stroud Green Road,London,N4 3FF,,09/01/2023,,,1,0,1,0,1,Approved,25/11/2020,,,http://site.com/?appref=P2020/0676/FUL-or-486266
2019/1224,Hackney,07/05/2019,Completed,All Other,"Conversion of three self-contained flats into a single family dwellinghouse, including basement and ground floor rear extensions, excavation of basement and introduction of front and rear lightwells and elevational change on the rear elevation at upper floors.",80,80,FILEY AVENUE,HACKNEY,N16 6JJ,18/04/2021,27/07/2022,,,1,3,-2,-2,-2,Approved,02/07/2019,,,/planning/index.html?fa=getApplication&id=25743
2022/03474/CLE,London Borough of Hammersmith and Fulham,29/11/2022,Completed,All Other,Continued use of the property as 2 x studio and 3 x 1 bedroom self-contained flats.,,35,Winslow Road,,W6 9SF,24/01/2023,24/01/2023,,,5,0,5,5,5,Approved,24/01/2023,,,
19/00459/FUL,Enfield,05/02/2019,Completed,All Other,"Variation of condition 2 of approval granted under planning application ref: 15/00848/FUL to allow changes to external materials, fenestrations, conversion of roofspace and internal layout.",,323,Fore Street,,N9 0PD,13/07/2018,31/03/2023,,,1,0,1,1,1,Approved,03/04/2019,,,
211509FUL,Ealing,25/01/2021,Completed,All Other,Conversion of the existing property into 4 self-contained flats; single storey rear wraparound extension; roof extension to rear (main) roof slope; part rear roof extension to rear outrigger roof slope and installation of two rooflights to front roof slope (following demolition of existing rear additions),28 Melbourne Avenue,,Melbourne Avenue,London,W13 9BT,02/03/2022,01/08/2022,,,4,1,3,3,3,Approved,09/02/2022,,,https://pam.ealing.gov.uk/online-applications/PLAN/211509FUL;
21/01620/FUL,Enfield,15/06/2021,Completed,All Other,Change of use of first floor and loft space from storage into 1 self-contained flat.,,237,Chase Side,,EN2 0RA,20/07/2018,31/03/2023,,,1,0,1,1,1,Approved,08/10/2021,,,
22/03614/LDCE,London Borough of Lambeth,10/10/2022,Completed,All Other,Application for a Certificate of Lawful Development (Existing) with respect to the use of the property as two self-contained flats.,118 Crimsworth Road London Lambeth SW8 4RL,,,,,05/12/2022,05/12/2022,,,2,1,1,1,1,Approved,05/12/2022,,,
22/01019/LE,London Borough of Croydon,11/04/2022,Completed,All Other,Use of the rear part of the ground-floor as a studio flat,,1031,London Road,,CR7 6JF,08/06/2022,08/06/2022,,,1,0,1,1,1,Approved,08/06/2022,,,
21/01151/FUL,Enfield,25/03/2021,Completed,All Other,Sub-division of site and erection of an end-of-terraced 2-storey dwellinghouse with associated cycle and car parking.,,56,Halstead Gardens,,N21 3DX,01/04/2022,31/03/2023,,,1,0,1,1,1,Approved,18/05/2021,,,
212269FUL,Ealing,04/03/2021,Completed,All Other,"Conversion of a single dwelling house to two self-contained units, with associated car parking, refuse and cycle storage; single storey rear extension; first floor rear extension; alteration to external side elevation involving installation of windows and door; Retention of single-storey front extension (in a modified form).",57A Empire Road,,Empire Road,Greenford,UB6 7EJ,,20/06/2022,,,2,1,1,1,1,Approved,17/06/2021,,,https://pam.ealing.gov.uk/online-applications/PLAN/212269FUL;
22/00332/FUL,Croydon,27/01/2022,Completed,All Other,Alterations; Erection of dormer extension in rear roofslope and installation of rooflights in front roofslope and use as a one bedroom flat.,,65C,Waddon Road,,CR0 4LH,01/08/2022,01/02/2023,,,1,0,1,1,1,Approved,24/03/2022,,,
21/AP/4532,London Borough of Southwark,13/12/2021,Completed,All Other,Certificate of Lawful Development (Proposed) for a change of use from a self-contained dwellinghouse (Use Class C3) to a small HMO for a maximum of six occupants (Use Class C4).,,30,Brewhouse Walk,,SE16 6LD,,01/01/2023,,,1,1,0,0,0,Approved,31/01/2022,,,
216145FUL,Ealing,27/10/2021,Completed,All Other,"Conversion of existing property into two self-contained residential units and provision of associated cycle storage, refuse storage facilities, private amenity space and off-street vehicle parking; first floor side to rear extension",85 Ferrymead Gardens,,Ferrymead Gardens,Greenford,UB6 9NH,22/04/2022,01/09/2022,,,2,1,1,1,1,Approved,05/01/2022,,,https://pam.ealing.gov.uk/online-applications/PLAN/216145FUL;
1372/20,Redbridge,20/05/2020,Completed,All Other,Demolish garage. Erection of 1x2 bedroom dwelling (C3) (Summary),Development At 44,44,Hathaway Gardens,Romford,,01/09/2021,17/08/2022,,,1,0,1,1,1,Approved,31/07/2020,,,
P2020/1005/FUL,Islington,11/05/2020,Completed,All Other,"Erection of mansard roof extension to provide 1x 2bedroom flat, shopfront alterations and associated alterations.",,122,Fonthill Road,London,N4 3HP,10/03/2020,16/03/2023,,,1,0,1,0,1,Approved,19/02/2021,,,
21/01826/FULL1,Bromley,14/04/2021,Completed,All Other,Reinstatement of single dwelling back to two semi detached dwellings with single storey side and rear extension,,25,Laxey Road,,BR6 6BL,30/09/2021,12/05/2022,,,2,1,1,1,1,Approved,29/06/2021,,,
22/3084/191,Barnet,16/06/2022,Completed,All Other,Use as 6no. self-contained flats,,57,Highfield Avenue,Golders Green,NW11 9EU,23/08/2022,23/08/2022,,,6,1,5,5,5,Approved,23/08/2022,,,
212089FUL,Ealing,25/02/2021,Completed,All Other,"Conversion of single dwellinghouse into three self-contained flats; incorporating a part single, part two, and part three storey rear extension; rear roof extension; installation of two rooflights to front roof slope; extension to rear facing light well; and provision of associated amenity space, cycle storage and refuse storage.",34 Chaucer Road,,Chaucer Road,London,W3 6DR,07/06/2021,26/08/2022,,,3,1,2,2,2,Approved,19/01/2022,,,https://pam.ealing.gov.uk/online-applications/PLAN/212089FUL;
22/01352/LE,London Borough of Croydon,30/03/2022,Completed,All Other,Lawful use of the property as five self contained flats,,65,Birchanger Road,South Norwood,SE25 5BE,24/05/2022,24/05/2022,,,5,1,4,4,4,Approved,24/05/2022,,,
202803,Waltham Forest,15/09/2020,Commenced,All Other,"Demolition of existing building, subdivision of site for construction of a 3 x two storey buildings to provide 1 x 3-bedroom detached single dwelling house and 2 x 2-bedroom semi-detached single dwelling houses, with associated car parking, refuse and recycling, bicycle storages and hard and soft landscaping.","53 Maida Avenue, Chingford, London, E4 7JH",,,,,04/01/2021,,,,6,0,6,3,3,Approved,22/03/2021,,,
212688,Waltham Forest,19/08/2021,Completed,All Other,Lawful Development Certificate (Existing) - Use of property as two flats (1 x 2-bedroom and 1 x 3-bedroom).,"195 Fulbourne Road, Walthamstow, E17 4HD",,,,,20/04/2022,20/04/2022,,,2,0,2,2,2,Approved,20/04/2022,,,
14/10918/FULL,Westminster,,Completed,All Other,"Erection of a building including excavation works to provide three basement storeys and six above ground storeys for mixed use purposes including up to 79 residential units, retail shops, restaurants, multi-purpose community hall, community space, cycle and car parking, servicing, landscaping, plant and other works. (Site also known as Moxon Street Car Park.)",,,Aybrook Street,,W1U 4AR,02/01/2018,01/04/2023,,,79,0,79,79,79,Approved,12/01/2016,,,
P1499.20,Havering,15/10/2020,Completed,All Other,"2 x one storey, 2-bed, detached dwellings, with associated parking and amenity space.",Gidea Park Rugby Club,,Crow Lane,,RM7 0EP,18/02/2021,23/05/2022,,,2,0,2,2,2,Approved,19/01/2021,,,http://development.havering.gov.uk/OcellaWeb/planningDetails?reference=P1499.20
22/4106/FUL,London Borough of Barnet,10/08/2022,Commenced,All Other,"Conversion of main building and rear outbuilding from Office (Class E) to 2no residential units (Class C3). Ground floor infill and rear extension to front building, new glazed link to rear building, new pitched roof with rooflight to side roofslopes and cutting back rear building to create a new patio, changes to fenestration and provision of refuse and cycle storage and 1no. off-street parking space",,59,Hutton Grove,North Finchley,N12 8DS,01/04/2023,,,,2,0,2,2,2,Approved,05/10/2022,,,
20/P3208,Merton,02/11/2020,Completed,All Other,PROPOSED CHANGE OF USE FROM STORAGE FACILITY TO 1N SELF-CONTAINED ONE BEDROOM FLAT TO PROPERTY AT GROUND FLOOR LEVEL WITH ASSOCIATED WORKS.,,2D,Walpole Road,London,SW19 2BZ,01/07/2021,01/07/2022,,,1,0,1,1,1,Approved,24/12/2020,,,http://planning.merton.gov.uk/Northgate/PlanningExplorer/DisplayAppDetails.aspx?AppNo=20/P3208
22/4884/191,Barnet,04/10/2022,Completed,All Other,Use a 2no. self-contained flats,,10,Hilton Avenue,North Finchley,N12 9HB,27/10/2022,27/10/2022,,,2,1,1,1,1,Approved,27/10/2022,,,
2020/2670,Wandsworth,24/07/2020,Completed,All Other,Redevelopment to provide a two-storey 2 bedroom dwelling (Class C3).,Rear Of 795,,Garratt Lane,London,SW17 0PF,02/02/2022,03/01/2023,,,1,0,1,1,1,Approved,18/11/2020,,,http://planning.wandsworth.gov.uk/Northgate/PlanningExplorer/DisplayAppDetails.aspx?AppNo=2020/2670
19/00646/FUL,Enfield,18/02/2019,Completed,All Other,"Erection of a part single, part 2-storey end of terrace 3-bed single family dwelling house involving demolition of existing garages at side (PART RETROSPECTIVE).",,19,Nursery Gardens,,EN3 5NG,01/04/2022,31/03/2023,,,1,0,1,1,1,Approved,26/07/2019,,,
213308FUL,Ealing,14/05/2021,Completed,All Other,Conversion of a single dwellinghouse into three self-contained residential units; single storey side and rear wrap around extension; side porch extension (following demolition of existing porch); alteration of roof from hip to gable end; rear roof extension; and installation of window in front roofslope; alteration to external elevations; installation of raised patio to rear of property,20 Studland Road,,Studland Road,London,W7 3QX,01/08/2021,16/03/2023,,,4,1,3,3,3,Approved,02/07/2021,,,https://pam.ealing.gov.uk/online-applications/PLAN/213308FUL;
194465FUL,Ealing,18/10/2019,Completed,All Other,Conversion of two self-contained residential units into a single family dwellinghouse; single storey rear and single storey rear infill extension (following removal of external staircase and existing rear addition); roof extension to rear outrigger roof slope; 2x windows to first floor rear elevation (following removal of existing opening); and 1x replacement window to main rear roof slope (including enlargement of existing opening),27 And 27A Baldwyn Gardens,,Baldwyn Gardens,London,W3 6HJ,10/01/2021,30/11/2022,,,1,1,0,0,0,Approved,13/12/2019,,,https://pam.ealing.gov.uk/online-applications/PLAN/194465FUL;
P/1559/21,Harrow,13/04/2021,Completed,All Other,Conversion of dwelling into two flats (1 X 3 bed and 1 X 2 bed); installation of access ramp to front entrance; bin and cycle stores,56 Lorne Road Harrow HA3 7NJ,56,Lorne Road,Harrow,HA3 7NJ,03/03/2022,19/07/2022,,,2,1,1,1,1,Approved,01/07/2021,,,http://site.com?appref=P/1559/21-or-1130844
20/06509/FUL,London Borough of Croydon,06/01/2021,Completed,All Other,"Demolition of existing chalet style dwelling house and the erection of two pairs of four bed semi's with associated vehicular access, parking, refuse and recycling stores and cycle stores and private amenity space.",11 Briton Hill Road South Croydon CR2 0JG,,,,,01/04/2022,31/03/2023,,,4,1,3,3,3,Approved,01/10/2021,,,
216154FUL,Ealing,18/10/2021,Completed,All Other,"Conversion of the existing property into two self-contained residential units and provision of associated cycle storage, refuse storage facilities and amenity space; extension to existing vehicle crossover",63 Huxley Gardens,,Huxley Gardens,London,NW10 7EB,,20/10/2022,,,2,1,1,1,1,Approved,09/12/2021,,,https://pam.ealing.gov.uk/online-applications/PLAN/216154FUL;
20/00247/FUL,Lambeth,26/02/2020,Completed,All Other,"Erection of a single storey side extension to the ground floor flat, and the conversion of the upper flat into 2 residential units, involving the erection of a mansard roof extension, together with provision of refuse and cycle stores and other external alterations.",,19,Hinton Road,,SE24 0HJ,25/03/2021,31/03/2023,,,2,1,1,1,1,Approved,18/11/2020,,,
221306OPDFUL,Ealing,14/03/2022,Completed,All Other,"Conversion of a single dwellinghouse into two self-contained residential units; and provision of associated cycle storage, refuse storage, and private amenity space",262 Western Avenue,,Western Avenue,London,W3 0PH,,01/02/2023,,,2,1,1,1,1,Approved,27/05/2022,,,https://pam.ealing.gov.uk/online-applications/PLAN/221306OPDFUL;
20/P0027,Merton,12/12/2019,Completed,All Other,SINGLE STOREY REAR EXTENSION AND ALTERATIONS TO REAR STAIRCASE TO CREATE 1 X 1 BEDROOM FLAT.,,352,London Road,Mitcham,CR4 3ND,20/09/2021,20/09/2022,,,1,0,1,1,1,Approved,05/08/2020,,,http://planning.merton.gov.uk/Northgate/PlanningExplorer/DisplayAppDetails.aspx?AppNo=20/P0027
2018/3434,Hackney,,Completed,All Other,"Conversion of an existing residential house into two self-contained units; a single storey side/rear infill extension at lower ground level; excavation of existing front lightwell, elevation changes to rear; 1no. rooflight on roof of outrigger.",107,107,Mayola Road,,E5 0RG,01/06/2022,31/03/2023,,,2,1,1,1,1,Approved,29/11/2018,,,
201815FUL,Ealing,30/06/2020,Completed,All Other,Conversion of single storey outbuilding into two storey detached single family dwellinghouse; facilitated by extension to add additional storey; and single storey side/rear extension.,Land Rear Of 73A/73B & 73 Berkeley Avenue,,Berkeley Avenue,Greenford,UB6 0NY,19/10/2021,09/09/2022,,,1,0,1,1,1,Approved,09/11/2020,,,https://pam.ealing.gov.uk/online-applications/PLAN/201815FUL;
22/03801/LE,London Borough of Croydon,12/09/2022,Completed,All Other,Continued use of property as two self-contained flats.,,93,Applegarth,Field Way,CR0 9DD,15/12/2022,15/12/2022,,,2,1,1,1,1,Approved,15/12/2022,,,
21/04111/FUL,Enfield,17/11/2021,Completed,All Other,"Conversion of single family dwelling house into 2 x self contained flats, with increase in roof height to create accommodation in roofspace, involving front and rear dormers, alterations to side fenestration and provision of cycle parking.",,19,Percy Gardens,,EN3 4RD,01/04/2022,31/03/2023,,,2,1,1,1,1,Approved,11/04/2022,,,
22/03653/DEMCON,Bromley Custodian Code,15/09/2022,Completed,Prior Approval,"Demolition of existing dwellinghouse and outbuildings. (Consultation under Class B, Part 11, of Schedule 2 of The Town and Country Planning (General Permitted Development) (England) Order 2015.",,12,Christy Road,,TN16 3DG,,10/01/2023,,,0,1,-1,-1,-1,Approved,11/11/2022,,,
19/02093/CLP,London Borough of Newham,26/07/2019,Completed,All Other,"Application for a lawful development certificate for the proposed use of the property as C3(c) which allows for groups of up to six people living together as a single household who fall outside the definition of a Class C4 House in Multiple Occupation (e.g. a small religious community may fall into this section as could a homeowner who is living with a lodger), and alterations to existing first floor side elevation window arrangement.",,6,Dean Street,Forest Gate,E7 9BJ,,31/03/2023,,,1,1,0,0,0,Approved,30/08/2019,,,
2022/2942,Hackney,05/12/2022,Completed,All Other,Lawful Development Certificate (Existing) for the use of the property as 3x self-contained flats (Use Class C3),,130,PETHERTON ROAD,HACKNEY,N5 2RT,01/04/2023,01/04/2023,,,3,1,2,2,2,Approved,30/01/2023,,,/planning/index.html?fa=getApplication&id=75114
2019/4014,Hackney,19/11/2019,Completed,All Other,"Erection of single storey side and rear ground floor extension, mansard roof extension including raising of party wall and chimney stacks, the conversion of the house into two self-contained flats.",174,174,ELDERFIELD ROAD,HACKNEY,E5 0AZ,22/06/2022,31/03/2023,,,2,1,1,1,1,Approved,20/01/2020,,,/planning/index.html?fa=getApplication&id=56521
21/P3573,Merton,28/10/2021,Completed,All Other,CONVERSION OF SINGLE DWELLINGHOUES INTO 2 X SELF-CONTAINED FLATS,,45,Heaton Road,Mitcham,,14/12/2022,31/10/2022,,,2,1,1,1,1,Approved,18/03/2022,,,http://planning.merton.gov.uk/Northgate/PlanningExplorer/DisplayAppDetails.aspx?AppNo=21/P3573
2019/00581/FUL,London Borough of Hammersmith and Fulham,26/02/2019,Completed,All Other,"Erection of 2 additional floors at second-floor and third-floor level and two balcony areas, in connection with the creation of 1 x studio, 1 x 1 bedroom and 1 x 2 bedroom self-contained flats; and associated external alterations including new boundary treatment, refuse and bicycle storage and tree works.",,145,Hammersmith Road,,W14 0QL,,19/06/2023,,,3,9,-6,-6,-6,Approved,30/04/2019,,,
20/P0555,Merton,06/02/2020,Completed,All Other,ERECTION OF A REAR ROOF EXTENSION & CHANGE OF USE OF UPPER FLOORS FROM EXISTING FLAT TO HOUSE OF MULTIPLE OCCUPATION (HMO) FOR 8 PEOPLE.,,24A,The Broadway,Wimbledon,SW19 1RE,27/05/2022,27/05/2022,,,0,1,-1,-1,-1,Approved,02/04/2020,,,http://planning.merton.gov.uk/Northgate/PlanningExplorer/DisplayAppDetails.aspx?AppNo=20/P0555
64353/APP/2023/149,Hillingdon,18/01/2023,Completed,All Other,Use of part of the ground floor as 2 studio flats (Application for a Certificate of Lawful Development for an Existing Use),254 LONG LANE,,HILLINGDON,,,15/03/2023,15/03/2023,,,2,0,2,2,2,Approved,15/03/2023,,,http://planning.hillingdon.gov.uk/OcellaWeb/planningDetails?reference=64353/APP/2023/149
22/02648/ELUD,Bromley Custodian Code,04/07/2022,Completed,All Other,Use of the dwellinghouse by not more than six residents as a house in multiple occupation as defined by section 254(2) of the Housing Act 2004 (use class C4) EXISTING LAWFUL DEVELOPMENT CERTIFICATE,,81,Kent House Lane,,BR3 1LE,08/11/2022,08/11/2022,,,1,1,0,0,0,Approved,08/11/2022,,,
19/02272/FUL,London Borough of Croydon,30/05/2019,Completed,All Other,"Construction of a part single, part two storey side extension and rear roof extension. Subdivision of the existing dwelling house into 2 dwelling houses.",,2,Elmpark Gardens,,CR2 8RU,,29/07/2022,,,2,1,1,1,1,Approved,16/08/2019,,,
5564/APP/2020/847,Hillingdon,18/03/2020,Completed,All Other,"Erection of a three storey building to provide 3 x 1 bedroom and 4 x 2 bedroom residential units with associated parking and bin and cycle storage, involving alterations to existing crossover.",Rear of 53-55,Rear of 53-55,The Broadway,Northwood,HA6 1NZ,05/10/2020,01/04/2023,,,7,0,7,7,7,Approved,13/01/2021,,,http://planning.hillingdon.gov.uk/OcellaWeb/planningDetails?reference=5564/APP/2020/847
22/02046/LDCE,Bexley,05/10/2022,Completed,All Other,Lawful Development Certificate (Existing) for the conversion of single dwellinghouse Into 2 x 1 bedroom self-contained apartments,,31,Gilbert Road,,DA17 5DB,07/12/2022,07/12/2022,,,2,1,1,1,1,Approved,07/12/2022,,,
19/02677/FUL,Croydon,10/06/2019,Completed,All Other,"Demolition of the existing single storey garages and the erection of 6 3-storey residential dwellings, comprising 3 x 3 bedroom and 3 x 4 bedroom dwellinghouses and associated vehicular access, parking, and landscaping",Land And Garages Adjoining 39 The Lawns Upper Norwood London SE19 3TR,,,,,12/04/2022,08/03/2023,,,6,0,6,6,6,Approved,06/11/2019,,,
21/P1548,Merton,20/04/2021,Completed,All Other,"ERECTION OF SINGLE STOREY SIDE AND REAR EXTENSION, FRONT PORCH, HIP TO GABLE AND REAR ROOF EXTENSIONS AND THE SUB-DIVISION OF THE REAR GARDEN AREA TO CREATE TWO ONE-BEDROOM SELF CONTAINED FLATS.",,1,Hengelo Gardens,Mitcham,CR4 4DP,01/11/2021,29/11/2022,,,2,0,2,2,2,Approved,14/07/2021,,,http://planning.merton.gov.uk/Northgate/PlanningExplorer/DisplayAppDetails.aspx?AppNo=21/P1548
19/03671/FUL,Croydon,05/08/2019,Completed,All Other,"Conversion of existing house into four flats with part single, part two storey rear extensions and a rear roof addition",,53,Morland Road,,CR0 6HA,19/08/2021,31/03/2023,,,4,1,3,3,3,Approved,21/02/2020,,,
22/02038/LDCE,London Borough of Lambeth,06/06/2022,Completed,All Other,Application for Certificate of Lawfulness (Existing) with respect to the use of the ground floor as a self-contained flat.,,303,Norwood Road,,SE24 9AQ,,08/11/2022,,,1,0,1,1,1,Approved,08/11/2022,,,
2019/3397,Hackney,17/09/2019,Completed,All Other,The amalgamation of flats A & B at 5 Bethune Road to create a 4 bedroom (6p) larger family unit,5,5,BETHUNE ROAD,HACKNEY,N16 5BW,03/05/2021,09/08/2022,,,1,2,-1,-1,-1,Approved,06/11/2019,,,/planning/index.html?fa=getApplication&id=30818
4087/20,Redbridge,05/12/2020,Completed,All Other,"Subdivision of single dwelling house into four self-contained flats (1 x 3 bedroom and 3 x 1 bedroom) with associated car parking, cycle parking, waste and amenity space. Internal alterations. (Summary).",Development At 40,Development At 40,Redcliffe Gardens,Cranbrook,,23/08/2021,28/07/2022,,,4,1,3,3,3,Approved,29/01/2021,,,
193328PABC3,Ealing,26/07/2019,Completed,Prior Approval,"Conversion of first and second floor levels from office (Use Class B1) to four self-contained flats (Use Class C3) (Class O, 56 day Prior Approval Process)",Offices,Offices 58,The Mall,London,W5 3TA,01/01/2020,27/09/2022,,,4,0,4,4,4,Approved,18/10/2019,,,https://pam.ealing.gov.uk/online-applications/PLAN/193328PABC3;
203175,Waltham Forest,19/10/2020,Commenced,All Other,"Demolition of an existing rear extension and garage. Construction of a two-storey rear extension to provide a self-contained flat (1 x 1- bedroom) at rear ground and first floors. Provision of secure cycle racks (x2), bin storage and associated soft landscaping.","100 Palmerston Road, Walthamstow, London, E17 6PZ",,,,,30/03/2023,,,,2,0,2,1,1,Approved,26/01/2022,,,
21/03054/P3M,Lambeth,30/07/2021,Completed,Prior Approval,Application for Prior Approval for the change of use of existing rear of a shop (Use Class E) to 1 self-contained dwellinghouse (Use Class C3),,200,Coldharbour Lane,,SE5 9QH,01/04/2022,31/03/2023,,,1,0,1,1,1,Approved,10/01/2022,,,
19/AP/7574,London Borough of Southwark,24/12/2019,Completed,All Other,Convert 2 self-contained flats back into a single town house; Construction of a single storey rear extension; new rooflights in the existing roofs to ground and first floor rear outriggers (REVISED DESCRIPTION),,29,Trafalgar Avenue,,SE15 6NP,,01/05/2022,,,1,2,-1,-1,-1,Approved,17/02/2020,,,
22/AP/0379,London Borough of Southwark,09/02/2022,Completed,All Other,Certificate of lawfulness (existing) for upper floors as 2 self-contained one bedroom flats at first and second floor level.,,196,Rye Lane,,SE15 4NF,,18/09/2022,,,2,0,2,2,2,Refused,18/09/2022,,,
P2021/1968/FUL,Islington,09/08/2021,Commenced,All Other,"Conversion of existing single dwelling house into 1x 4bedroom and 1x 2bedroom self-contained flats to include ground floor rear extension, roof extension and associated alterations.",,54,Axminster Road,London,N7 6BP,,,,,3,0,3,0,3,Approved,12/11/2021,,,
2021/00395/FUL,London Borough of Hammersmith and Fulham,15/02/2021,Completed,All Other,"Erection of rear roof extension; erection of rear extensions at lower ground, upper ground and first floor level following demolition of existing single storey back addition; replacement of 1no window with French doors at second floor level to rear elevation including formation of roof terrace on top of the resultant back addition; installation of 2no rooflights in front roofslope; conversion of property from 2 x maisonettes into 1 x 1 bed, 1 x 3 bedroom and 1 x studio.",,27,Coningham Road,,W12 8BP,,15/06/2022,,,1,0,1,1,1,Approved,22/07/2021,,,
61313/APP/2022/426,Hillingdon,11/02/2022,Completed,All Other,Existing use of subdivision of a Class C3 dwelling house into two separate residential units (Application for a Certificate of Lawful Development for an Existing Use),10 EASTHOLME,10,Eastholme,Hayes,UB3 2HZ,29/04/2022,29/04/2022,,,2,1,1,1,1,Approved,29/04/2022,,,http://planning.hillingdon.gov.uk/OcellaWeb/planningDetails?reference=61313/APP/2022/426
22/03306/LDCE,Lambeth,14/09/2022,Completed,All Other,Application for a Certificate of Lawful Development (Existing) with respect to the use of the ground floor rear extension as a self-contained flat (Flat B) - Use Class C3.,,86,Landor Road,,SW9 9PE,03/11/2022,03/11/2022,,,2,0,2,2,2,Approved,03/11/2022,,,
200964FUL,Ealing,26/03/2020,Completed,All Other,"Excavation to provide lower ground floor rear extensions; single storey rear extensions and associated external alterations at all levels to accommodate conversion of existing mixed use retail/residential properties into four self-contained residential units (2x1 bed and 2x2 bed) with retention of existing retail units at part of ground floor level and associated provision of private amenity space, cycle parking and refuse storage.",64-66 Pitshanger Lane,,Pitshanger Lane,London,W5 1QX,,04/10/2022,,,4,0,4,4,4,Approved,20/05/2020,,,https://pam.ealing.gov.uk/online-applications/PLAN/200964FUL;
18/00104/PRIIND,Barking & Dagenham,12/01/2018,Completed,Prior Approval,Application for prior approval: Notification of a proposed change of use from premises in light industrial use (Class B1(c)) and any land within its curtilage to two dwellinghouses (Class C3).,,,58 Winding Way,London,RM8 2TB,01/04/2022,03/08/2022,,,2,0,2,2,2,Refused,08/03/2018,,,
211812PAOR,Ealing,28/01/2021,Completed,Prior Approval,"Change of use of first floor from offices (Use Class B1a) to residential (Use Class C3) to accommodate one residential unit (Class O, 56 day Prior Approval Process).",26 New Broadway,,New Broadway,London,W5 2XA,01/11/2021,19/11/2022,,,1,0,1,1,1,Approved,31/03/2021,,,https://pam.ealing.gov.uk/online-applications/PLAN/211812PAOR;
20/00334/FUL,Bexley,18/02/2020,Completed,All Other,Demolition of the existing dwelling and erection of one 3 storey block comprising 8 x 1 bed. apartments with ancillary parking and bin storage facilities.,,166,Penhill Road,,DA5 3EA,25/08/2020,01/04/2023,,,8,1,7,7,7,Approved,15/04/2020,,,
2022/1737,Hackney,02/08/2022,Completed,All Other,Existing use of first and second floors as two self-contained dwellings (Use class C3),,10,GLEBE ROAD,HACKNEY,E8 4BD,01/04/2023,01/04/2023,,,2,0,2,2,2,Approved,27/09/2022,,,/planning/index.html?fa=getApplication&id=74144
20/02167/FULL,London Borough of Barking and Dagenham,03/11/2020,Completed,All Other,Demolition of existing buildings and erection of new residential scheme comprising 7 new dwellings (3 x 4-bedroom and 4 x 3-bedroom) and utilisation of existing vehicular access.,Fels Farm,,DAGENHAM ROAD,RUSH GREEN,RM7 0NT,01/04/2022,14/11/2022,,,7,0,7,7,7,Approved,24/03/2021,,,https://online-befirst.lbbd.gov.uk/planning/index.html?fa=getApplication&id=26681
19/01949/FULL1,Bromley,28/05/2019,Completed,All Other,"Demolition of existing garages and erection of single storey 2 bedroom dwellinghouse with integral garage, with associated cycle and refuse storage",,56,Ancaster Road,,BR3 4DY,11/06/2021,13/05/2022,,,1,0,1,1,1,Approved,23/07/2019,,,
19/01284/FULL,Westminster,26/02/2019,Completed,All Other,"Demolition of the existing building and redevelopment to provide two buildings: Building 1 comprising one basement level, ground and thirteen upper floors containing car parking, plant, affordable sheltered accommodation and market sheltered accommodation (Class C3), ancillary communal areas; Building 2 comprising sub-basement, two basement levels, ground and eleven upper floors containing plant, car parking, residential accommodation (Class C3) and ancillary leisure; reconfigured vehicular and pedestrian access together with landscaping and other works in association with the development.",Dora House,60,St John's Wood Road,,NW8 7HN,,01/11/2022,,,282,204,78,78,78,Approved,04/11/2019,,,
18/00293/FUL,Enfield,23/01/2018,Completed,All Other,"Construction of 3rd floor to provide 2 x self contained flats involving 2 x 2-bed, with associated amenity space involving baulstrades, cycle, parking, refuse & recycle and landscaping scheme.",Cambrai Court 130 Aldermans Hill,,,,N13 4QH,01/04/2022,31/03/2023,,,2,0,2,2,2,Approved,11/05/2018,,,
22/01434/FUL,London Borough of Croydon,05/04/2022,Completed,All Other,"Alterations, conversion of dwelling to form 1x 3bedroom flat and 1x 1bedroom flat.",,24,Effingham Road,,CR0 3NE,15/08/2022,15/08/2022,,,2,1,1,1,1,Approved,08/06/2022,,,
18/4200/FUL,Barnet,,Completed,All Other,"Demolition of three existing buildings and redevelopment of the site to provide 2no. two-storey and 1no. three-storey blocks comprising of 14no. self-contained residential units. Associated amenity space, hard and soft landscaping, refuse store, cycle par",Land At 236-252,Land At 236-252,Summers Lane,Woodhouse,N12 0JY,01/12/2019,15/08/2022,,,14,6,8,8,8,Approved,18/07/2019,,,
DM2022/00804,London Borough of Sutton,27/05/2022,Completed,All Other,Retention of the conversion of the ground floor single bedroom residential unit to a two bedroom residential unit.,"Flat 1, 5A The Parade Stafford Road Wallington SM6 8ND",,,,,20/07/2022,20/07/2022,,,1,1,0,0,0,Approved,20/07/2022,,,
P/3823/21,Harrow,01/10/2021,Completed,All Other,Conversion of dwelling into two flats (2 X 1 bed); separate amenity space; bin and cycle stores,,15,Tiverton Road,Edgware,HA8 6BQ,01/06/2021,21/04/2022,,,2,1,1,1,1,Approved,26/11/2021,,,http://site.com?appref=P/3823/21-or-1156141
P0800.20,Havering,12/06/2020,Completed,All Other,Erection of 2 x two storey 5-bed detached dwellings with habitable roof space with associated parking and amenity space involving demolition of existing detached garage and store and single storey rear extension to existing dwelling,77 Hall Lane,,Upminster,,RM14 1AQ,25/01/2023,25/01/2023,,,2,0,2,2,2,Refused,07/08/2020,,,http://development.havering.gov.uk/OcellaWeb/planningDetails?reference=P0800.20
21/01076/FUL,Enfield,21/04/2021,Completed,All Other,Erection of roof extension to provide an additional storey for 2x self-contained flats.,Lincoln House Lincoln Road Enfield EN3 4AH,,,,,01/04/2022,31/03/2023,,,2,0,2,2,2,Approved,29/06/2021,,,
2017/4583,Hackney,,Completed,All Other,"Conversion from family dwelling house to two self-contained dwellings (use class C3) comprising 1 x 1 bedroom unit and 1 x 4 bedroom unit, excavation of basement, creation of front and rear lightwells and associated external alterations",7,7,Spring Hill,,E5 9BE,15/08/2022,31/03/2023,,,2,1,1,1,1,Approved,09/02/2018,,,
19/04348/FUL,Enfield,07/01/2020,Completed,All Other,"Sub-division of site and internal alterations to facilitate an end-of-terrace 2-storey dwelling house, erection of single storey rear extension, front bay windows with gable roof addition, front porch and front door",,101,Halstead Road,,N21 3DR,01/04/2022,31/03/2023,,,1,0,1,1,1,Approved,19/03/2020,,,
17/05046/FUL,Croydon,,Completed,All Other,"Erection of two 25 storey towers (plus plant) and a single building ranging from 5 to 9 storeys (plus plant) to provide a total of 445 residential units, with flexible commercial, retail and community floorspace (A1/A2/A3/A4/B1a/D1/D2) at ground and first floor level of the two towers and associated amenity, play space, hard and soft landscaping, public realm, cycle parking and car parking with associated vehicle accesses",Land Adjacent To East Croydon Station And At,Land Adjacent To East Croydon Station And At,Cherry Orchard Road,Croydon,CR0 6BT,18/09/2020,31/03/2024,,,456,0,456,456,456,Approved,07/06/2019,,,
20/03968/FUL,Enfield,01/02/2021,Completed,All Other,"Redevelopment of site involving erection of 4 x 3-storey single family dwellings together with associated parking, refuse and recycling.",Vacant Land,,Mansfield Close,,N9 7LU,01/04/2022,31/03/2023,,,4,0,4,4,4,Approved,25/05/2022,,,
0859/22,Redbridge,21/04/2022,Completed,All Other,"Subdivision of single dwellinghouse to create two dwellinghouses (1 x 2 and 1 x 3 bedrooms) with associated car parking, cycle storage and amenity space. Entrance door to side elevation. Alterations to fenestrations. (Retrospective) (Amended Description) (Summary)",,523 and 523A,Longbridge Road,Barking,,28/02/2022,26/05/2022,,,2,1,1,1,1,Approved,26/05/2022,,,
P2020/2200/FUL,Islington,17/08/2020,Completed,All Other,Proposed conversion of the existing single dwelling house to 2 self-contained flats (1 X 3 bedroom unit & 1 X 2 bedroom unit) and associated alterations.,,75,St John's Way,London,,09/09/2022,09/09/2022,,,2,1,1,1,1,Approved,12/10/2020,,,
21/00739/FUL,Lambeth,09/03/2021,Completed,All Other,"Amalgamation of 2no. dwellings into a single family dwellinghouse, replacement of windows, alterations to front and rear fenestration, installation of 1no. side window at first floor level, and associated works.",,26,Chaucer Road,,SE24 0NU,09/05/2022,31/03/2023,,,1,2,-1,-1,-1,Approved,04/06/2021,,,
20/AP/2731,London Borough of Southwark,24/09/2020,Completed,All Other,"Construction of two storey, 3 bedroom dwelling to replace redundant garage at 17 Stories Mews with a small garden to the rear and covered cycle and bin storage to the front. Installation of solar panels and rooflights to the flat roof as well as one rooflight at first floor level.",17 Stories MewsRear Of 149 Grove LaneLondonSouthwark,,,,,,03/03/2023,,,1,0,1,1,1,Approved,24/12/2020,,,
220728CPE,Ealing,01/03/2022,Completed,All Other,Continued use of property as a self-contained residential unit (Lawful Development Certificate for an Existing Use),5A Craneswater Park,,Craneswater Park,Southall,UB2 5RW,21/04/2022,21/04/2022,,,1,0,1,1,1,Approved,21/04/2022,,,https://pam.ealing.gov.uk/online-applications/PLAN/220728CPE;
20/3144/FUL,Richmond upon Thames,06/11/2020,Completed,All Other,Demolition of existing dwelling and garage and erection of new detached dwelling and outbuilding following previous approval.,,8,St Albans Gardens,,TW11 8AE,01/09/2021,07/10/2022,,,1,1,0,0,0,Approved,02/03/2021,,,
2019/4923,Wandsworth,29/11/2019,Completed,All Other,"Erection of a part two, part three-storey extension to create two x 2-bedroom flats with associated refuse and cycle storage.",,18,Trinity Road,,SW17 7RE,25/10/2021,16/03/2023,,,2,0,2,2,2,Approved,28/04/2020,,,http://planning.wandsworth.gov.uk/Northgate/PlanningExplorer/DisplayAppDetails.aspx?AppNo=2019/4923
201544NMA,Ealing,14/04/2020,Commenced,All Other,"Application for a Non-Material Amendment in (S96a) seeking to revise the Phasing of Block C4 and to the tenure mix to re-allocate 36 units from open market tenure to shared ownership tenure in relation to planning permission reference 178303VAR dated 16/03/2018 for ' Application for a Minor Material Amendment (S73) to vary Variation of condition 2 (approved drawings) of planning application P2014/6383 dated 23.10.2015 for 'Demolition of all buildings within Sherwood Close (including 209 residential units, parking structures and ancillary buildings) and the construction of 305 new residential units (88 x one-bedroom, 157 x two-bedroom, 52 x three-bedroom and 8 x four-bedroom in a mix of housing tenures) in four apartment buildings varying between two storeys and nine-storeys high and a row of three-storey townhouses; a 70 sq .m community space (D2 Use Class); associated energy plant room; refuse and recycling facilities; storage for 410 bicycles; 122 car parking spaces (comprising 86 spaces on-street and 36 spaces in an undercroft parking area); site-wide hard and soft landscaping including public, semi-private and private amenity space and public realm improvements; the closure of part of Sherwood Close and reconfiguration of the public highway including the construction of two new north-south streets between Sherwood Close and Tawny Close, and the construction of new pedestrian / cycle routes between Sherwood Close, Tawny Close and Northfield Avenue and other associated works.' Variation seeking to reflect Minor Material Amendments to Block C4 of the development. '","Sherwood Close Estate (Including Archer House, Crossbow House, Target House And No's 1-72)",,Sherwood Close,London,W13 9YJ,01/02/2021,,,,53,0,53,50,50,Approved,29/05/2020,,,https://pam.ealing.gov.uk/online-applications/PLAN/201544NMA;
P0955.20,Havering,14/07/2020,Completed,All Other,Two storey side and rear and part single-storey side and rear extensions to create one-bedroom attached dwelling involving demolition of existing attached garage.,45 MANSER ROAD,,RAINHAM,,RM13 8NP,25/04/2022,23/08/2022,,,1,0,1,1,1,Approved,09/11/2020,,,http://development.havering.gov.uk/OcellaWeb/planningDetails?reference=P0955.20
0637/20,Redbridge,28/02/2020,Completed,All Other,"Demolish redundant garages. Erection of six dwelling houses with car parking, cycle space, bin/refuse storage and associated hard/soft landscaping. (Summary).",Development At Garage Block Rear And North Of 149 To 159a,149-159a,Gresham Drive,Romford,,01/02/2021,30/07/2022,,,6,0,6,6,6,Approved,12/08/2020,,,
20/04183/FUL,Croydon,15/09/2020,Completed,All Other,"Demolition of garage, erection of three bedroom detached dwelling, provision of associated cycle and refuse storage",Adj to 24,,Lynwood Gardens,,CR0 4QH,09/09/2020,31/03/2023,,,1,0,1,1,1,Approved,04/12/2020,,,
2019/5051/P,Camden,02/10/2019,Completed,All Other,External alterations associated with change of use of 2 x residential units (Class C3) at basement and third/fourth floor level to office space (Class B1) including erection of single storey rear extension at ground floor level.,,2,Bloomsbury Place,,WC1A 2QA,13/07/2022,16/09/2022,,,0,2,-2,-2,-2,Approved,29/10/2020,,,https://planningrecords.camden.gov.uk/Northgate/PlanningExplorer/DisplayAppDetails.aspx?AppNo=2019/5051/P
2020/5211/P,Camden,11/11/2020,Completed,All Other,"Amalgamation of 2 x (1-bed and 2-bed) self-contained flats into 1x self-contained 4-bedroom flat on ground floor, alterations to side and rear fenestrations, addition of a side door to the front porch, and erection of a ground floor rear extension.",,21,Fawley Road,,NW6 1SJ,01/04/2022,08/04/2022,,,1,2,-1,-1,-1,Approved,30/03/2021,,,https://planningrecords.camden.gov.uk/Northgate/PlanningExplorer/DisplayAppDetails.aspx?AppNo=2020/5211/P
17/02334/FUL,Bexley,27/09/2017,Completed,All Other,Erection of a two- bedroomed detached dwelling with two associated car parking spaces with access onto Fairfield Close.,,49,Queenswood Road,,DA15 8QP,22/03/2021,01/04/2023,,,1,0,1,1,1,Approved,20/12/2017,,,
22/00895/FUL,London Borough of Newham,29/04/2022,Completed,All Other,Conversion of two existing flats into a dwellinghouse (Retrospective),,130A,Portway,Stratford,E15 3QJ,,31/03/2023,,,1,2,-1,-1,-1,Approved,23/06/2022,,,
HGY/2019/3113,Haringey,14/11/2019,Commenced,Prior Approval,"Notification for Prior Approval for a Proposed Change of Use of a building from Office Use (Class B1(a)) to a Dwellinghouse (Class C3). Town and Country Planning (General Permitted Development) Order 2015 Schedule 2, Part 3, Class O.","32, Philip Lane, London, N15 4JB",32,,,,15/03/2022,,,,3,0,3,3,3,Not Required,09/01/2020,,,https://londonboroughofharingey.force.com/pr/s/planning-application/a0i8d000002GBPWAA4
57243/APP/2019/3895,Hillingdon,,Completed,All Other,Single storey rear extension and use of dwelling as a House in Multiple Occupation by not more than six residents (Application for a Certificate of Lawful Development for a Proposed Development),289 LANSBURY DRIVE HAYES,,,,UB4 8RZ,12/09/2022,09/11/2022,,,1,1,0,0,0,Approved,22/01/2020,,,
182600FUL,Ealing,01/06/2018,Completed,All Other,"Construction of two-storey building (with roof level and basement level accommodation) to provide 10 self-contained flats (following demolition of existing detached dwellinghouse) with associated amenity space, car parking, refuse and cycle storage.",43 Gunnersbury Avenue,43,Gunnersbury Avenue,London,W5 4LP,01/07/2020,20/12/2022,,,10,1,9,9,9,Approved,14/12/2018,,,https://pam.ealing.gov.uk/online-applications/PLAN/182600FUL;
2019/4825/P,Camden,14/10/2019,Completed,All Other,Change of use from day centre (Use Class D1) to create residential dwellings (Use Class C3). Erection of new first floor side extension and two storey side infill extension on Anglers Lane; Installation of dormer windows; insertion of new doorways at ground floor level and associated minor alterations to the railings.,Former 1,"Raglan House, 1",Raglan Street,,,23/10/2020,09/01/2023,,,6,0,6,6,6,Approved,27/02/2020,,,https://planningrecords.camden.gov.uk/Northgate/PlanningExplorer/DisplayAppDetails.aspx?AppNo=2019/4825/P
15/02177/FULL1,Bromley Custodian Code,08/06/2015,Completed,All Other,Demolition of existing dwelling and construction of a two storey detached 5 bedroom dwelling with rooms in the roof and integral double garage and indoor pool at ground floor,17 Forest Ridge Keston BR2 6EG,,,,,15/02/2017,25/04/2022,,,1,1,0,0,0,Approved,28/07/2015,,,
3500/20,Redbridge,04/11/2020,Completed,All Other,"Demolish existing property. Erection of six dwelling houses with associated car parking, waste / refuse, landscaping and amenity space (Summary).",,855,Cranbrook Road,Ilford,IG6 1JE,31/03/2022,11/11/2022,,,6,1,5,5,5,Approved,29/12/2020,,,
22/03153/ELUD,Bromley Custodian Code,17/08/2022,Completed,All Other,Single storey rear extension and conversion of dwelling to HMO (C4) LAWFUL DEVELOPMENT CERTIFICATE (EXISTING),,19,Sweeps Lane,,BR5 3PE,15/03/2023,15/03/2023,,,1,1,0,0,0,Approved,15/03/2023,,,
34400/APP/2020/1012,Hillingdon,24/03/2020,Completed,All Other,Conversion of single dwelling house to 1 x 1-bed and 1 x 2-bed self- contained flats with associated parking and amenity space.,97 BRIDGE ROAD,97,Bridge Road,UXBRIDGE,UB8 2QN,06/11/2020,03/10/2022,,,2,1,1,1,1,Approved,07/09/2020,,,http://planning.hillingdon.gov.uk/OcellaWeb/planningDetails?reference=34400/APP/2020/1012
P0435.21,Havering,08/04/2021,Completed,All Other,Proposed 2 x 2 bedroom attached dwellings and a rear extension to the existing property,8 Tamar Close,,Upminster,,RM14 1QH,23/08/2022,23/08/2022,,,2,0,2,2,2,Approved,30/07/2021,,,http://development.havering.gov.uk/OcellaWeb/planningDetails?reference=P0435.21
22/AP/4319,London Borough of Southwark,10/01/2023,Completed,All Other,Certificate of lawfulness (existing): Existing use as two self-contained dwellings (Use Class C3),23 Buchan RoadLondonSouthwarkSE15 3HQ,,,,,,27/02/2023,,,2,1,1,1,1,Approved,27/02/2023,,,
21/02372/FUL,Croydon,07/05/2021,Completed,All Other,"Demolition of existing 2 bedroom bungalow, alterations, erection of 3 bedroom chalet bungalow with a dormer feature on the rear roofslope and attached garage",,49,Hartley Old Road,,CR8 4HH,01/04/2022,09/03/2023,,,1,1,0,0,0,Approved,02/07/2021,,,
21/00697/P3O,Lambeth,18/02/2021,Completed,Prior Approval,Prior approval application for the change of use from offices (Use class B1(a)) across three floors to 12 residential units (Use Class C3).,159 - 163 Clapham High Street,,Development Control Pseudo Street,,SW4 7SS,01/04/2022,31/03/2023,,,12,0,12,12,12,Approved,02/07/2021,,,
20/P3544,Merton,07/12/2020,Completed,All Other,ERECTION OF A REPLACEMENT BUILDING CONSISTING OF 2 SELF CONTAINED RESIDENTIAL UNITS CONTAINED WITHIN TWO FLOORS AND THE ROOFSPACE FOLLOWING THE DEMOLITION OF THE EXISTING BUILDING ON THE SITE.,,36,Grenfell Road,Mitcham,,17/05/2021,22/07/2022,,,2,1,1,1,1,Approved,30/03/2021,,,http://planning.merton.gov.uk/Northgate/PlanningExplorer/DisplayAppDetails.aspx?AppNo=20/P3544
21/02732/FUL,London Borough of Bexley,02/11/2021,Completed,All Other,Erection of a semi-detached 2 bed dwelling.,,19,Lawrence Road,,DA8 1YG,01/08/2022,01/04/2023,,,1,0,1,1,1,Approved,23/12/2021,,,
2019/4340,Hackney,12/12/2019,Completed,All Other,Conversion of residential building from two self-contained flats to one single-family residential dwelling and alterations to rear fenestration (Retrospective).,,222,RICHMOND ROAD,HACKNEY,E8 3QN,18/08/2022,31/03/2023,,,1,2,-1,-1,-1,Approved,06/02/2020,,,/planning/index.html?fa=getApplication&id=58899
19/03601/FUL,London Borough of Croydon,12/08/2019,Completed,All Other,Demolition of the existing commercial buildings and the erection of 2x three bedroom homes with associated external alterations,,"11, 13",Hastings Road,,CR0 6PH,01/10/2020,01/07/2022,,,2,0,2,2,2,Approved,07/11/2019,,,
0558/19,Redbridge,03/07/2019,Completed,All Other,Change of use from dwelling (C3) to small HMO for up to 6 people (C4). (Summary).,,13,Clifford Avenue,Clayhall,IG5 0UJ,31/05/2022,28/11/2022,,,1,1,0,0,0,Approved,27/08/2019,,,
194293FUL,Ealing,08/11/2019,Completed,All Other,"Construction of third floor level and fourth floor mansard roof extension to western portion of building to accommodate 5 x residential units and construction of fifth floor level and sixth floor mansard roof to eastern portion of building to accommodate 4 x residential units; raising height of tower; external alterations to insert additional window openings on the southern, western, northern and eastern facades and external balconies at first floor level on the northern facade",Ironbridge House,,Windmill Lane,Southall,UB2 4NJ,15/04/2021,08/08/2022,,,12,1,11,11,11,Approved,28/01/2020,,,https://pam.ealing.gov.uk/online-applications/PLAN/194293FUL;
2023/00132/CLE,London Borough of Hammersmith and Fulham,27/01/2023,Completed,All Other,Continued use of part of the rear ground floor of the building as a two bedroom self-contained dwelling (Flat 14).,Marzell House,"120, 14",North End Road,,W14 9PP,06/03/2023,06/03/2023,,,1,0,1,1,1,Approved,06/03/2023,,,
220754FUL,Ealing,14/03/2022,Completed,All Other,Change of use of part ground floor and part first floor from commercial use (Mixed Class E(g)/E(b)/E(a)/E(e)) to residential (Use Class C3) to accommodate 5 self-contained flats.,18-19 The Mall,,The Mall,London,W5 2PJ,02/12/2022,30/05/2022,,,5,0,5,5,5,Approved,11/01/2023,,,https://pam.ealing.gov.uk/online-applications/PLAN/220754FUL;
2022/0542,Wandsworth,15/03/2022,Completed,All Other,Continued use of self contained studio flat at the rear.,,59,Battersea Church Road,London,SW11 3LY,31/05/2022,31/05/2022,,,1,0,1,1,1,Approved,31/05/2022,,,http://planning.wandsworth.gov.uk/Northgate/PlanningExplorer/DisplayAppDetails.aspx?AppNo=2022/0542
22/02421/ELUD,Bromley Custodian Code,17/06/2022,Completed,All Other,"Existing Use in respect of the residential use of the self-contained studio unit at ground floor level at The Alexander, 163C Parish Lane, London, SE20 7JH.",The Alexandra,163,Parish Lane,Penge,SE20 7JH,15/09/2022,15/09/2022,,,1,0,1,1,1,Approved,15/09/2022,,,
19/02630/FUL,London Borough of Newham,18/10/2019,Completed,All Other,"To change the property from the existing commercial shop and 1x1 bedroom apartment into flats comprising of 3 x 1 and 1 x 2 bedroom units and extend to the side, rear and loft area to facilitate.",,47,White Horse Road,East Ham,E6 6DR,,31/03/2023,,,4,1,3,3,3,Approved,13/12/2019,,,
P2053.21,Havering,25/10/2021,Completed,All Other,"2 x two storey, 4 bed dwellings with associated amenity, parking, cycle stores, and bin stores, involving demolition of existing bungalow",5 Dorian Road,,,,RM12 4AW,25/03/2021,31/03/2023,,,2,1,1,1,1,Approved,14/01/2022,,,http://development.havering.gov.uk/OcellaWeb/planningDetails?reference=P2053.21
212272FUL,Ealing,05/03/2021,Completed,All Other,Conversion of property from two self-contained residential units into single dwellinghouse; single-storey side/rear infill extension with rooflights; two-storey side extension including side porch; alterations to existing front porch; enlargement of existing rear roof extension; rear roof extension to rear outrigger,67 & 67A Goldsmith Avenue,,Goldsmith Avenue,London,W3 6HP,09/08/2021,28/04/2022,,,1,2,-1,-1,-1,Approved,15/06/2021,,,https://pam.ealing.gov.uk/online-applications/PLAN/212272FUL;
216449FUL,Ealing,08/11/2021,Completed,All Other,"Conversion of the existing property into two self-contained residential units and provision of associated cycle storage, refuse storage, off-street vehicle parking and private amenity space;alteration of roof from hip to gable end; rear roof extension and installation of four roof lights to front roof slope; single storey, part two storey side/rear (wrap around) extension; conversion of a garage into a habitable room including associated external alteration involving the insertion of a window and door in lieu of the garage door opening; alteration to external elevations, involving installation of windows to side elevation",100 Orchard Gate,,Orchard Gate,Greenford,UB6 0QP,17/05/2022,31/03/2023,,,2,1,1,1,1,Approved,17/01/2022,,,https://pam.ealing.gov.uk/online-applications/PLAN/216449FUL;
22/1464/GPD26,Richmond upon Thames,10/05/2022,Completed,Prior Approval,Change of use to single dwelling house.,"Causer Buildings, Unit B",16A,Crown Road,,TW1 3EE,01/11/2022,31/03/2023,,,1,0,1,1,1,Approved,04/07/2022,,,
20/02216/FUL,Croydon,26/05/2020,Completed,All Other,"Change of use of the dwelling as 4 self-contained units comprising 1 three bedroom, 3 two bedroom flats.",,39,Crown Lane,Norbury,SW16 3JE,01/01/2023,23/03/2023,,,4,1,3,3,3,Approved,13/07/2021,,,
3323/20,Redbridge,16/10/2020,Completed,Prior Approval,Upward extension of an additional single storey on detached block of flats consisting of 3 new flats. (Summary).,Development At Beech Oak Court 156,156,Snakes Lane East,Woodford Green,IG8 7JD,02/08/2021,12/05/2022,,,3,0,3,3,3,Approved,19/11/2020,,,
19/0551/FUL,Richmond,11/07/2019,Completed,All Other,"Convert 2 flats back to one family house. Proposed pitched side infill extension adjacent neighbouring infill extension with glazed rooflight. Proposed loft conversion with full width rear dormer, partial dormer to outrigger and rooflights.",32 Selwyn Avenue Richmond TW9 2HA,,,,,04/11/2019,01/06/2022,,,1,2,-1,-1,-1,Approved,21/08/2019,,,
2022/02189/FUL,London Borough of Hammersmith and Fulham,05/08/2022,Commenced,All Other,"Deconversion of the existing property from 2no. self-contained flats into a single family dwellinghouse; erection of a rear roof extension; erection of a rear extension at second floor level, over part of the existing back addition; erection of a single storey rear extension, to the side and rear of the existing back addition; installation of 2no. rooflights in the front roofslope; installation of an obscure glazed window, to the side elevation at first floor level.",,24,Roxwell Road,,W12 9QF,04/11/2021,,,,1,2,-1,-1,-1,Approved,04/11/2022,,,
20/00379/FUL,Enfield,03/02/2020,Completed,All Other,"Redevelopment of site and erection of part 3, part 4 storey building comprising 7no. self-contained flats (3no. 1-bed, 2no. 2-bed and 2no. 3-bed units) and associated works.",,1,Raynton Road,,EN3 6BP,01/04/2022,31/03/2023,,,7,1,6,6,6,Approved,02/07/2020,,,
2022/0715,Hackney,17/03/2022,Completed,All Other,Certificate of Lawfulness: Existing Use of the property as a self-contained residential unit (Use Class C3),Academy Buildings,1a,FANSHAW STREET,HACKNEY,N1 6LQ,01/04/2023,01/04/2023,,,1,0,1,1,1,Approved,10/05/2022,,,/planning/index.html?fa=getApplication&id=72948
20/02517/FULL1,Bromley,28/07/2020,Completed,All Other,Construction of 1 detached two bedroom dwelling with associated parking and amenity within the existing side garden area.,,102,Poverest Road,,BR5 2DQ,25/01/2022,07/09/2022,,,1,0,1,1,1,Approved,02/10/2020,,,
22/00935/FUL,Enfield,25/03/2022,Completed,All Other,"Conversion of single family dwelling house into 2 self-contained flats, involving part single, part 2-storey rear extension with associated parking, cycle and refuse storage.",,37,Stoneleigh Avenue,,EN1 4HJ,01/04/2022,31/03/2023,,,2,1,1,1,1,Approved,20/05/2022,,,
22/03462/CLEUD,Westminster,25/05/2022,Completed,All Other,"Use of 25 Chester Square and 49 Eaton Mews South as a single family dwellinghouse, and the internal alterations carried out to allow this use.",,25,Chester Square,,SW1W 9HS,07/09/2022,07/09/2022,,,1,2,-1,-1,-1,Approved,07/09/2022,,,
21/04578/FUL,Croydon,17/09/2021,Completed,All Other,"Roof alterations including roof lights in the front and side roof slopes, roof lights, dormer and recessed terrace in the rear roof slopes to form new dwelling in the loft space. (Amended).",,934,Brighton Road,,CR8 2LN,31/03/2023,31/03/2023,,,1,0,1,1,1,Approved,11/02/2022,,,
19/02997/FUL,Croydon,26/06/2019,Completed,All Other,"Demolition of existing dwelling and erection of a 2 storey building with accommodation within the roof space containing 1 x 3 bed, 6 x 2 bed & 2 x 1 bed apartments. Provision of associated parking, amenity space, cycle and refuse stores.",,33A,Smitham Bottom Lane,,CR8 3DE,21/03/2022,31/03/2023,,,9,1,8,8,8,Approved,13/03/2020,,,
E0025.22,Havering,08/09/2022,Completed,All Other,Application for lawful Development Certificate for the existing use of the property as a C4 House in Multiple Occupation (HMO).,52 Petworth Way,,Hornchurch,,RM12 4LR,03/11/2022,03/11/2022,,,1,1,0,0,0,Not Required,03/11/2022,,,http://development.havering.gov.uk/OcellaWeb/planningDetails?reference=E0025.22
21/05846/LE,Croydon,02/03/2022,Completed,All Other,Lawful development application for the continued use of the property as a HMO,,4,Clarence Road,,CR0 2EN,22/04/2022,22/04/2022,,,1,1,0,0,0,Approved,22/04/2022,,,
222880,Waltham Forest,02/11/2022,Completed,All Other,Lawful development certificate (Existing) for use of the property as two self-contained flats.,"3 Brewster Road, Leyton, London, E10 6RG",,,,,06/01/2023,06/01/2023,,,2,1,1,1,1,Approved,06/01/2023,,,
225334CPE,Ealing,21/12/2022,Completed,All Other,Conversion of garage to habitable use to be used as self-contained flat (Lawful Development Certificate for an Existing Use),Flat B,,Norwood Gardens,Southall,UB2 4ER,14/02/2023,14/02/2023,,,1,0,1,1,1,Approved,14/02/2023,,,https://pam.ealing.gov.uk/online-applications/PLAN/225334CPE;
2019/4513,Hackney,07/01/2020,Completed,All Other,Erection of basement and ground floor and first floor rear extension and conversion of house to three flats.,59,59,CLIFDEN ROAD,HACKNEY,E5 0LJ,01/04/2023,01/04/2023,,,3,2,1,1,1,Approved,03/03/2020,,,/planning/index.html?fa=getApplication&id=58967
21/04603/CEU,Enfield,16/12/2021,Completed,All Other,"Use of ground floor as 3 self-contained flats, together with use of outbuilding at rear as 1 self-contained flat.",,27,Mitchell Road,,N13 6EG,17/09/2022,17/09/2022,,,4,0,4,4,4,Approved,17/09/2022,,,
22/00270/CLE,London Borough of Newham,16/02/2022,Completed,All Other,Application for a Lawful Development Certificate for the existing use of property as Class C3 (dwellinghouse).,Victoria Mills Studios,"10, 19",Burford Road,Stratford,E15 2SW,,31/03/2023,,,1,0,1,1,1,Approved,12/04/2022,,,
20/02644/FUL,Enfield,02/09/2020,Completed,All Other,"Redevelopment of site by the erection of a detached 2-storey block of 4 self-contained flats involving accommodation in roof space, associated surface car parking, landscaping and boundary treatments",,16-34,Parsonage Lane,,EN2 0AJ,01/04/2022,31/03/2023,,,4,0,4,4,4,Approved,18/12/2020,,,
222078CPE,Ealing,24/05/2022,Completed,All Other,Continued use of a ground floor of property as four self-contained flats (Application for Certificate of Lawfulness for an Existing Development),63 Gunnersbury Avenue,,Gunnersbury Avenue,London,W5 4LP,21/07/2022,21/07/2022,,,4,2,2,2,2,Approved,21/07/2022,,,https://pam.ealing.gov.uk/online-applications/PLAN/222078CPE;
216976FUL,Ealing,10/12/2021,Completed,All Other,"Conversion of a single dwelling into two self contained flats (one x 1 bedroom, one x studio) with associated amenities; alteration to rear ground floor elevation window/door openings; enlargement of existing porch",1 Fisher Close,,Fisher Close,Greenford,UB6 9UF,28/01/2022,25/05/2022,,,2,1,1,1,1,Approved,28/01/2022,,,https://pam.ealing.gov.uk/online-applications/PLAN/216976FUL;
P2016/2994/S73,Islington,27/07/2016,Commenced,All Other,"Application under Section 73 (minor material amendments) to hybrid planning permission P2013/1089/FUL dated 26/08/2014 for the "demolition of existing buildings and comprehensive redevelopment of the site with full planning permission sought for all elements (other than Block 9 which is submitted in outline with appearance reserved) for 4 blocks ranging from 7 to 9 storeys plus 2 towers of 42 storeys (up to 155m) and 36 storeys (up to 137m) providing up to 995 residential units, commercial floorspace (Class B1) up to 7,600 sqm, affordable workspace (Class B1), relocated data centre, flexible retail/financial and professional services/restaurant/café/drinking establishment/heath centre floorspace (Class A1/A2/A3/A4/D1) up to 3,650sqm, crèche (Class D1) and hotel (Class C1 of up to 190 beds), together with public open spaces and ancillary floorspace within basement and associated works". The proposed minor material amendments are: 1) infill of and amendment to recesses to City Road and southwest elevations of blocks 1, 2 and 3 to provide additional office (B1) floorspace, deletion of brise soleil and addition of balconies/terraces, 2) enlargement of mezzanine floor in block 1 to provide addition retail (A1) floorspace, and 3) amendments to internal core. The application is accompanied by a Statement of EIA Conformity.",City Forum,250,City Road,,,24/11/2014,,,,955,0,955,955,955,Approved,23/03/2017,,,
P2018/2931/FUL,Islington,11/10/2018,Completed,All Other,"Development of existing gap site with a new four story residential building containing 2 x 2 bed maisonettes, landscaping, bin stores and associated alterations.",,506A,Holloway Road,London,N7 6JD,01/02/2021,30/07/2022,,,2,0,2,2,2,Approved,14/08/2019,,,
20/P1518,Merton,07/05/2020,Completed,All Other,"DEMOLITION OF DETACHED DOUBLE GARAGE, AND ERECTION OF A TWO STOREY DETACHTED DWELLING WITH ROOF ACCOMODATION AND PROVISION OF 1X OFF-STREET PARKING SPACE.",,117A,Monkleigh Road,Morden,SM4 4EL,06/12/2020,04/10/2022,,,1,0,1,1,1,Approved,10/07/2020,,,http://planning.merton.gov.uk/Northgate/PlanningExplorer/DisplayAppDetails.aspx?AppNo=20/P1518
P2018/3180/FUL,Islington,11/12/2018,Completed,All Other,"Construction of a rear extension at second floor level to existing Flat 3, construction of a mansard roof extension to create Flat 4 ( one bedroom/ 2 persons self contained flat).",,112A,Fonthill Road,London,,05/07/2021,31/03/2023,,,2,3,-1,-1,-1,Approved,30/07/2019,,,
22/02940/LDCE,London Borough of Lambeth,15/08/2022,Completed,All Other,"Application for a Certificate of Lawfulness (existing) for part House in Multiple Occupation (HMO) (Use Class C4), comprising of 3 non self-contained bedsits and part flats (Use Class C3), comprising of 3 self-contained units.",129A,,South Lambeth Road,,SW8 1XB,17/10/2022,17/10/2022,,,4,1,3,3,3,Approved,17/10/2022,,,
22/03030/CLE,London Borough of Newham,17/02/2023,Completed,All Other,"Application for a Lawful Development Certificate for the change of use from being part of 98 Neville Road, E7 9QX, to a self contained studio flat known as 98A Neville Road, E7 9QX.",,98,Neville Road,Forest Gate,E7 9QX,,30/03/2023,,,1,0,1,1,1,Approved,30/03/2023,,,
22/00193/FUL,Lambeth,11/02/2022,Commenced,All Other,Conversion of a property into two self-contained flats together with the erection of a single storey ground floor rear extension.,5 Casewick Road London LONDON SE27 0SX,,Casewick Road,,SE27 0SX,08/04/2022,,,,2,1,1,1,1,Approved,08/04/2022,,,
20/1080/FUL,Richmond upon Thames,21/04/2020,Completed,All Other,Subdivision of existing plot and erection of a 2 bedroom detached dwelling with associated landscaping and shared front parking,,1,Butts Crescent,,TW13 6HU,04/10/2021,13/09/2022,,,1,0,1,1,1,Approved,02/11/2020,,,
E0039.22,Havering,25/11/2022,Completed,All Other,Certificate of lawfulness for existing use of dwelling as a supported accommodation for adults who are eligible for care and support in a 24 hours supported environment Use class C3(b).,3 Cherry Street,,Romford,,RM7 7LL,20/01/2023,20/01/2023,,,1,1,0,0,0,Not Required,20/01/2023,,,http://development.havering.gov.uk/OcellaWeb/planningDetails?reference=E0039.22
22/08500/CLEUD,Westminster,16/12/2022,Completed,All Other,Use of ground floor (rear) of building as a residential unit.,Ground Floor Rear,444,Edgware Road,,W2 1EG,,02/03/2023,,,1,0,1,1,1,Approved,02/03/2023,,,
18/03187/FUL,Lambeth,10/10/2018,Completed,All Other,"Demolition of existing garage and erection of a two storey dwellinghouse with access from Cheviot Road, together with the provision of refuse/recycling and bike storage.",Rear Of 134 And 136 Knight's Hill,,DEVELOPMENT CONTROL PSEUDO STREET,,SE27,04/01/2021,21/09/2022,,,1,0,1,1,1,Approved,01/05/2019,,,
20/0618/FUL,Richmond upon Thames,17/04/2020,Completed,All Other,Proposed conversion of existing office to 2 bedroom apartment.,Heron Court,"3, 5, 2",High Street,,TW12 2SQ,15/09/2022,31/03/2023,,,1,0,1,1,1,Refused,09/06/2020,,,
59507/APP/2022/3771,Hillingdon,13/12/2022,Completed,All Other,Retention of two units of accommodation (Retrospective),12 BARRA HALL ROAD,,HAYES,,UB3 2NR,07/02/2023,07/02/2023,,,2,0,2,2,2,Approved,07/02/2023,,,http://planning.hillingdon.gov.uk/OcellaWeb/planningDetails?reference=59507/APP/2022/3771
20/02352/FUL,London Borough of Croydon,11/06/2020,Completed,All Other,"Construction of a four-storey building, including basement and roof accommodation, to accommodate 9 flats, under-croft vehicle and cycle parking, refuse store, vehicular access from existing parking area and landscaping.",Land To Rear Of 23 And 25 Normanton Road South Croydon CR2 7AE,,,,,01/04/2022,15/11/2022,,,9,0,9,9,9,Approved,26/03/2021,,,
HGY/2019/0663,Haringey,19/02/2019,Commenced,Prior Approval,Notification for Prior Approval for a Change Of Use from Storage or Distribution Buildings (Class B8) and any land within its curtilage to Dwellinghouses (Class C3),"558, Lordship Lane, London, N22 5BY",558,,,,18/05/2022,,,,1,0,1,1,1,Approved,16/04/2019,,,https://londonboroughofharingey.force.com/pr/s/planning-application/a0i8d000002GEOQAA4
DM2022/00411,Sutton,07/04/2022,Completed,All Other,Conversion of two self-contained residential units into one dwellinghouse and erection of a single storey rear/side extension.,,1,Onslow Gardens,,SM6 9QL,25/03/2022,18/07/2022,,,1,2,-1,-1,-1,Approved,13/07/2022,,,
P1016.20,Havering,24/07/2020,Completed,All Other,Change of use of the first floor use class A1 (Hairdressers) to create 1 x 2 bedroom flat.,17-19 MARKET PLACE,,ROMFORD,,RM1 3AB,21/02/2022,23/06/2022,,,1,0,1,1,1,Approved,18/09/2020,,,http://development.havering.gov.uk/OcellaWeb/planningDetails?reference=P1016.20
17/1550/NMA1,Richmond upon Thames,04/11/2022,Completed,All Other,"Non material amendment to planning approval 17/1550/FUL to allow for revision to the description of development to remove the words new basement level to facilitate provision of underground parking as previously approved and a revision to remove reference to the number of units. Revised description as follows: Demolition of existing building and erection of part two storey/part four storey building to provide residential flats and associated hard and soft landscaping, cycle and refuse stores. New boundary treatment to existing vehicular access and relocation of grass verge and dropped kerb.",The Firs Church Grove Hampton Wick Kingston Upon Thames KT1 4AL,,,,,01/02/2021,25/05/2022,,,8,1,7,7,7,Approved,13/02/2023,,,
223786CPE,Ealing,31/08/2022,Completed,All Other,Continued use of detached single storey outbuilding as self-contained flat (Lawful Development Certificate for an Existing Use),15A Larden Road,,Larden Road,London,W3 7ST,10/11/2022,10/11/2022,,,1,0,1,1,1,Approved,10/11/2022,,,https://pam.ealing.gov.uk/online-applications/PLAN/223786CPE;
21/02740/FUL,Enfield,11/03/2022,Completed,All Other,Change of use of 1st floor flat into a home of multiple occupation of 7 persons (Sui Generis).,,339,Ordnance Road,,EN3 6HE,01/04/2022,31/03/2023,,,0,1,-1,-1,-1,Approved,11/06/2022,,,
19/4352/FUL,London Borough of Barnet,06/08/2019,Commenced,All Other,Demolition of the existing dwelling and erection of a new two storey dwelling with basement level and rooms in the roofspace. Associated refuse/recycling area and hard and soft landscaping,,21,Brampton Grove,Hendon,NW4 4AE,01/09/2020,,,,1,1,0,-1,-1,Approved,12/09/2019,,,
2322/20,Redbridge,12/08/2020,Completed,All Other,"Demolish garages. Erection of a one 1 x bedroom single storey bungalow with associated car parking / bicycle storage, refuse storage and amenity space. (Summary).",Development Rear of 22,22,Beattyville Gardens,Ilford,IG6 1JW,26/05/2021,26/01/2023,,,1,0,1,1,1,Approved,05/10/2020,,,
172444FUL,Ealing,15/05/2017,Completed,All Other,"Demolition of existing bungalow and construction of three, two-storey buildings with basement levels and loft conversions; to accommodate 9 no. self-contained residential units (2x1 bed and 1x2 bed, per building) with associated refuse storage, car parking and amenity space",43 Ruislip Road,43,Ruislip Road,Greenford,UB6 9QD,21/01/2019,26/05/2022,,,9,1,8,8,8,Approved,14/07/2017,,,https://pam.ealing.gov.uk/online-applications/PLAN/172444FUL;
21/02099/CLP,London Borough of Newham,20/08/2021,Completed,All Other,Application for a lawful development certificate for proposed use for up to 6 residents living together as a single household receiving care (Use Class C3b),,245,Shrewsbury Road,Forest Gate,E7 8QH,,31/03/2023,,,1,1,0,0,0,Approved,02/12/2021,,,
20/01711/FUL,London Borough of Newham,13/08/2020,Completed,All Other,Demolition and redevelopment of the site to construct a new building containing 96 sq. m of ground floor and basement A1/A2 commercial space with 1x2-bed and 2 x 1-bed a residential units above.,,140,High Street North,East Ham,E6 2HT,,31/03/2023,,,3,1,2,2,2,Approved,08/10/2020,,,
20/04493/P3M,Lambeth,23/12/2020,Completed,Prior Approval,Application for prior approval for change of use of the basement and ground floor from retail (Use Class A1) to a residential unit (Use Class C3).,,2,Effra Parade,,SW2 1PS,16/04/2022,31/03/2023,,,1,0,1,1,1,Approved,22/04/2021,,,
2020/0023,Hackney,03/01/2020,Commenced,Prior Approval,Prior approval for the change of use from Launderette to use class C3 (residential) to provide a self-contained residential unit at lower ground and ground floor level.,103,103c,DALSTON LANE,HACKNEY,E8 1NH,11/12/2019,,,,1,0,1,1,1,Approved,24/02/2020,,,/planning/index.html?fa=getApplication&id=66333
DM2020/01114,London Borough of Sutton,29/07/2020,Completed,All Other,"Erection of a detached two storey dwellinghouse with accommodation in the roof space, an integral garage, cycle and refuse store. Creation of a vehicle crossover and hardstanding at front to provide off-street parking.",Land North Of Parkview Close And West Of 3 Parkview Close Carshalton SM5 3JZ,,,,,03/08/2021,23/08/2022,,,1,0,1,1,1,Approved,08/01/2021,,,
19/01109/FUL,London Borough of Croydon,28/03/2019,Completed,All Other,"Demolition of existing detached dwelling and detached garage and the erection of a three/four storey building with accommodation within the lower level and roof level to provide 9 flats (comprising 1 x 1 bedroom, 5 x two bedroom and 3 x three bedroom units), cycle storage, private and communal amenity space, landscaping including land level alterations, bin store, new access crossover and the provision of 6 parking spaces to the front.",,1,South Drive,,CR5 2BJ,,31/03/2023,,,9,1,8,8,8,Approved,11/07/2019,,,
22/00233/FUL,Enfield,28/01/2022,Completed,All Other,"Change of use of part of the ground floor retail unit to 1 self contained unit, together with single storey side extension to the retail unit, conversion of first floor from ancillary storage to residential use (Class C3) involving erection of a second-floor extension and part two storey rear extension to provide 3 x self-contained residential units.",,15,Church Street,,EN2 6AF,01/04/2022,31/03/2023,,,4,0,4,4,4,Approved,11/07/2022,,,
22/04285/LE,London Borough of Croydon,13/10/2022,Completed,All Other,Use of the building as 5 self-contained flats,,685,London Road,,CR7 6AZ,28/10/2022,28/10/2022,,,5,1,4,4,4,Approved,28/10/2022,,,
2020/02091/FUL,Hammersmith & Fulham,17/08/2020,Completed,All Other,"Erection of an additional floor at roof level, in connection with the creation of 1no. one bedroom self-contained flat; installation of French doors and a Juliette balcony and a door and a Juliette balcony to the front elevation of the proposed additional floor at roof level; and formation of a roof terrace enclosed with a 1700mm high obscured glazed screen to the rear elevation of the proposed additional floor at roof level.",,"304, 306",North End Road,London,SW6 1NQ,18/02/2022,26/04/2022,,,1,0,1,1,1,Approved,18/11/2020,,,
20/06291/FUL,London Borough of Croydon,04/12/2020,Completed,All Other,"Conversion of existing dwelling to 4 flats, alterations, erection of single storey side and rear extension, erection of dormer extension in the rear roof slope. Provision of refuse and bicycle storage, off street parking and formation of vehicle crossover.",,274,Portland Road,South Norwood,SE25 4SL,31/03/2022,31/03/2023,,,4,1,3,3,3,Approved,29/01/2021,,,
2021/00102/FUL,Hammersmith & Fulham,29/01/2021,Commenced,All Other,Change of use from office (Class E) into a self-contained studio flat (Class C3).,Garden Studio,691,Fulham Road,London,SW6 5UJ,08/04/2021,,,,1,0,1,1,1,Approved,30/03/2021,,,
P/2933/21,Harrow,05/07/2021,Completed,All Other,Conversion of dwelling into two flats (2 X 2 bed); external alterations; separate amenity space; bin and cycle stores,9 Kipling Place Stanmore HA7 3NG,9,,,,03/08/2022,01/04/2023,,,2,1,1,1,1,Approved,,,,
20/00264/FUL,Hackney,21/07/2020,Completed,All Other,Application for full planning permission for the construction of a roof extension to provide four residential dwellings (Use Class C3) together with ancillary development.,,61-63,Wallis Road,Hackney,E9 5LH,01/04/2022,31/03/2023,,,4,0,4,4,4,Approved,06/12/2021,,,
2021/0795,Hackney,30/03/2021,Commenced,All Other,"Change of use of the upper floors from Financial and Professional Services to Use Class C3 (Dwellinghouses) to provide 5 self-contained residential units; change of use ground and basement from Financial and Professional Services to Retail; erection of front roof extension at third floor level, four storey rear extension and a new terrace at first floor level and internal alterations including provision of a mezzanine floor above ground floor at rear.",,304,SEVEN SISTERS ROAD,HACKNEY,N4 2AQ,03/07/2021,,,,5,0,5,5,5,Approved,25/07/2022,,,/planning/index.html?fa=getApplication&id=69653
2021/00512/FUL,Hammersmith and Fulham,18/02/2021,Completed,All Other,"Conversion of two self-contained flats into a single dwelling house; partial demolition of the existing single storey rear extension at ground floor level, to raise the height of the flat roof from 2.62m to 3m; and replacement of an existing door with bi-fold doors, to the rear elevation at ground floor level; replacement of a door and 2no. windows with 2no. large windows, to the side elevation of the existing back addition at ground floor level; replacement of 2no. windows with a double sash window, to the rear elevation of the existing back addition at first floor level; and replacement of a window with French doors, to the rear elevation at ground floor level.",,52,Greswell Street,,SW6 6PP,,18/05/2022,,,1,2,-1,-1,-1,Approved,18/05/2021,,,
202840OPDFUL,Ealing,17/07/2020,Completed,All Other,"Conversion of existing dwelling house into two (2) self-contained flats; single-storey rear wrap around extension, part first-floor rear extension; roof extension to the rear (main) roof slope; part rear roof extension to rear outrigger roof slope; and installation of two roof lights to front roof slope",153 Wells House Road,,Wells House Road,London,NW10 6EA,02/11/2020,27/07/2022,,,2,1,1,1,1,Approved,10/09/2020,,,https://pam.ealing.gov.uk/online-applications/PLAN/202840OPDFUL;
22/2821/ES191,Richmond upon Thames,21/09/2022,Completed,Prior Approval,Use of coach house annexe as a self-contained dwelling unit.,Coach House Annexe,69,Lonsdale Road,Barnes,SW13 9JR,05/01/2023,05/01/2023,,,1,0,1,1,1,Approved,05/01/2023,,,
P0487.20,Havering,14/04/2020,Completed,All Other,"Erection of 1 x two storey 5-bed detached dwelling and 1 x two storey 6-bed detached dwelling both with habitable roof spaces to include one front and two rear dormers, ancillary outbuildings, associated parking and amenity spaces involving demolition of 2 x semi-detached dwelling houses.",55 - 57 Hall Lane,,UPMINSTER,,RM14 1AG,19/12/2022,04/01/2023,,,0,0,0,0,0,Approved,29/06/2020,,,http://development.havering.gov.uk/OcellaWeb/planningDetails?reference=P0487.20
P2020/0621/FUL,Islington,06/04/2020,Completed,All Other,"Conversion of existing single dwelling house into 1x 4bedroom and 1x 2bedroom self-contained flats to include ground floor rear extension, roof extension and associated alterations.",,54,Axminster Road,London,N7 6BP,09/09/2022,09/09/2022,,,2,1,1,1,1,Approved,09/03/2021,,,
19/05422/FUL,London Borough of Croydon,25/11/2019,Completed,All Other,"Internal reconfiguration to reduce 6 self-contained residential units to 2 self-contained residential units with associated alterations to facades, including enlarging rear ground floor window and installation of rooflights in roofslopes (front and rear).",,17,Melfort Road,,CR7 7RS,31/03/2022,31/03/2023,,,2,6,-4,-4,-4,Approved,24/01/2020,,,
19/04334/FUL,Enfield,20/12/2019,Completed,All Other,Subdivision of site and erection of 1 x 2-bed end-of-terrace single-family dwellinghouse to side.,,81,Leighton Road,,EN1 1XW,01/04/2022,31/03/2023,,,1,0,1,1,1,Approved,13/02/2020,,,
22/03118/ELUD,Bromley Custodian Code,05/08/2022,Completed,All Other,Self-contained 1 bedroom dwelling and its use for 4 years LAWFUL DEVELOPMENT CERTIFICATE (EXISTING),,90,Alexandra Crescent,,BR1 4EX,29/11/2022,29/11/2022,,,1,0,1,1,1,Approved,29/11/2022,,,
22/0840/192,Barnet,18/02/2022,Completed,All Other,Conversion of 2no self-contained flats to single family dwelling,,16,Gillingham Road,Cricklewood,NW2 1RT,13/04/2022,13/04/2022,,,1,2,-1,-1,-1,Approved,13/04/2022,,,
17/03314/FUL,Enfield,08/09/2017,Completed,All Other,"Refurbishment and conversion of former police station into 6 self-contained flats (2 x 1-bed, 2 x 2-bed and 2 x 3-bed) with internal alterations, associated landscaping and parking, together with demolition of front police storage building and erection of a new single storey block to provide cycle and bin storage.",Police Station 687 Green Lanes,,,,N21 3RS,01/04/2022,31/03/2023,,,6,0,6,6,6,Approved,04/05/2020,,,
22/0190/ES191,Richmond upon Thames,25/01/2022,Completed,Prior Approval,An existing dwelling house that has been divided to form two separate dwelling houses.,,6,Gilpin Crescent,,TW2 7BP,12/07/2022,12/07/2022,,,2,1,1,1,1,Approved,12/07/2022,,,
19/00751/FUL,Lambeth,26/03/2019,Completed,All Other,"Demolition of the existing building and erection of a 4 storey (plus roof area) building to provide 6 self-contained flats (1 x 3 beds, 3 x 2 beds and 2 x 1 beds) with a first floor terrace and Juliette balconies, together with provision of cycle/refuse storages, plus amenity area, landscaping and boundary treatment . (Re-submission). (Amended description and Plans)",,43,Ambleside Avenue,,SW16 1QE,10/02/2021,09/06/2022,,,6,1,5,5,5,Approved,11/10/2019,,,
21/P0945,Merton,18/03/2021,Completed,All Other,CONVERSION OF A SINGLE DWELLINGHOUSE INTO 4 X SELF-CONTAINED FLATS INVOLVING ERECTION OF SINGLE STOREY EXTENSIONS TO THE REAR AND ERECTION OF A REAR ROOF DORMER.,,240,Tamworth Lane,Mitcham,,01/09/2021,24/08/2022,,,4,1,3,3,3,Approved,23/08/2021,,,http://planning.merton.gov.uk/Northgate/PlanningExplorer/DisplayAppDetails.aspx?AppNo=21/P0945
4074/20,Redbridge,01/12/2020,Completed,All Other,Loft conversion with rear dormer. Two front rooflights. Alterations to fenestrations. Change of use of first floor from office/storage to residential to create one two-bedroom flat. (summary),Development At 122,,Woodlands Road,,IG1 1JP,24/06/2022,11/02/2023,,,2,0,2,2,2,Approved,02/02/2021,,,
201797FUL,Ealing,07/05/2020,Completed,All Other,Conversion of dwellinghouse into three self-contained residential units; part single storey and part two storey rear extension; and infill side extension on the ground floor,19 Mark Close,,Mark Close,Southall,UB1 3QJ,14/06/2021,21/07/2022,,,3,1,2,2,2,Approved,23/10/2020,,,https://pam.ealing.gov.uk/online-applications/PLAN/201797FUL;
20/03629/FUL,London Borough of Lambeth,22/10/2020,Completed,All Other,"Demolition of existing house and erection of 2 storey plus mansard building to provide 4 flats with associated communal amenity space, refuse and cycle storage and landscaping.",,21,Ambleside Avenue,,SW16 1QE,15/11/2021,30/05/2022,,,4,1,3,3,3,Approved,04/06/2021,,,
204359FUL,Ealing,26/10/2020,Completed,All Other,"Conversion of existing bungalow into two self-contained residential units; single storey side and rear extension; (following demolition of existing garage and rear extension); rear roof extension and installation of three rooflights to front elevation incorporating roofspace accommodation; front infill extension and front porch extension; associated internal and external alterations; and provision of amenity space, cycle and car parking.",50 Lowfield Road,,Lowfield Road,London,W3 0AZ,12/05/2021,27/01/2023,,,2,1,1,1,1,Approved,12/05/2021,,,https://pam.ealing.gov.uk/online-applications/PLAN/204359FUL;
216934FUL,Ealing,13/12/2021,Completed,All Other,Conversion of single dwellinghouse into two self-contained residential units,9 Moat Farm Road,,Moat Farm Road,Northolt,UB5 5DR,07/02/2022,01/08/2022,,,2,1,1,1,1,Approved,25/01/2022,,,https://pam.ealing.gov.uk/online-applications/PLAN/216934FUL;
22/04239/LDCE,London Borough of Lambeth,30/11/2022,Completed,All Other,Application for Certificate of lawfulness with respect to the use of the existing two self-contained flats (Use Class C3) for market housing.,7 Moorland Road London Lambeth SW9 8UA,,,,,25/01/2023,25/01/2023,,,2,2,0,0,0,Approved,25/01/2023,,,
21/07772/FULL,Westminster,03/01/2022,Completed,All Other,Internal alterations to divide the second floor flat (Flat number 7 and 8) to two flats.,Flat 7 And 8,12-18,Hill Street,,W1J 5NH,,01/04/2023,,,2,1,1,1,1,Approved,31/03/2022,,,
22/P3694,Merton,20/12/2022,Completed,All Other,"RETROSPECTIVE PLANNING FOR THE CONVERSION OF SINGLE DWELLINGHOUSE INTO 2 x SELF-CONTAINED FLATS. EXTERNAL ALTERATIONS INCLUDE THE ERECTION OF A STAIRCASE TO THE REAR FROM FIRST FLOOR TO GARDEN, ASSOCIATED REFUSE AND CYCLE STORAGE IN FRONT GARDEN.",,55,Park Avenue,Mitcham,,01/03/2023,01/03/2023,,,2,1,1,1,1,Approved,01/03/2023,,,http://planning.merton.gov.uk/Northgate/PlanningExplorer/DisplayAppDetails.aspx?AppNo=22/P3694
2019/5004/P,Camden,30/09/2019,Completed,All Other,External alterations to rear elevation associated with change of use of ground and lower ground floors from office use (Class B1) to residential (Class C3) to provide 2 x 2 bed and 3 x 1 bed flats.,,37,Gower Street,,WC1E 6HH,30/03/2021,17/10/2022,,,5,0,5,5,5,Approved,29/10/2020,,,https://planningrecords.camden.gov.uk/Northgate/PlanningExplorer/DisplayAppDetails.aspx?AppNo=2019/5004/P
222446FUL,Ealing,20/06/2022,Completed,All Other,Conversion of dwellinghouse into 2 self-contained residential units; facilitated by single storey side extension,17 Eastfields Road,,Eastfields Road,London,W3 0AB,,05/05/2023,,,2,1,1,1,1,Approved,21/10/2022,,,https://pam.ealing.gov.uk/online-applications/PLAN/222446FUL;
HGY/2020/1587,Haringey,11/06/2020,Completed,All Other,"Change of use of existing basement and ground floor surgery into a residential use class and conversion into two self-contained flats, incorporating small infill rear extension.","15, High Road, London, N15 6LT",,,,,,02/06/2022,,,2,0,2,2,2,Approved,24/09/2020,,,https://londonboroughofharingey.force.com/pr/s/planning-application/a0i8d000002GCrUAAW
2020/0906,Hackney,13/03/2020,Completed,All Other,Amalgmation of two flats into a single dwelling.,67 Dunsmure Road Hackney London N16 5PT,67,,,N16 5PT,27/05/2021,10/08/2022,,,1,2,-1,-1,-1,Approved,11/05/2020,,,
J0021.21,Havering,10/06/2021,Commenced,Prior Approval,Application for prior notification of development from Use Class A1 (Shops) to Use Class C3 (Dwellings),4 Park Lane,,Hornchurch,COMPLETED,RM11 1BB,20/07/2022,,,,1,0,1,1,1,Approved,04/08/2021,,,http://development.havering.gov.uk/OcellaWeb/planningDetails?reference=J0021.21
21/AP/0125,London Borough of Southwark,22/01/2021,Completed,All Other,Certificate of lawfulness (proposed) for change of use from C3 (dwellinghouses) to C4 (small houses in multiple occupation) for max 6 people occupancy.,,13,Brewhouse Walk,,SE16 6LD,,04/08/2022,,,1,1,0,0,0,Approved,17/02/2021,,,
215218FUL,Ealing,12/08/2021,Completed,All Other,Conversion of two self-contained flats to single dwellinghouse; single storey rear extension (following demolition of existing store/conservatory),26 Gloucester Road,,Gloucester Road,London,W5 4JA,,01/12/2022,,,1,2,-1,-1,-1,Approved,04/10/2021,,,https://pam.ealing.gov.uk/online-applications/PLAN/215218FUL;
P1198.20,Havering,24/08/2020,Completed,All Other,Erection of single storey 1-bed detached dwelling house with associated parking and amenity space involving demolition of 6 garages,Garages adjacent Electricity Sub Station,,Parsonage Road,,RM13 9LW,09/08/2021,21/10/2022,,,1,0,1,1,1,Approved,05/11/2020,,,http://development.havering.gov.uk/OcellaWeb/planningDetails?reference=P1198.20
20/02369/FULL1,Bromley,05/08/2020,Completed,All Other,"Rear dormer extension and front rooflight, with conversion of resultant roofspace to provide 2 bedrooms and a shower room.",Top Floor Flat,398,Croydon Road,,BR3 4EX,16/03/2023,04/11/2022,,,1,1,0,0,0,Approved,30/09/2020,,,
21/03729/FUL,Lambeth,21/09/2021,Completed,All Other,Change of use of the rear part of the ground floor shop (Use Class A1) into a 1-bed flat (Use Class C3) including the formation of an internal courtyard.,,9,Greyhound Lane,,SW16 5NP,01/04/2022,31/03/2023,,,1,0,1,1,1,Approved,21/03/2022,,,
P1450.20,Havering,06/10/2020,Completed,All Other,"Two storey, 4-bed, detached dwelling with associated parking and amenity space, involving demolition of existing dwelling.",14 Homeway,,Romford,,RM3 0HD,16/09/2021,30/05/2022,,,1,1,0,0,0,Approved,15/12/2020,,,http://development.havering.gov.uk/OcellaWeb/planningDetails?reference=P1450.20
22/1953/GPD26,Richmond upon Thames,01/07/2022,Completed,Prior Approval,Change of use from retail (Class E) to residential (Class C3) to provide one dwelling,,123,Station Road,,TW12 2AL,22/08/2022,07/11/2022,,,1,0,1,1,1,Approved,22/08/2022,,,
215447FUL,Ealing,31/08/2021,Completed,All Other,"Alteration of roof from hip to gable end; rear roof extension; installation of three rooflights to front roof slope; single storey rear extension; installation of new door to front elevation (following removal of single storey side porch); first floor rear extension (to 33 Brent Road); construction of attached two storey residential dwellinghouse with accommodation in the roof space; associated parking, amenity space, refuse and cycle storage (Land Adjacent to 33 A and B Brent Road)",Land Adjacent To,,Brent Road,Southall,UB2 5JY,,01/02/2023,,,1,0,1,1,1,Approved,12/11/2021,,,https://pam.ealing.gov.uk/online-applications/PLAN/215447FUL;
215665FUL,Ealing,15/09/2021,Completed,All Other,"Conversion of single family dwelling into 2no. self-contained flats; associated bin storage, bicycle parking, off-street vehicle parking and private amenity space",16 Ellesmere Road,,Ellesmere Road,Greenford,UB6 9ES,,23/07/2022,,,2,1,1,1,1,Approved,22/11/2021,,,https://pam.ealing.gov.uk/online-applications/PLAN/215665FUL;
18/P1725,Merton,31/05/2018,Completed,All Other,"ERECTION OF A TWO STOREY SIDE EXTENSION TO PROVIDE AN ADDITIONAL TWO BEDROOM DWELLING WITH NEW BOUNDARY FENCE TO TAMWORTH LANE AND A PARKING SPACE, CYCLE STORES AND BIN STORES TO THE REAR. SINGLE STOREY REAR EXTENSION TO THE EXISTING DWELLING AND REMODELLING PARKING AREA TO PROVIDE TWO PARKING SPACES, BIN STORE AND CYCLE STORES.",1,1,Manor Way,Mitcham,CR4 1EG,01/05/2021,01/07/2022,,,1,0,1,1,1,Approved,19/09/2018,,,http://planning.merton.gov.uk/Northgate/PlanningExplorer/DisplayAppDetails.aspx?AppNo=18/P1725
DC/18/106708,Lewisham,16/05/2018,Completed,All Other,"Clearance and demolition of existing buildings on site at 1 Creekside, SE8 and the construction of 56 residential units and 1541 sqm of commercial space (Use Class B1 Business) in a building ranging in height from 4 to 8 storeys, together with access, servicing / yard space, cycle parking, amenity space and refuse provision and associated works.",,,"1 Creekside, London",,SE8 4SA,01/01/2021,28/03/2023,,,56,1,55,55,55,Approved,22/05/2020,,,
HGY/2020/1433,Haringey,09/06/2020,Completed,All Other,"Conversion of single dwelling house into three residential flats, hip to gable roof extension, rear dormer and flat roof extension above outrigger.","616, Green Lanes, London, N8 0SD",,,,,04/04/2022,15/11/2022,,,3,1,2,2,2,Approved,04/08/2020,,,https://londonboroughofharingey.force.com/pr/s/planning-application/a0i8d000002GCqDAAW
19/P3744,Merton,21/10/2019,Completed,All Other,CONVERSION OF SINGLE DWELLING INTO 2 X SELF-CONTAINED FLATS INVOLVING REAR EXTENSIONS AT GROUND FLOOR LEVEL AND ALTERATIONS TO THE REAR ROOF EXTENSION.,,127,Ashbourne Road,Mitcham,,28/08/2020,01/06/2022,,,2,1,1,1,1,Approved,28/02/2020,,,http://planning.merton.gov.uk/Northgate/PlanningExplorer/DisplayAppDetails.aspx?AppNo=19/P3744
20/06048/FULL,Westminster,28/09/2020,Completed,All Other,"Use of the building as six residential flats (use class C3), extension at lower ground floor in front lightwell, installation of replacement windows at ground and lower ground floor rear and side elevations (linked to 20/06049/LBC).",Calpe House 47 Prince's Square London W2 4PX,,,,,01/05/2022,01/04/2023,,,6,7,-1,-1,-1,Approved,10/03/2021,,,
19/AP/7154,London Borough of Southwark,09/12/2019,Completed,All Other,"Conversion of ground floor retail unit [A1 use] and the first and second floor flat to a single three-storey dwellinghouse, demolition of existing ground floor rear extension and elevational alterations",,29,Meeting House Lane,,SE15 2UN,,10/01/2023,,,1,1,0,0,0,Approved,19/02/2020,,,
2020/5726/P,Camden,09/12/2020,Completed,All Other,Change of use from ground floor one bed flat and 1st - 2nd floor 3 bed flat back to single family dwelling including erection of single storey side/rear extension and a loft conversion with 1 No. rear and 1 No. side dormer window and front roof light.,,49,Lady Somerset Road,London,NW5 1TY,01/04/2022,25/01/2023,,,1,2,-1,-1,-1,Approved,18/02/2021,,,https://planningrecords.camden.gov.uk/Northgate/PlanningExplorer/DisplayAppDetails.aspx?AppNo=2020/5726/P
21/00221/FUL,London Borough of Newham,03/02/2021,Completed,All Other,"Subdivision to create 2 x 3 bed dwelling houses, with alterations including erection of ground and first floor rear extensions, garage conversion to habitable accommodation, erection of roof extension and rear dormers, and installation of rooflights to the front. (Revised drawings).",,64,Roman Road,East Ham,E6 3SR,,31/03/2023,,,1,0,1,1,1,Approved,02/06/2021,,,
19/04913/FUL,London Borough of Croydon,16/10/2019,Completed,All Other,"Proposed conversion of existing dwelling into two flats (1x3, 1x2 bedroom flats) with associated landscaping, cycle and bin storage",,170,Melfort Road,,CR7 7RQ,01/04/2022,31/03/2023,,,2,1,1,1,1,Approved,11/12/2019,,,
201188,Waltham Forest,20/04/2020,Completed,All Other,Lawful Development Certificate (Existing)-Use of property as two residential units (1x3 bed unit at front ground and first floor level and 1x1 bed unit at rear ground floor level).,"40 Nutfield Road, Stratford, London, E15 2DG",,,,,01/04/2022,27/07/2022,,,2,1,1,1,1,Approved,15/06/2020,,,
2022/01658/CLE,London Borough of Hammersmith and Fulham,13/06/2022,Completed,All Other,Continued use of the existing property as 9no. self-contained flats.,,106,Edith Road,,W14 9AP,08/09/2022,08/09/2022,,,9,0,9,9,9,Approved,08/09/2022,,,
16/2306/FUL,Richmond upon Thames,09/06/2016,Completed,All Other,"Conversion of the building into one family house, plus an additional apartment at basement level to the front.",,112,Richmond Hill,,,14/01/2019,01/06/2022,,,2,5,-3,-3,-3,Approved,17/08/2016,,,
0980/20,Redbridge,24/04/2020,Completed,All Other,"Two storey rear extension at no. 49 Westernville Gardens. Erection of one 3 x bedroom house with associated car parking, refuse and amenity space. (Summary).",Development Site At 49,49,Westernville Gardens,Ilford,,17/06/2021,15/07/2022,,,1,0,1,1,1,Approved,26/06/2020,,,
19/02499/FUL,London Borough of Newham,29/09/2019,Completed,All Other,Demolition of existing garage at front elevation and construction of a three storey building to comprise of 4no. Flats.,,109A,Earlham Grove,Forest Gate,E7 9AN,,31/03/2023,,,4,0,4,4,4,Approved,21/11/2019,,,
P1916.18,Havering,05/03/2019,Completed,All Other,"Variation of condition 2 (approved plans) of planning application P1541.17 (The erection of 5 dwelling houses). Amendments applied for: - Changing the previously-approved 4-bedroom dwelling (House Type 1 (Plot 1)) to two self-contained flats; one 1-bedroom and one 3-bedroom flat. - Amend the design of House Type 1 (Plot 1) by raising the ridge height of the roof, a hip-to-gable enlargement to the roof, installation of windows [rooflights] in the roof, and minor alterations to the fenestration design.",,,1 Albert Road,,RM1 2PD,07/02/2023,07/02/2023,,,5,0,5,0,5,Approved,10/08/2020,,,
20/02304/FUL,Lambeth,17/09/2020,Commenced,All Other,"Demolition of the garages and the shed and replacement of the existing single dwelling house with a two storey single dwelling house, including the provision of 2 car parking spaces and cycle/refuse stores.",,18,Dorchester Drive,,SE24 0DQ,01/09/2022,,,,1,1,0,0,-1,Approved,19/02/2021,,,
21/04700/FULL1,Bromley,24/09/2021,Completed,All Other,"Single storey side and rear extension to facilitate the conversion into 2 x 3 bed self-contained units, together with provision of private amenity space, refuse and cycle storage, and off-street parking",,18,Elmers End Road,Penge,SE20 7SN,30/05/2022,05/04/2023,,,2,1,1,1,1,Approved,08/03/2022,,,
DM2019/01651,London Borough of Sutton,09/10/2019,Completed,All Other,"Conversion of the existing public house into 4 self-contained residential units and erection of 4 part one, part two storey semi-detached dwellings accessed from Hilldale Road together with associated hard and soft landscaping, provision of car parking, and erection of a detached single storey cycle and refuse storage structure.",The Plough 155 Gander Green Lane Sutton SM1 2EZ,,Gander Green Lane,,SM1 2EZ,20/07/2021,01/04/2023,,,8,0,8,8,8,Approved,19/12/2019,,,
19/01707/CLU_E,Barking & Dagenham,06/11/2019,Completed,All Other,Application for a certificate of lawfulness for an existing development: Retention of 1 x 1 Bedroom Flat and 3 Studio Flats.,47,,Thornhill Gardens,,IG11 9TX,01/04/2022,19/10/2022,,,4,1,3,3,3,Approved,18/03/2020,,,
19/P1298,Merton,11/04/2019,Completed,All Other,"DEMOLITION OF EXISTING TWO DWELLINGS. ERECTION OF 6 x THREE BEDROOM TERRACED HOUSES SPLIT INTO TWO SEPERATE BUILDINGS. SORROUNDING SITE TO BE LANDSCAPED AND CREATION OF AMENITY AREAS, PARKING AND CYCLE STORAGE.",Former,7,Rural Way,London,SW16 6PF,01/12/2021,31/03/2023,,,6,2,4,4,4,Refused,16/08/2019,,,http://planning.merton.gov.uk/Northgate/PlanningExplorer/DisplayAppDetails.aspx?AppNo=19/P1298
11982/APP/2020/1576,Hillingdon,21/05/2020,Completed,All Other,"Two storey side extension to form 2 x 2-bed self contained dwellings, extension to cycle and bin store and associated works",CRIMSON COURT,1390,UXBRIDGE ROAD,,UB10 ONE,26/02/2021,21/04/2022,,,2,0,2,2,2,Approved,02/10/2020,,,http://planning.hillingdon.gov.uk/OcellaWeb/planningDetails?reference=11982/APP/2020/1576
21/2391/FUL,Richmond upon Thames,01/07/2021,Completed,All Other,"Erection of a single storey rear extension comprising lower of ground level, removal of glazed extension at ground floor level, rear dormer roof extension, 2 rooflights to front roof slope, cycle and refuse stores and hard and soft landscaping to facilitate the conversion of two flats to a single dwelling.",,24,Cambrian Road,,TW10 6JQ,01/03/2022,31/03/2023,,,1,2,-1,-1,-1,Approved,13/10/2021,,,
73060/APP/2019/3460,Hillingdon,21/10/2019,Completed,All Other,"Erection of a New 5 Bedroom Dwelling Following Demolition of the Existing Dwelling, Alterations to Existing Access Arrangements, including New Boundary wall and Entrance Gates.",19 THE BROADWALK,19,The Broadwalk,,HA6 2XF,04/05/2020,31/05/2022,,,1,1,0,0,0,Approved,24/12/2019,,,http://planning.hillingdon.gov.uk/OcellaWeb/planningDetails?reference=73060/APP/2019/3460
214862FUL,Ealing,20/07/2021,Completed,All Other,Conversion of upper floor office space into 2 self-contained residential units and associated external alterations; Rear roof extension,51 Broadway,,Broadway,London,W13 9BP,,01/04/2023,,,2,0,2,2,2,Approved,26/10/2021,,,https://pam.ealing.gov.uk/online-applications/PLAN/214862FUL;
201728,Waltham Forest,10/06/2020,Completed,Prior Approval,"Prior Approval - Change of use from betting office (Class Sui Generis)to 1 x 2 bedroom flat (Class C3). Associated works including demolition of side extension and construction of replacement single storey rear extension. Installation of new windows to ground floor rear elevation, front and side boundary railings, metal balustrade to first floor rear elevation and replacement of side access double gates. Alterations to shop front including removal of fascias and roller shutters.","71 Grove Road, Walthamstow, London, E17 9BU",,,,,08/11/2021,31/01/2023,,,1,0,1,1,1,Approved,05/08/2020,,,
20/02330/FUL,London Borough of Croydon,03/06/2020,Completed,All Other,"Change of use from A1(retail) to part D2 (gym) and part C3 (6 flats) single storey infill extension and minor external alterations including the enlargement of existing windows and creation of new windows with associated amenity space, parking and refuse store.",2 - 10 Fairview Road Norbury London SW16 5PY,,,,,31/10/2022,31/10/2022,,,6,0,6,6,6,Refused,28/07/2020,,,
DM2020/02156,London Borough of Sutton,08/01/2021,Completed,All Other,Change of use of first/second floor flat from use class C3 (residential) to use class E (dental practice).,,26B,Ruskin Road,,SM5 3DE,01/04/2022,01/08/2022,,,0,1,-1,-1,-1,Approved,24/02/2021,,,
193404,Waltham Forest,26/11/2019,Completed,All Other,Demolition of existing garages and construction of two storey buildingwith dormer roof extension to create 1 x 4 bedroom dwellinghouse. Associated work to include removal of drop kerb and vehicle crossover to allow footpath to be reinstated; cycle/ refuse & recycling storage,"42 Salisbury Road, Walthamstow, London, E17 9JW",,,,,04/02/2022,17/11/2022,,,1,0,1,1,1,Approved,22/07/2020,,,
20/05478/FULL,Westminster,09/09/2020,Completed,All Other,Use of first and second floors as two self-contained studio flats (Use Class C3).,,95A,Boundary Road,,NW8 0RG,01/04/2022,10/01/2023,,,2,0,2,2,2,Approved,04/11/2020,,,
20/AP/3676,London Borough of Southwark,15/12/2020,Completed,All Other,Certificate of lawful development (proposed) for change of use from C3 (single residential) to C4 (small HMO) with internal alterations only.,,48,Leontine Close,,SE15 1UH,,05/05/2022,,,1,1,0,0,0,Approved,10/02/2021,,,
0152/23,Redbridge,,Completed,All Other,Use as two self-contained flats. (Summary),6A and 6B,,Caledonian Close,,,13/03/2023,13/03/2023,,,2,1,1,1,1,Approved,13/03/2023,,,
3495/22,Redbridge,23/11/2022,Completed,All Other,Use as supported living (C3b). (Summary).,,116,Primrose Avenue,Chadwell Heath,RM6 4PR,12/01/2023,12/01/2023,,,1,1,0,0,0,Approved,12/01/2023,,,
20/P2548,Merton,24/08/2020,Completed,All Other,CONVERSION OF A SINGLE RESIDENTIAL DWELLING INTO 2 SELF CONTAINED-FLATS. ERECTION OF A GROUND FLOOR REAR EXTENSION AND ERECTION OF A REAR ROOF EXTENSION.,Flat 1,38,Ashbourne Road,Mitcham,CR4 2BA,01/05/2021,01/05/2022,,,2,1,1,1,1,Approved,25/03/2021,,,http://planning.merton.gov.uk/Northgate/PlanningExplorer/DisplayAppDetails.aspx?AppNo=20/P2548
DM2019/01251,Sutton,02/08/2019,Completed,All Other,"Demolition of 22 garages and erection of four two-storey semi-detached dwelling houses (4 x 2-bed), provision of 4 car parking spaces, erection of four additional garages and new hard and soft landscape works.",Garage Block At,,Radcliffe Gardens,,,11/02/2021,02/12/2022,,,4,0,4,4,4,Approved,17/12/2019,,,
210428,Waltham Forest,23/02/2021,Completed,Prior Approval,"Prior approval for the construction of a roof extension to a detached block of flats to create a new third floor providing 6 x 1 bed, 2 x 2 bed and 1 x 3 bed self-contained flats (Class C3).","Cannock Court, 3 Hawker Place,",,,,,27/10/2020,21/02/2023,,,9,0,9,9,9,Approved,08/04/2021,,,
HGY/2019/2979,Haringey,23/10/2019,Completed,All Other,"Creation of additional third floor roof extension to provide 1 x 2 bedroom self contained flat and refurbishments to the existing building with amenity spaces, parking & landscaping.","Lois Court, 5, Shelbourne Road, London, N17 0JZ",5,,,,04/01/2020,10/09/2022,,,1,0,1,1,1,Approved,09/01/2020,,,https://londonboroughofharingey.force.com/pr/s/planning-application/a0i8d000002GI19AAG
21/3975/GPD26,Richmond upon Thames,21/11/2021,Completed,Prior Approval,"Change of use of part ground floor and all of first floor at 14 Eton Street from commercial, business and service (Class E) to residential (Class C3) to provide 1 no. studio flat",,14,Eton Street,,TW9 1EE,20/09/2022,14/03/2023,,,1,0,1,1,1,Approved,10/01/2022,,,
19/04909/FULL1,Bromley,18/11/2019,Completed,All Other,Demolition of existing garage and erection of a detached two storey 4 bedroom dwelling with integral garage on land adjacent to 10 Stock Hill.,,110,Main Road,,TN16 3AY,12/04/2022,13/12/2022,,,1,0,1,1,1,Approved,21/09/2020,,,
230161CPE,Ealing,20/01/2023,Completed,All Other,Conversion of garage into habitable room in each one of the 6 identical houses (Lawful Development Certificate for an Existing Development),1-6 Essex Park Mews,,Essex Park Mews,London,W3 7RJ,23/02/2023,23/02/2023,,,6,6,0,0,0,Approved,23/02/2023,,,https://pam.ealing.gov.uk/online-applications/PLAN/230161CPE;
22/04772/LE,London Borough of Croydon,15/11/2022,Completed,All Other,Use of the building as 2 self-contained flats (4 year established use),,211,Gloucester Road,,CR0 2DW,10/01/2023,10/01/2023,,,2,1,1,1,1,Approved,10/01/2023,,,
2021/2571/P,Camden,24/05/2021,Completed,All Other,Amalgamation of two flats into a single family dwellinghouse; erection of a single storey rear extension; erection of a rear roof extension; installation of front and rear rooflights; alterations to front boundary wall,,6,Narcissus Road,,NW6 1TH,01/04/2022,16/12/2022,,,1,2,-1,-1,-1,Approved,21/10/2021,,,https://planningrecords.camden.gov.uk/Northgate/PlanningExplorer/DisplayAppDetails.aspx?AppNo=2021/2571/P
185432FUL,Ealing,24/11/2018,Completed,All Other,Construction of a single storey detached three bed four person dwellinghouse in rear garden; with associated amenity space; car parking space; cycle and refuse storage,9 Braid Avenue,9,Braid Avenue,London,W3 7TU,24/01/2021,27/06/2022,,,1,0,1,1,1,Approved,31/07/2019,,,https://pam.ealing.gov.uk/online-applications/PLAN/185432FUL;
21/P0977,Merton,05/04/2021,Completed,All Other,"INTERNAL REMODELLING WORKS AND ERECTION OF PART FIRST AND SECOND FLOOR LEVEL REAR EXTENSIONS, INSERTION OF 4X NEW WINDOWS ON THE NORTHERN ELEVATION AND 1X NEW RECESSED BALCONY ON THE SOUTHERN ELEVATION; PROPOSED WORKS TO FACILITATE THE CREATION OF 1X 3B UNIT ON THE UPPER LEVEL.",Flat 1,251A,Langdale Avenue,Mitcham,CR4 4AE,28/12/2021,01/06/2022,,,1,0,1,1,1,Approved,25/06/2021,,,http://planning.merton.gov.uk/Northgate/PlanningExplorer/DisplayAppDetails.aspx?AppNo=21/P0977
2020/0812,Hackney,06/08/2020,Completed,All Other,Lawful use of the property as a residential unit (not live work).,"Flat B, 126 Northwold Road Hackney London E5 8RA",126,,,E5 8RA,21/06/2021,09/06/2022,,,1,1,0,0,0,Approved,30/09/2020,,,
211670,Waltham Forest,28/05/2021,Completed,All Other,Lawful Development Existing - Retention of use as 4 persons House of Multiple Occupation (HMO) comprising of 4 bedrooms (Use Class C4/Sui Generis).,"9 Crawley Road, Leyton, London, E10 6RJ",,,,,22/08/2021,29/09/2022,,,1,0,1,1,1,Approved,22/07/2021,,,
4927/APP/2022/3657,Hillingdon,02/12/2022,Completed,All Other,Erection of a 5bed detached dwellinghouse (Application for a Certificate of Lawful Development for an Existing Development),4 THE COVERT,,NORTHWOOD,,,30/01/2023,30/01/2023,,,1,0,1,1,1,Approved,30/01/2023,,,http://planning.hillingdon.gov.uk/OcellaWeb/planningDetails?reference=4927/APP/2022/3657
19/3419/FUL,Richmond upon Thames,13/11/2019,Completed,All Other,"Demolition of existing dwellinghouse and erection of detached two storey dwellinghouse, associated hard and soft landscaping",,8,Sandy Lane,,TW10 7EN,,15/01/2023,,,1,1,0,0,0,Approved,11/03/2020,,,
21/02780/FUL,Enfield,16/07/2021,Completed,All Other,"Conversion of a single family dwelling house into 3 self-contained flats with associated refuse and cycle storage, together with installation of 3 solar panels.",,182,Southbury Road,,EN1 1YG,01/04/2022,31/03/2023,,,3,1,2,2,2,Approved,24/09/2021,,,
16/02994/P,Croydon,13/06/2016,Commenced,All Other,"Demolition of existing buildings on two sites; erection of 3 to17 storey building with basements comprising 114 flats, community and church space and a retail unit on Island Site and a 3 to 8 storey building comprising 106 flats on south site and public r",Purley Baptist Church And Hall,Purley Baptist Church And Hall,Banstead Road,,CR8,01/04/2021,,,,220,1,219,219,105,Approved,09/07/2020,,,
20/P2366,Merton,27/07/2020,Completed,All Other,"CHANGE OF USE OF UNIT 5 TO DWELLING, NEW DORMER EXTENSION TO REAR ROOF SLOPE OF UNIT 5, ALTERATIONS TO FRONT GROUND FLOOR ELEVATION TO UNIT 5, PROVISION OF BIN AND CYLE STORAGE WITHIN PART OF UNIT 1, ACCESSED VIA EXISTING DOORWAY",,5,Park Avenue Mews,Mitcham,CR4 2FG,01/10/2021,01/10/2022,,,1,0,1,1,1,Approved,03/12/2020,,,http://planning.merton.gov.uk/Northgate/PlanningExplorer/DisplayAppDetails.aspx?AppNo=20/P2366
221627FUL,Ealing,11/04/2022,Completed,All Other,"Conversion of the existing property into two self-contained residential units and provision of associated cycle storage, refuse storage facilities and amenity space; alongside external alterations",19 Chalfont Way,,Chalfont Way,London,W13 9XN,27/01/2022,09/11/2022,,,2,1,1,1,1,Approved,26/08/2022,,,https://pam.ealing.gov.uk/online-applications/PLAN/221627FUL;
P2019/3786/FUL,Islington,20/12/2019,Completed,All Other,Erection of a single storey building with basement level below with front and rear lightwells (following demolition of the existing single storey garage) to allow for the creation of one self-contained residential unit (1 no. 3 bed) (at No. 14 Northampton Park) . Modifications to boundary wall between no. 12 and 14 Northampton Park. (Listed Building Consent Ref: P2020/0044 also submitted).,,14,Northampton Park,London,N1 2PJ,08/09/2022,08/09/2022,,,1,0,1,1,1,Approved,19/06/2020,,,
21/3971/GPD26,Richmond upon Thames,25/11/2021,Completed,Prior Approval,Conversion from restaurant use class E (B) (formerly A3) to 4 x self contained residential units,,117,London Road,,TW1 1EE,01/03/2022,14/12/2022,,,4,0,4,4,4,Approved,20/01/2022,,,
21/P1233,Merton,26/03/2021,Completed,All Other,"ERECTION OF 2 x 2 BEDROOM DWELLINGHOUSES AT THE REAR SECTION OF LAND AT 35 FLORENCE AVENUE, MORDEN. ALONG WITH ASSOCIATED PARKING, EXTERNAL PLANT, REFUSE AND CYCLE STORAGE, AND LANDSCAPING.",Frances House,35B,Florence Avenue,Morden,SM4 6EX,06/06/2022,17/10/2022,,,2,0,2,2,2,Approved,30/07/2021,,,http://planning.merton.gov.uk/Northgate/PlanningExplorer/DisplayAppDetails.aspx?AppNo=21/P1233
33323/APP/2020/4196,Hillingdon,24/12/2020,Completed,All Other,"First floor rear extension and conversion of existing dwelling to 2 x 2 bed self-contained flats with associated bin storage, bicycle parking, parking and amenity space",,40,KEITH ROAD,HAYES,UB3 4HP,26/09/2022,06/03/2023,,,2,1,1,1,1,Approved,16/02/2021,,,http://planning.hillingdon.gov.uk/OcellaWeb/planningDetails?reference=33323/APP/2020/4196
2877/22,Redbridge,31/08/2022,Completed,All Other,Use as small HMO for up to 6 people. (summary),"76, Wanstead Lane, Ilford, IG1 3SE",76,Wanstead Lane,,IG1 3SE,26/09/2022,26/09/2022,,,1,1,0,0,0,Approved,26/09/2022,,,
21/01135/AXRPA,Bromley,08/03/2021,Completed,Prior Approval,"Change of use of basement and ground floors from retail (Class E) to residential (Class C3) to provide 1 x studio flat on basement and ground floor (56 day application under Class M, Part 3, Schedule 2 of the General Permitted Development Order, 2015 (as amended) for prior approval with regards to transport and highways impacts, flooding risk, contamination risks, impact of the change of use on services, external appearance of the building and provision of adequate natural light to habitable rooms)",,149,Anerley Road,Penge,SE20 8EF,11/04/2024,09/06/2022,,,1,0,1,1,1,Approved,07/05/2021,,,
19/03687/PA,Lambeth,30/09/2019,Completed,Prior Approval,"Prior Approval for change of use and conversion of the buildings from Light Industrial (Use Class B1(C) to Dwellinghouses (Use Class C3) to create 6 no. one bedroom flats within the existing buildings. (To Units 2, 3, 4 and 5).",Garages Rear Of 1 To 7,,Penistone Road,,,01/03/2022,31/03/2023,,,6,0,6,6,6,Approved,21/11/2019,,,
18/04902/REM,Lambeth,,Completed,All Other,"Application for approval of reserved matters with respect to the appearance, landscaping, layout and scale pursuant to conditions 2 (Reserved Matters) and 11 (Hard and Soft landscaping scheme) of Planning Permission ref: 16/01650/OUT (Outline application for the erection of new mixed use part 4-, part 5-storey building to provide replacement tennis club with two floodlit tennis courts, two indoor squash courts and club facilities on ground floor and basement, including ancillary café and hall, with 32 market and affordable (14x 1bed, 12x 2bed and 6x 3bed) dwellings (following demolition of existing tennis club buildings). All matters reserved except access. The proposed development does not accord with the provisions of the development plan in force in the area in which the land to which the application relates is situated. The proposed development is a departure from Policy EN1 of the Lambeth Local Plan (2015) granted on 12.01.2018. [REVISED PLANS]",,"West Norwood Lawn Tennis Club, 128",Knight's Hill,,SE27 0SR,17/02/2020,24/02/2023,,,32,0,32,32,32,Approved,14/11/2019,,,
P2020/0943/FUL,Islington,02/04/2020,Completed,All Other,"Change of use from two flats to single family dwelling, erection of rear extension at ground floor and basement level including additional excavation at basement rear, alterations to rear elevation fenestration, and enlargement of existing roof extension. Refurbishment and conversion of outbuilding to provide habitable space.",,75,Northchurch Road,London,,09/09/2022,09/09/2022,,,1,2,-1,-1,-1,Approved,27/05/2020,,,
23/00428/CLEUD,Westminster,24/01/2023,Completed,All Other,Use of the basement and ground floor as a three bedroom flat and the first and second floor as a two-bedroom flat.,,11,Churton Place,,SW1V 2LN,21/02/2023,21/02/2023,,,2,1,1,1,1,Approved,21/02/2023,,,
221468FUL,Ealing,07/04/2022,Completed,All Other,"Construction of a single storey side extension comprising one self-contained unit with associated parking, private amenity space, refuse and cycle storage to side/rear of existing site; alteration to front, side and rear of property involving hard and soft landscaping; installation of associated parking, private amenity space, refuse and cycle storage to existing two self-contained units",62 Iveagh Avenue,,Iveagh Avenue,London,NW10 7DH,,20/03/2023,,,1,0,1,1,1,Approved,08/06/2022,,,https://pam.ealing.gov.uk/online-applications/PLAN/221468FUL;
21/03829/FUL,Lambeth,30/09/2021,Completed,All Other,"Demolition of the existing building and erection of a part 2, and part 3-storey building to provide four residential units and the provision of refuse and cycle store and communal amenity space.","New Park Court, 1A Porters Lodge",,Brixton Hill,,SW2 1HS,30/06/2022,14/06/2023,,,4,2,2,2,2,Approved,21/02/2022,,,
P1252.21,Havering,24/06/2021,Completed,All Other,The erection of a single storey extension and the subdivision of the plot to create an additional 2-bed dwelling with associated parking and amenity space.,2 Heather Close,,,,RM1 4PD,01/03/2022,27/10/2022,,,2,0,2,2,2,Approved,19/08/2021,,,http://development.havering.gov.uk/OcellaWeb/planningDetails?reference=P1252.21
P2015/3050/FUL,Islington,05/08/2015,Completed,All Other,"Demolition of a four-storey residential building and a two-storey community building (D1 Use Class) and 5 garages. Construction of a part four, five and six storey mixed use building comprising 25 residential units (7 x 1 Bed units, 16 x 2 bed units and 2 x 3 bed units), a community centre (D1 Use Class) and a flexible A1/A3/D1 unit and provision of play space and landscaping works.",Charles Simmons House,,Margery Street,London,,28/11/2018,09/03/2023,,,25,16,9,9,9,Approved,16/12/2015,,,
2022/2973,Hackney,08/12/2022,Completed,All Other,"Lawful development certificate (existing) to confirm the use of the flat at 5, 5 Drysdale Street N1 6ND for residential purposes (C3) for a period exceeding 4 years together with the erection of balcony over 4 years from the date of the application.",,"5, 5",DRYSDALE STREET,HACKNEY,N1 6ND,01/04/2023,01/04/2023,,,1,0,1,1,1,Approved,25/01/2023,,,/planning/index.html?fa=getApplication&id=75148
22/AP/0989,London Borough of Southwark,16/03/2022,Completed,All Other,Certificate of lawful development (existing) for use of the property as residential (from previous live/work use).,Flat 5Fossil Court217 Long LaneLondonSouthwarkSE1 4PA,,,,,,15/06/2022,,,1,1,0,0,0,Approved,15/06/2022,,,
22/03199/ELUD,Bromley Custodian Code,12/08/2022,Completed,All Other,Use of the dwellinghouse by not more than three residents as a house in multiple occupation as defined by section 254(2) of the Housing Act 2004 (use class C4) EXISTING LAWFUL DEVELOPMENT CERTIFICATE,,246,Mottingham Road,Mottingham,SE9 4SZ,25/11/2022,25/11/2022,,,1,1,0,0,0,Approved,25/11/2022,,,
2022/4696,Wandsworth,29/11/2022,Completed,All Other,"Alterations include the erection of single-storey rear extension in connection with the conversion of the property into 1 x 3-bedroom and 1 x 4-bedroom flats with associated landscaping, cycle and refuse storage.",,221,Mitcham Lane,London,SW16 6PS,,01/04/2023,,,2,1,1,1,1,Approved,24/01/2023,,,http://planning.wandsworth.gov.uk/Northgate/PlanningExplorer/DisplayAppDetails.aspx?AppNo=2022/4696
DM2019/02135,London Borough of Sutton,06/01/2020,Completed,All Other,Demolition of existing garage and erection of a detached single storey house with basement. Formation of a new crossover to allow access from Gomshall Avenue with parking to the front and provision of refuse and cycle storage areas.,R/o 101 Godalming Avenue Wallington SM6 8NT,,Godalming Avenue,,,14/04/2021,09/12/2022,,,1,0,1,1,1,Approved,05/03/2020,,,
2019/00621/FUL,London Borough of Hammersmith and Fulham,28/02/2019,Completed,All Other,"Erection of an additional floor at roof level and erection of a rear extension at second floor level, on top of the existing back addition in connection with the creation of 1 x 1 bedroom self-contained flat (Class C3).",,202,Blythe Road,,W14 0HH,01/04/2021,29/07/2022,,,5,4,1,1,1,Approved,07/05/2019,,,
21/2400/GPD15,Richmond upon Thames,05/07/2021,Completed,Prior Approval,Change of use of first floor from B1(a)(Offices) to C3 (residential) use to provide 2 x 1 bed flats,,95,South Worple Way,East Sheen,SW14 8ND,01/02/2022,01/08/2022,,,2,0,2,2,2,Approved,25/08/2021,,,
21/01963/COU,London Borough of Newham,21/09/2021,Completed,All Other,Change of use of the property to parental support centre (Sui Generis),,3,Cabot Way,East Ham,E6 1QS,,31/03/2023,,,0,1,-1,-1,-1,Approved,26/11/2021,,,
22/02673/LDCE,London Borough of Lambeth,25/07/2022,Completed,All Other,Application for a Certificate of Lawful Development (Existing) with respect to use as a self-contained residential unit (Use Class C3).,150 Edgeley Road London Lambeth SW4 6HB,,,,,20/09/2022,20/09/2022,,,1,0,1,1,1,Approved,20/09/2022,,,
19/P0829,Merton,21/02/2019,Completed,All Other,DEMOLITION OF GARAGE AND ERECTION OF A DETACHED 4 BED DWELLINGHOUSE,2,2B,Abbotts Road,Mitcham,CR4 1JP,10/08/2020,23/05/2022,,,1,0,1,1,1,Approved,09/05/2019,,,http://planning.merton.gov.uk/Northgate/PlanningExplorer/DisplayAppDetails.aspx?AppNo=19/P0829
20/00235/FUL,Enfield,22/01/2020,Completed,All Other,"Erection of a part single, part two storey side/rear extension to facilitate a change from a 1 x 1 bed to a 1 x 2 bed dwelling.",,2A,Green Dragon Lane,,N21 2LD,01/04/2022,31/03/2023,,,1,1,0,0,0,Refused,18/03/2020,,,
73172/APP/2019/3371,Hillingdon,11/10/2019,Completed,All Other,"Two x 2-storey semi-detached, 2-bed dwellings with parking and amenity space and enlargement of vehicular crossover to front, involving demolition of existing bungalow (Resubmission)",GROVE BAY,Grove Bay,GROVE LANE,,UB8 3RG,13/12/2021,18/08/2022,,,2,1,1,1,1,Approved,06/12/2019,,,http://planning.hillingdon.gov.uk/OcellaWeb/planningDetails?reference=73172/APP/2019/3371
2022/01821/CLE,London Borough of Hammersmith and Fulham,27/06/2022,Completed,All Other,Continued use of the ground floor as a one bedroom self-contained flat.,Flat 1,17,Armadale Road,,SW6 1JL,19/08/2022,19/08/2022,,,1,0,1,1,1,Approved,19/08/2022,,,
20/AP/0580,London Borough of Southwark,21/02/2020,Completed,Prior Approval,Prior approval notification for the change of use of a vacant ground floor retail unit (A1) to a studio flat (C3),207 Lordship LaneLondonSouthwarkSE22 8HA,,,,,,22/04/2022,,,1,0,1,1,1,Approved,17/04/2020,,,
2022/4763,Wandsworth,23/11/2022,Completed,Prior Approval,Determination as to whether prior approval is required for change of use from retail (Class E) to 1 x 1-bedroom flat(Class C3).,,30,Trinity Road,,SW17 7RE,31/12/2022,31/03/2023,,,1,0,1,1,1,Approved,12/01/2023,,,http://planning.wandsworth.gov.uk/Northgate/PlanningExplorer/DisplayAppDetails.aspx?AppNo=2022/4763
213324OPDFUL,Ealing,16/04/2021,Completed,All Other,Conversion of existing house into two self-contained flats; Single storey rear/side (part infill) extension; first floor part rear extension; and part rear roof extension to rear outrigger roof slope,61 Wells House Road,,Wells House Road,London,NW10 6ED,10/06/2021,08/04/2022,,,2,1,1,1,1,Approved,10/06/2021,,,https://pam.ealing.gov.uk/online-applications/PLAN/213324OPDFUL;
20/00023/FUL,Enfield,13/01/2020,Completed,All Other,"Sub-division of site and erection of an end of terrace 2-storey dwelling house involving 2-storey side and rear extension, single storey rear extension together with rear dormer with front and side rooflight and conversion of garage into a habitable room involving alterations to front elevation together with widening of existing vehicular access.",,2,Wilmer Way,,N14 7JB,01/04/2022,31/03/2023,,,2,1,1,1,1,Approved,26/06/2020,,,
22/AP/3482,London Borough of Southwark,07/10/2022,Completed,All Other,Certificate of Lawfulness (existing) for use as a residential dwelling (C3 use class),Lagare Apartments,"51, 14",Surrey Row,,SE1 0BZ,,14/11/2022,,,1,0,1,1,1,Approved,14/11/2022,,,
21/03193/FULL,Westminster,14/05/2021,Completed,All Other,Dual/ alternative use of the first floor for either office (Class E) or continued residential (Class C3) use comprising of 1 x 1 bedroom flat with associated internal alterations.,,32,Berwick Street,,W1F 8RL,08/07/2021,30/11/2022,,,1,0,1,1,1,Approved,08/07/2021,,,
21/01283/FUL,London Borough of Newham,02/06/2021,Completed,All Other,"Change of use of first, second and third floor from office (Use Class E(c)(i) and (ii)) to Use Class C3 to form 1No. 1bedroom 1person and 1No. 1bedroom 2persons flats including loft conversion with rear dormer and two velux windows to the front. Retain ground floor as office (Use Class E(c)(i) and (ii)) and construction of single storey rear extension to enlarge office area.",,15,Plashet Grove,East Ham,E6 1AQ,,31/03/2023,,,2,0,2,2,2,Approved,20/08/2021,,,
19/05306/FULL1,Bromley,19/12/2019,Completed,All Other,"Demolition of existing dwelling and erection of detached dwelling of two storey, four bedroom design including integral garage and associated landscaping (revised application following the refusal of application DC/19/03588/FULL1)",,16,Forest Drive,,BR2 6EF,02/02/2021,11/07/2022,,,2,1,1,1,1,Approved,01/04/2020,,,
23/0349/ES191,Richmond upon Thames,08/02/2023,Completed,Prior Approval,Certificate of lawfulness existing for use of first floor as 2 self-contained flats.,,70A,White Hart Lane,Barnes,SW13 0PZ,30/03/2023,30/03/2023,,,2,1,1,1,1,Approved,30/03/2023,,,
20/3047/FUL,London Borough of Barnet,07/07/2020,Completed,All Other,"Erection of a part single, part two storey side and rear extension, front porch and conversion of the property into 3 self-contained units. Associated amenity space, refuse storage, cycle parking and off-street car parking (AMENDED PLANS AND DESCRIPTION)",,83,Finchley Lane,Hendon,NW4 1BY,,18/11/2022,,,3,1,2,2,2,Approved,03/02/2021,,,
21/00814/FULL,London Borough of Barking and Dagenham,03/05/2021,Completed,All Other,Conversion of existing dwelling into two (3x bedroom flats) with the construction of a rear dormer extension including two roof lights to the front to facilitate conversion of roof space into habitable accommodation.,,113,WILMINGTON GARDENS,,IG11 9TR,01/04/2022,01/06/2022,,,2,0,2,2,2,Refused,28/06/2021,,,/planning/index.html?fa=getApplication&id=27887
21/P0319,Merton,18/01/2021,Completed,All Other,CONVERSION OF SINGLE DWELLINGHOUSE INTO 2 X SELF-CONTAINED FLATS,,168,Links Road,London,,01/05/2021,20/09/2022,,,2,1,1,1,1,Approved,07/09/2021,,,http://planning.merton.gov.uk/Northgate/PlanningExplorer/DisplayAppDetails.aspx?AppNo=21/P0319
DC/18/109959,Lewisham,,Completed,Prior Approval,"Prior Approval in respect of the change of use of the first floor of 167 Lee High Road, SE13 from offices (Use Class B1a) to residential (Use Class C3) in the form of a two bed flat.",,167,LEE HIGH ROAD,,SE13 5P,01/04/2023,01/04/2023,,,1,0,1,1,1,Approved,28/01/2019,,,
22/6051/191,Barnet,21/12/2022,Completed,All Other,Use of ground floor as 3no. self-contained flats,"135A, 135B And 135C Friern Barnet Road London",,,,N11 3DX,30/03/2023,30/03/2023,,,3,0,3,3,3,Approved,30/03/2023,,,
22/02918/CEU,Enfield,19/08/2022,Completed,All Other,Conversion of a garage into a residential annexe ancillary to the use of 34 Broadlands Close.,,34,Broadlands Close,,EN3 5AE,15/12/2022,15/12/2022,,,1,0,1,1,1,Approved,15/12/2022,,,
210716,Waltham Forest,09/03/2021,Completed,All Other,Lawful Development Certificate Existing - Retention of use as House of Multiple Occupation (HMO) comprising 6 bedrooms (Sui Generis).,"2 Elphinstone Road, Walthamstow, London, E17 5EX",,,,,01/05/2022,01/05/2022,,,1,0,1,1,1,Approved,28/04/2021,,,
215407FUL,Ealing,26/08/2021,Completed,All Other,"Conversion of existing dwellinghouse into two flats with associated bin storage, bicycle parking, amenity space along with a proposed canopy around the front door access to the side elevation.",6 Birkbeck Avenue,,Birkbeck Avenue,Greenford,UB6 8LS,26/11/2021,20/06/2022,,,2,1,1,1,1,Approved,18/10/2021,,,https://pam.ealing.gov.uk/online-applications/PLAN/215407FUL;
P1813.19,Havering,19/12/2019,Completed,All Other,Erection of additional floor above rear addition and creation of additional 2 bedroom flat,"88, 90 NORTH STREET",,ROMFORD,,RM1 1BA,24/05/2021,28/09/2022,,,1,0,1,1,1,Approved,15/06/2020,,,http://development.havering.gov.uk/OcellaWeb/planningDetails?reference=P1813.19
22/04081/FULL,Westminster,22/06/2022,Commenced,All Other,Use of fourth floor of 160 New Bond Street for office use. (Use Class E),,"160, 162",New Bond Street,,W1S 2UE,07/10/2022,,,,0,2,-2,-2,-2,Approved,07/10/2022,,,
21/01509/FUL,Enfield,28/04/2021,Completed,All Other,"Sub-division of site and conversion of single family dwelling house into 2 semi-detached single family dwelling houses, involving part single, part 2 storey side and rear extension, together with 2 x rear dormers to facilitate a roof extension, rooflights, Juliet balconies together with vehicular access, associated cycle, car parking and refuse",,9,Viga Road,,N21 1HH,01/04/2022,31/03/2023,,,2,1,1,1,1,Approved,23/06/2021,,,
2022/5085,Wandsworth,12/12/2022,Completed,All Other,Continued use of outbuilding as residential dwelling.,Land West Of 1 Treville Street,,Roehampton High Street,London,SW15 4JX,27/01/2023,27/01/2023,,,1,0,1,1,1,Approved,27/01/2023,,,http://planning.wandsworth.gov.uk/Northgate/PlanningExplorer/DisplayAppDetails.aspx?AppNo=2022/5085
22/01499/FULL1,Bromley,08/04/2022,Completed,All Other,"Single storey side extension; single storey side/rear wrap around extension; and roof extension with rear outrigger, to facilitate the conversion into 1 x 3 bed and 1 x 2 bed self-contained flats, together with provision of refuse and cycle storage, and off-street parking",,18,Elmers End Road,Penge,SE20 7SN,04/04/2023,05/04/2023,,,2,1,1,1,1,Approved,31/08/2022,,,
191866FUL,Ealing,25/04/2019,Completed,All Other,"Construction of two blocks of residential accommodation comprising a three storey building containing 4 self- contained residential flats fronting onto Boston Road and a three storey building to the rear fronting Wilmot Place containing four dwellinghouses (a total of eight dwellings) including associated car parking, cycle storage and refuse storage provision (following demolition of the building comprising Sui Generis and ancillary B2 Use Classes).",16,16,Boston Road,Hanwell,W7 3TR,24/02/2020,21/06/2022,,,8,0,8,8,8,Approved,16/09/2019,,,https://pam.ealing.gov.uk/online-applications/PLAN/191866FUL;
23469/APP/2020/3612,Hillingdon,,Completed,All Other,Erection of a 3-bed detached bungalow with habitable roofspace involving parking and amenity space,170 HAREFIELD ROAD UXBRIDGE,,,,UB8 1PP,16/11/2021,23/12/2022,,,1,0,1,1,1,Approved,05/08/2021,,,
22/P0667,Merton,24/08/2022,Completed,Prior Approval,PRIOR APPROVAL FOR THE PROPOSED CHANGE OF USE FROM USE CLASS E TO USE CLASS C3 RELATING TO THE CONVERSION OF THE FIRST FLOOR OFFICE INTO 3 X SELF CONTAINED FLATS.,Flat 1a,,Elm Grove,Wimbledon,SW19 4FU,01/10/2022,10/01/2023,,,3,0,3,3,3,Approved,22/09/2022,,,http://planning.merton.gov.uk/Northgate/PlanningExplorer/DisplayAppDetails.aspx?AppNo=22/P0667
21/02220/FUL,Bexley,01/10/2021,Completed,All Other,Conversion of a residential dwelling (Class C3) to a 3 bed House of Multiple Occupation (HMO) (Class C4) for up to 5 persons.,,1,Sandcliff Road,,DA8 1NY,30/06/2022,30/06/2022,,,1,1,0,0,0,Approved,05/01/2022,,,
09/0382/FUL,Richmond upon Thames,27/02/2009,Commenced,All Other,"Loft conversion with dormer, two storey rear extension and conversion into 6 studios and 1no. two bedroom flat with bicycle parking",30 Broad StreetTeddingtonMiddlesexTW11 8RF,,,,,01/01/2013,,,,7,1,6,6,6,Approved,19/06/2012,,,
217135FUL,Ealing,22/12/2021,Completed,All Other,Conversion of existing dwelling house into 2 self-contained flats and provision of associated amenity space and parking space; First floor rear extension.,22 St Ursula Road,,St Ursula Road,Southall,UB1 2TH,29/09/2021,01/07/2022,,,2,1,1,1,1,Approved,05/05/2022,,,https://pam.ealing.gov.uk/online-applications/PLAN/217135FUL;
21/P3286,Merton,07/09/2021,Completed,All Other,"ALTERATIONS, ERECTION OF A SINGLE STOREY REAR EXTENSION TO FACILITATE CONVERSION OF SINGLE DWELLINGHOUSE INTO 3 x SELF-CONTAINED FLATS.",,9,Hamilton Road,Wimbledon,,12/10/2022,19/01/2023,,,3,1,2,2,2,Approved,11/10/2022,,,http://planning.merton.gov.uk/Northgate/PlanningExplorer/DisplayAppDetails.aspx?AppNo=21/P3286
22/AP/3473,London Borough of Southwark,13/10/2022,Completed,All Other,Certificate of Lawfulness (Existing) Existing use of the property as residential (Class C3) from live/work (C3/E),Flat 10Bermondsey Exchange179-181 Bermondsey StreetLondonSouthwarkSE1 3UW,,,,,,11/10/2022,,,1,1,0,0,0,Approved,10/11/2022,,,
21/01914/FUL,Lambeth,02/06/2021,Completed,All Other,De-conversion of two flats into a single dwellinghouse.,,8,Shardcroft Avenue,,SE24 0DT,01/10/2022,31/03/2023,,,1,2,-1,-1,-1,Approved,15/07/2021,,,
213615CPE,Ealing,07/06/2021,Completed,All Other,Continued use of property as two self-contained flats (Lawful Development Certificate for an Existing Development),34 North Avenue,,North Avenue,Southall,UB1 2RE,16/06/2022,16/06/2022,,,2,1,1,1,1,Approved,16/06/2022,,,https://pam.ealing.gov.uk/online-applications/PLAN/213615CPE;
18/4674/FUL,Barnet,30/07/2018,Completed,All Other,"Demolition of all existing structures and the erection of ground floor plus part 3, part 4 storey building providing 52no residential units (Use Class C3) with associated access, servicing, car parking, cycle parking and landscaping (AMENDED PLANS AND DESCRIPTION)",2 - 10 Hermitage Lane And 1 - 4 The Graftons London NW2 2ET,,,,,01/10/2022,01/10/2022,,,52,6,46,46,46,Approved,20/08/2020,,,
22/04823/LE,London Borough of Croydon,02/12/2022,Completed,All Other,Existing use of the property as two self-contained flats (Class C3).,Dorothy Villas 3 Willett Road Thornton Heath CR7 6AA,,,,,03/02/2023,03/02/2023,,,2,1,1,1,1,Approved,03/02/2023,,,
20/P1913,Merton,10/06/2020,Completed,All Other,CHANGE OF USE FORM OFFICE SPACE (CLASS B1a) TO RESIDENTIAL (CLASS C3),,2C,Ridley Road,Wimbledon,SW19 1EU,01/07/2021,01/07/2022,,,1,0,1,1,1,Approved,23/12/2020,,,http://planning.merton.gov.uk/Northgate/PlanningExplorer/DisplayAppDetails.aspx?AppNo=20/P1913
2021/2154,Hackney,11/07/2021,Completed,All Other,The amalgamation of two flats to a single dwellinghouse and the erection of a ground floor extension,,60,DURLSTON ROAD,HACKNEY,E5 8RR,06/09/2021,30/04/2022,,,1,2,-1,-1,-1,Approved,03/09/2021,,,/planning/index.html?fa=getApplication&id=70817
22/01404/FUL,Lambeth,19/04/2022,Completed,All Other,"Conversion of first, second and third floor flat into three flats with formation of a roof terrace for the first floor flat, and the installation of 1 side and 1 rear roof lights together with the provision of cycle and waste stores.",,144,Victoria Rise,,SW4 0NW,01/04/2022,01/02/2023,,,3,1,2,2,2,Approved,08/11/2022,,,
221267FUL,Ealing,23/03/2022,Completed,All Other,Conversion of single family dwellinghouse into two self-contained flats,6 Ribchester Avenue,,Ribchester Avenue,Greenford,UB6 8TG,,01/10/2022,,,2,1,1,1,1,Approved,17/06/2022,,,https://pam.ealing.gov.uk/online-applications/PLAN/221267FUL;
HGY/2019/0996,Haringey,13/04/2019,Completed,All Other,Construction of a rear dormer extension and installation of two skylights to the front roof slope to accommodate a new bedroom to facilitate the extension of flat F from a self-contained studio flat to a self-contained 1-bedroom flat.,"Flat F, 63, Wightman Road, London, N4 1RJ",63,,,,15/04/2022,20/09/2022,,,1,1,0,0,0,Approved,05/06/2019,,,https://londonboroughofharingey.force.com/pr/s/planning-application/a0i8d000002GEHsAAO
HGY/2020/0422,Haringey,03/02/2020,Completed,All Other,Erection of rear dormers and roof lights to the front pitch to create 1 x additional self-contained flat.,"87-89, High Road, London, N22 6BB",87-89,,,,05/05/2022,06/01/2023,,,1,0,1,1,1,Approved,30/03/2020,,,https://londonboroughofharingey.force.com/pr/s/planning-application/a0i8d000002GJ2wAAG
21/3415/FUL,Richmond upon Thames,26/10/2021,Completed,All Other,Reversion of existing building to 1No. single family dwelling from 3Nos. self-contained flats,,18,Twickenham Road,,TW11 8AG,18/09/2022,01/10/2022,,,1,3,-2,-2,-2,Refused,01/02/2022,,,
4083/19,Redbridge,26/10/2019,Completed,All Other,Change of use from dwelling (C3) to small HMO for up to 6 people (C4). (Summary),,318,Green Lane,Seven Kings,IG3 9JE,19/04/2022,23/06/2022,,,0,1,-1,-1,-1,Approved,26/11/2019,,,
21/02688/CLP,London Borough of Newham,28/10/2021,Completed,All Other,Application for a lawful development certificate for the proposed change of use from C3 (Residential Dwelling) to C3(b) (Children Home Aged 10-16 years),,7,Altmore Avenue,East Ham,E6 2BZ,,31/03/2023,,,1,1,0,0,0,Approved,10/12/2021,,,
22/00709/FUL,Enfield,09/03/2022,Completed,All Other,"Conversion of single-family dwelling into 2Nos. self-contained flats with associated bin storage, cycle parking and fenestration alterations.",,35,Derwent Avenue,,N18 1BP,01/04/2022,31/03/2023,,,2,1,1,1,1,Approved,29/04/2022,,,
22/01755/LDCE,Lambeth,19/05/2022,Completed,All Other,Application for Certificate of Lawfulness (Existing) with respect to confirming the Lawful Use of Two Self Contained Dwellings on the first floor and second floor.,161 Sternhold Avenue London Lambeth SW2 4PF,,,,SW2 4PF,14/07/2022,14/07/2022,,,2,1,1,1,1,Approved,14/07/2022,,,
P/3476/22,Harrow,04/10/2022,Completed,All Other,Change of use from Dwellinghouse (Class C3) to Residential Care Home (Class C2) for upto Two Children with Special Educational Needs and Disabilities (SEND),,250,Eastcote Lane,Harrow,HA2 9AQ,29/11/2022,29/11/2022,,,0,1,-1,-1,-1,Approved,29/11/2022,,,http://site.com?appref=P/3476/22-or-1222403
17/05524/FUL,Enfield,27/12/2018,Completed,All Other,Erection of a three storey rear extension to provide 3 x self contained flats comprising (1 x 2 bed and 2 x 3 bed involving change of use of 1 residential unit into Office use (A2)together with associated car parking and refuse storage.,79 Fore Street,,,,N18 2TW,01/04/2022,31/03/2023,,,3,1,2,2,2,Refused,13/03/2019,,,
21/P1904,Merton,18/05/2021,Completed,Prior Approval,PRIOR APPROVAL FOR CHANGE OF USE OF THE REAR OF THE SITE FROM A1 (THE ANCILLARY STORAGE/GARAGE AREA) TO CLASS C3 (DWELLINGHOUSE),Ground Floor Rear,30B,Durham Road,Raynes Park,SW20 0TW,14/07/2022,26/09/2022,,,1,0,1,1,1,Approved,19/07/2021,,,http://planning.merton.gov.uk/Northgate/PlanningExplorer/DisplayAppDetails.aspx?AppNo=21/P1904
2020/4413,Wandsworth,18/11/2020,Completed,All Other,Alterations including erection of single-storey extension and installation of windows to south elevation in connection of conversion of garage to form a studio flat. Alterations to the front wall to accommodate new refuse servicing. Formation of car turntable to front of property.,"1 Abberley Mews, SW4 0QE",1,Abberley Mews,London,SW4 0QE,07/02/2022,25/11/2022,,,1,0,1,1,1,Approved,31/03/2021,,,http://planning.wandsworth.gov.uk/Northgate/PlanningExplorer/DisplayAppDetails.aspx?AppNo=2020/4413
2021/4131,Wandsworth,07/09/2021,Commenced,All Other,"Alterations including erection of a mansard roof extension and extension over the back addition to create additional floor of accommodation, with roof terrace and 1.7m high screen surround above; Erection of single-storey side/rear extension; Replacement shopfront; Partial change of use of ground floor from shop (Class E) to residential (Class C3) in connection with conversion of the property into 3 x 1-bedroom flats.",,26,Trinity Road,London,SW17 7RE,31/03/2022,,,,3,1,2,2,2,Approved,23/12/2021,,,http://planning.wandsworth.gov.uk/Northgate/PlanningExplorer/DisplayAppDetails.aspx?AppNo=2021/4131
21/01465/FULL1,Bromley,25/03/2021,Completed,All Other,Erection of a single storey detached 2 bed dwelling following demolition of existing dwelling.,Land Adjacent To Walnut Tree Cottage,,Jackass Lane,,,10/12/2021,15/06/2022,,,1,1,0,0,0,Approved,10/11/2021,,,
2019/2850,Hackney,02/08/2019,Completed,All Other,Erection of a new 3 level residential dwelling (including basement) at the rear of the site facing Millfields Road.,36,36,MILDENHALL ROAD,HACKNEY,E5 0RU,27/11/2019,30/04/2022,,,1,0,1,1,1,Approved,11/02/2020,,,/planning/index.html?fa=getApplication&id=26488
20/2691/FUL,Richmond,29/09/2020,Completed,All Other,Replacement two storey dwellinghouse with accommodation in the roof and associated cycle and refuse stores,,51,Howsman Road,Barnes,SW13 9AW,01/10/2021,20/07/2022,,,1,1,0,0,0,Approved,21/12/2020,,,
2021/5538,Wandsworth,11/02/2022,Commenced,All Other,Retention of former unit 3 (Class Use E) as 1 x studio (3a) and 1 x3 bedroom flat (3b) (Class Use C3),Bendon Valley House,218,Garratt Lane,London,SW18 4EA,04/04/2022,,,,2,0,2,2,2,Approved,07/04/2022,,,http://planning.wandsworth.gov.uk/Northgate/PlanningExplorer/DisplayAppDetails.aspx?AppNo=2021/5538
21/AP/0990,London Borough of Southwark,24/03/2021,Completed,All Other,"Demolition of garage to the rear, with ground, first floor and basement extension of the property to facilitate conversion from 2 x flats (1 x 1 bedroom 1 x 4 bedroom) into 4 x flats (2 x 2 bedroom 2 x 1 bedroom) with rear balcony to the first floor and full restoration of the front facade.",66 Peckham Hill StreetLondonSouthwarkSE15 5JY,,,,,,24/08/2022,,,4,2,2,2,2,Approved,25/06/2021,,,
190924FUL,Ealing,27/02/2019,Completed,All Other,"Construction of a two-bedroom single-storey detached dwellinghouse (following demolition of existing outbuilding), along with associated amenity space, cycle and refuse storage",32 Madeley Road,32,Madeley Road,London,W5 2LH,01/09/2020,01/09/2022,,,1,0,1,1,1,Approved,05/07/2019,,,https://pam.ealing.gov.uk/online-applications/PLAN/190924FUL;
22/01231/CLEUD,Westminster,24/02/2022,Completed,All Other,Residential use of a flat.,Flat 503,25,Dorset Square,,NW1 6QG,,26/04/2022,,,1,0,1,1,1,Approved,26/04/2022,,,
22/03197/ELUD,Bromley Custodian Code,12/08/2022,Completed,All Other,Use of dwellinghouse as HMO (C4) LAWFUL DEVELOPMENT CERTIFICATE (EXISTING),,270,Mottingham Road,Mottingham,SE9 4SZ,23/12/2022,23/12/2022,,,1,1,0,0,0,Approved,23/12/2022,,,
213432FUL,Ealing,04/05/2021,Completed,All Other,"Conversion of single dwellinghouse into two self-contained units with associated landscaping, bin storage, refuse storage and cycle storage.",62 Iveagh Avenue,,Iveagh Avenue,London,NW10 7DH,,25/08/2022,,,2,1,1,1,1,Approved,22/06/2021,,,https://pam.ealing.gov.uk/online-applications/PLAN/213432FUL;
18/01539/FUL,Enfield,01/05/2018,Completed,All Other,"Redevelopment of site by the erection of a 2 storey block with rooms in roof comprising of 9 self-contained flats (5 x 2 bed, 4 x 3 bed) with additional vehicular access, car parking, landscaping and associated amenities.",70A And 72 The Ridgeway,,,,EN2 8JB,01/04/2022,31/03/2023,,,9,2,7,7,7,Approved,20/08/2019,,,
22/00607/LDCE,Lambeth,21/02/2022,Completed,All Other,"Application for a Certificate of Lawful Development (Existing) for the use of the site as 5 individual dwellinghouses, namely a 2-bed maisonette at basement and ground floor levels and 4 self-contained studio flats at first and second floor levels.",,22,Guildford Road,,SW8 2BX,03/05/2022,03/05/2022,,,5,1,4,4,4,Approved,03/05/2022,,,
200903FUL,Ealing,02/03/2020,Completed,All Other,Change of use from restaurant (A3) to doctor's surgery on basement and ground level (D1) and use on the upper floor as two self- contained units,16 St Matthews Road,,St Matthews Road,London,W5 3JT,30/09/2020,19/05/2022,,,2,0,2,2,2,Approved,24/06/2020,,,https://pam.ealing.gov.uk/online-applications/PLAN/200903FUL;
19/02621/FUL,Lambeth,18/07/2019,Commenced,All Other,"Demolition of existing 2 storey dwelling and erection of 3 storey building with basement and front lightwell to provide 4 residential units (Use Class C3), together with private and communal amenity space and refuse and cycle stores.",,34,Groveway,,SW9 0AR,12/09/2022,,,,4,1,3,3,-1,Approved,29/07/2020,,,
P2019/3824/FUL,Islington,20/02/2020,Completed,All Other,"Application for full (retrospective) planning permission for the retention of amendments to the recently completed development (ref. P2017/3146/S73) to allow for alterations and modifications to the previously approved development made during the course of construction. These alterations include the following: (a) Excavation to allow for enlargement of basement level including the reconfiguration and expansion of existing lightwells (b) Reconfiguration of approved cycle storage at ground floor (c) Relocation of communal entrance to west elevation and associated staircore (d) Amalgamation of commercial units at ground, first floor (e) Alterations to the size and internal configuration of the residential units at second third and fourth floors, including position of balconies to Unit 2 and Unit 6 (f) Enlargement of Unit 4 (third floor) to north west corner (within the existing roof void) and Unit 5 (third and fourth floor, within the existing roof void) (g) Repositioning of rooflights (h) Alterations to the windows to the south and north elevation, from ground to roof level",,1 and 2a,Hermes Street,,N1 9JD,09/09/2022,09/09/2022,,,1,1,0,0,0,Approved,02/07/2020,,,
202724,Waltham Forest,08/09/2020,Completed,All Other,Lawful Development Certificate (Existing)  Use of the property as 4 self-contained residential units.,"108 Grove Road, Walthamstow, London, E17 9BY",,,,,02/07/2022,05/02/2023,,,4,1,3,3,3,Approved,03/11/2020,,,
21/P3638,Merton,28/10/2021,Commenced,All Other,"Part conversion of ground floor shop and first floor flat, extensions and alterations to create 3 x flats",,230,Merton Road,Wimbledon,SW19 1EQ,18/02/2022,,,,3,1,2,2,2,Approved,17/02/2022,,,http://planning.merton.gov.uk/Northgate/PlanningExplorer/DisplayAppDetails.aspx?AppNo=21/P3638
20/P0801,Merton,14/02/2020,Completed,All Other,CONVERSION OF FORMER FIRE STATION TO PROVIDE 9 X RESIDENTIAL UNITS INVOLVING ERECTION OF REAR AND SIDE EXTENSIONS TO EXISTING BUILDING.,Flat 1,30,Lower Green West,Mitcham,CR4 3AF,01/06/2022,01/03/2023,,,9,0,9,9,9,Approved,25/11/2021,,,http://planning.merton.gov.uk/Northgate/PlanningExplorer/DisplayAppDetails.aspx?AppNo=20/P0801
21/00447/FULL,London Borough of Barking and Dagenham,08/04/2021,Completed,All Other,"Construction of a front porch to the existing house, removal of existing side extension and the construction of a new two storey, 3x bedroom dwellinghouse.",2 Beansland Grove,2,BEANSLAND GROVE,,RM6 5QH,27/09/2022,27/09/2022,,,1,0,1,1,1,Approved,01/06/2021,,,https://online-befirst.lbbd.gov.uk/planning/index.html?fa=getApplication&id=27672
DM2020/01144,Sutton,17/08/2020,Completed,All Other,Erection of two storey semi-detached dwellings with refuse/cycle stores and car parking.,Land To Side And Rear Of 9-10 Aultone Way Carshalton SM5 2LQ,,,,,20/04/2021,03/08/2022,,,2,0,2,2,2,Approved,30/11/2020,,,
20/P2555,Merton,12/08/2020,Completed,Prior Approval,"PRIOR APPROVAL FOR CHANGE OF USE OF REAR PART OF COMMERCIAL UNIT TO RESIDENTIAL, BOTH BEDROOM AND LIVING ROOM WILL HAVE NATURA LIGHT WITH RESIDENTIAL AMENITY SPACE",,296,Haydons Road,London,SW19 8JZ,01/06/2021,01/06/2022,,,1,0,1,1,1,Comment Issued,06/10/2020,,,http://planning.merton.gov.uk/Northgate/PlanningExplorer/DisplayAppDetails.aspx?AppNo=20/P2555
2022/5203,Wandsworth,10/01/2023,Completed,All Other,Use of property as ground floor shop (Class E) and 6 flats (Class C).,,50,Lavender Hill,London,SW11 5RH,07/03/2023,07/03/2023,,,6,3,3,3,3,Approved,07/03/2023,,,http://planning.wandsworth.gov.uk/Northgate/PlanningExplorer/DisplayAppDetails.aspx?AppNo=2022/5203
2020/00724/FUL,Hammersmith & Fulham,12/03/2020,Completed,All Other,"Change of use of the property from an office (Class B1) into 3no. self-contained flats (Class C3), consisting of a two bedroom flat at ground floor level, a one bedroom flat at first floor level and a studio flat at second floor level; erection of a rear roof extension, including the installation of French doors and a Juliette balcony; erection of obscure glass screens around the flat roof of the two storey back addition at second floor level, in connection with its use as a roof terrace; installation of a door in the proposed rear roof extension and steps down to provide access to the proposed roof terrace; and insertion of a courtyard into part of the existing single storey rear extension at ground floor level.",,185,Dawes Road,London,SW6 7QP,15/10/2020,16/09/2022,,,3,0,3,3,3,Approved,24/06/2020,,,
21/01521/FUL,Enfield,22/06/2021,Completed,All Other,Conversion of single family dwelling into 2 x self contained flats.,,38,Lea Road,,EN2 0LA,01/04/2022,31/03/2023,,,2,1,1,1,1,Approved,17/08/2021,,,
22/P2083,Merton,20/09/2022,Commenced,All Other,APPLICATION FOR THE CONVERSION OF A SINGLE FAMILY DWELLING INTO 2X SELF CONTAINED FLATS INCORPORATING THE ERECTION OF A SINGLE STOREY REAR EXTENSION.,,1,Claremont Avenue,New Malden,,01/10/2022,,,,2,1,1,1,1,Approved,22/12/2022,,,http://planning.merton.gov.uk/Northgate/PlanningExplorer/DisplayAppDetails.aspx?AppNo=22/P2083
21/00941/FUL,London Borough of Newham,25/06/2021,Completed,All Other,Erection of mansard roof extension to provide 1 x 1 bedroom self-contained flat.,,17,Manbey Park Road,Stratford,E15 1EY,,31/03/2023,,,1,0,1,1,1,Approved,20/08/2021,,,
P2019/2432/FUL,Islington,20/08/2019,Completed,All Other,Redevelopment of the site to comprise an A1 retail use on the ground floor and 1no. 2bed/4person flat at first floor level; and the erection of ground and first floor level rear extensions and associated alterations.,And 96,94,Holloway Road,London,N7 8DJ,13/07/2022,13/07/2022,,,1,0,1,1,1,Approved,15/10/2019,,,
HGY/2019/3079,Haringey,07/11/2019,Completed,All Other,Conversion of existing two storey terraced house into two self-contained flats,"69, Sydney Road, London, N8 0ET",69,,,,10/06/2022,15/11/2022,,,2,1,1,1,1,Approved,17/02/2020,,,https://londonboroughofharingey.force.com/pr/s/planning-application/a0i8d000002GF2uAAG
15/00358/OUT,Newham,,Completed,All Other,"'Hybrid' planning application for the comprehensive mixed use redevelopment of the site known as 'Cherry Park' comprising: 1) Full planning application for the development of a I 0,902 sqm (GEA) Class AI retail anchor store as an extension to Westfield Stratford City (of which 1,814 sqm GEA is existing), with associated basement retail servicing and plant; and 2) An outline planning application with all matters reserved for residential floorspace of up to 105,000 sqm GEA (Class C3 (up to 1,224 residential units), commercial floorspace of up to 3,300 sqm GEA (for use as either Class B1/A3/D1); along with landscaped public realm; associated ancillary residential amenity space and a basement housing up to I50 residential Car Parking spaces, up to 1,959 cycle parking spaces, residential servicing, plant and storage, and all other necessary enabling works.","Cherry Park, Stratford City Zone 1",,Westfield Avenue,,E20 1EJ,01/05/2019,31/03/2023,,,1224,0,1224,1224,1224,Approved,13/02/2018,,,
17/05574/FULL1,Bromley,11/12/2017,Completed,All Other,"Demolition of the existing building and the erection of a mixed-use development including new post office/shop with ancillary commercial space at ground floor level, together with the provision of 6 flats above.",,"100, 102",High Street,Penge,SE20 7HA,11/01/2021,25/07/2022,,,6,0,6,6,6,Approved,05/07/2018,,,
P/4119/20,Harrow,16/12/2020,Completed,All Other,"Conversion of ground floor office and upper floor flats into (2 X studios and 1 X 1 bed); part single, two and three storey rear extensions; alterations to roof to form end gable with one rear dormer and three front dormers; external alterations; bin and cycle stores",Binary House,202,Northolt Road,Harrow,HA2 0EX,10/11/2021,01/05/2022,,,3,0,3,3,3,Approved,10/11/2021,,,http://site.com?appref=P/4119/20-or-1105321
19/1663/FUL,Richmond upon Thames,30/09/2019,Completed,All Other,"Conversion and extension of workshop building Use Class E(g) - light industrial (formerly B1c and B1a lightl) to form a one-storey, 3 bedroom dwelling with accomodation in the roof Use Class C3 residential.",Workshop Rear Of 8 High Street Hampton TW12 2SJ,,,,TW12 2SJ,02/08/2021,05/07/2022,,,1,0,1,1,1,Approved,01/03/2021,,,
P0305.21,Havering,16/03/2021,Completed,All Other,Erection of a Single storey one bedroom dwelling with associated amenity space.,307-309,,St Marys Lane,,RM14 3DA,14/05/2021,07/02/2023,,,1,0,1,1,1,Refused,14/05/2021,,,http://development.havering.gov.uk/OcellaWeb/planningDetails?reference=P0305.21
193677FUL,Ealing,22/08/2019,Completed,All Other,"Rear extension at ground and lower ground floor level with installation of three lightwells and stepped access to rear garden, conversion to create a self-contained two-bedroom flat at lower ground floor level.",53,53,Ranelagh Road,Ealing,W5 5RP,15/11/2019,19/11/2022,,,1,0,1,1,1,Approved,16/10/2019,,,https://pam.ealing.gov.uk/online-applications/PLAN/193677FUL;
21/01446/FUL,Enfield,29/06/2021,Completed,All Other,"Conversion of single family dwelling house into 2 self-contained flats, involving part single, part 2-storey rear extension and 1st floor side extension, replacement outbuilding with associated car and cycle parking. (Revised)",,9,Brook Crescent,,N9 0DJ,01/04/2022,31/03/2023,,,2,1,1,1,1,Approved,31/08/2022,,,
215068FUL,Ealing,03/08/2021,Completed,All Other,"Conversion of a dwelling into four self-contained flats, together with bins and cycle storage, and associated landscaping and amenity space including balcony to first floor.",23 Craven Avenue,,Craven Avenue,London,W5 2SY,02/03/2022,04/11/2022,,,4,1,3,3,3,Approved,02/02/2022,,,https://pam.ealing.gov.uk/online-applications/PLAN/215068FUL;
213236,Waltham Forest,11/10/2021,Completed,All Other,"Lawful Development Certificate (Existing) Use of the property as 5 Studio self-contained units at ground, first and second floor levels.","33 Queens Road, Walthamstow, London, E17 8PY",,,,,02/12/2021,02/03/2023,,,5,0,5,5,5,Approved,02/12/2021,,,
21/AP/2400,London Borough of Southwark,09/07/2021,Completed,All Other,"Certificate of Lawful Development (Proposed) for the re-amalgamation of the properties known as the ground floor flat, 17a Therapia Road and 17 Therapia Road into a single dwellinghouse,",,17,Therapia Road,,SE22 0SF,,01/03/2023,,,1,2,-1,-1,-1,Approved,03/09/2021,,,
19/01612/CEA,Enfield,08/05/2019,Completed,All Other,Change of use from Use Class C3 (dwelling house) to supported living (C3(b)) for up to 6 people.,,135,Amersham Avenue,,N18 1DZ,01/04/2022,31/03/2023,,,0,1,-1,-1,-1,Approved,22/07/2019,,,
21/00632/FULL1,Bromley,01/03/2021,Completed,All Other,Demolition of an existing double garage & erection of a two storey 2-bed detached coach house RETROSPECTIVE APPLICATION,,80,Lennard Road,,SE20 7LY,08/01/2021,05/05/2022,,,1,0,1,1,1,Approved,05/05/2021,,,
22/2056/191,Barnet,19/04/2022,Completed,All Other,Use as 2no self-contained flats and studio flat in the rear garden,,22,Audley Road,Hendon,NW4 3EY,14/06/2022,14/06/2022,,,3,1,2,2,2,Approved,14/06/2022,,,
22/01026/CEU,Enfield,30/03/2022,Completed,All Other,Use of premises as 2 self-contained flats.,Woodhurst,1B,Old Park Road,,N13 4RG,20/09/2022,20/09/2022,,,2,0,2,2,2,Approved,20/09/2022,,,
2021/3345,Wandsworth,14/07/2021,Commenced,All Other,"Demolition of existing property and outbuildings and erection of two-storey building plus roof and basement with front and rear lightwells to create 1 x 3-bedroom, 2 x 2-bedroom and 2 x 1-bedroom flats with associated outside amenity space, refuse and cycle storage.",,15,Smallwood Road,London,SW17 0TN,01/03/2022,,,,5,3,2,2,2,Approved,21/10/2021,,,http://planning.wandsworth.gov.uk/Northgate/PlanningExplorer/DisplayAppDetails.aspx?AppNo=2021/3345
22/07922/P3JPA,Westminster,23/11/2022,Commenced,Prior Approval,"Notification for prior approval of the change of use from office accommodation (Class E(G)i) to two self-contained residential dwellings (1 x 2 bedroom and 1 x 3 bedroom) (Class C3) at ground and first floor levels under the Town and Country Planning (General Permitted Development) (England) Order 2015 (as amended) - Schedule 2, Part 3, Class MA.",Harcourt House,"27, 28",Harcourt Street,,,01/11/2022,,,,2,0,2,2,2,Approved,30/12/2022,,,
19/01857/FUL,Barking & Dagenham,11/12/2019,Completed,All Other,Erection of additional third storey to create 1 x 3 bedroom self-contained flat.,Vasant House,,87 Movers Lane,London,IG11 7UQ,01/04/2022,01/07/2022,,,1,0,1,1,1,Approved,30/10/2020,,,
22/02470/FULL1,Bromley,28/06/2022,Completed,All Other,Demolition of the detached house and erection of 2 no. detached five bedroom houses including side dormer projections (RETROSPECTIVE APPLICATION - AMENDS SCHEME FOR WHICH PLANNING PERMISSION WAS GRANTED UNDER REFERENCE 20/01126/FULL1 BY PROVIDING SIDE DORMER PROJECTIONS TO EACH DWELLING).,,47,Lakes Road,,BR2 6BN,03/03/2023,09/01/2023,,,2,1,1,1,1,Approved,23/08/2022,,,
2021/00856/CLP,Hammersmith & Fulham,17/03/2021,Completed,All Other,Amalgamation of ground floor flat at no. 89 - 91 Sulgrave Road and first floor flat at no. 91 Sulgrave Road into a single self-contained flat together with associated internal alterations.,89 And 91 Sulgrave Road London W6 7QH,,,,W6 7QH,11/05/2022,31/03/2023,,,1,2,-1,-1,-1,Approved,18/05/2021,,,
DM2022/01016,London Borough of Sutton,27/06/2022,Completed,All Other,Change of use of 1st floor from Residential (Use Class C3) to Dental Surgery (Use Class E).,The Flat,1,Caldbeck Avenue,,KT4 8BQ,,01/04/2023,,,0,1,-1,-1,-1,Approved,22/08/2022,,,
20/03374/PRJ,Enfield,19/10/2020,Completed,Prior Approval,Change of use of ground floor from Office B1(a) to 2 self contained flats (Class C3).,,1,Chase Side Place,,EN2 6QA,01/04/2022,31/03/2023,,,2,0,2,2,2,Refused,18/03/2021,,,
223171CPE,Ealing,19/07/2022,Completed,All Other,Continued use of property as two self-contained units (Lawful Development Certificate for an Existing Development),Second Floor,,Durham Road,London,W5 4JR,07/09/2022,07/09/2022,,,2,0,2,2,2,Approved,07/09/2022,,,https://pam.ealing.gov.uk/online-applications/PLAN/223171CPE;
DM2019/01246,Sutton,02/08/2019,Completed,All Other,"Demolition of 14 garages and the erection of four two storey semi-detached dwelling houses (4 x 2-bed) with four car parking spaces, new hard and soft landscaping works and access from Bisham Close.",Garage Block,,Bisham Close,,SM5 1DG,01/04/2021,22/09/2022,,,4,0,4,4,4,Approved,10/12/2019,,,
193704,Waltham Forest,09/12/2019,Completed,All Other,"Demolition of existing buildings and development of mixed-use site comprising residential and business units. Construction of 8 two- storey houses (1 x 4 bedroom, 4 x 3 bedroom and 3 x 2 bedroom) and a two-storey building with living wall to north elevation to facilitate co-working office space and 1 x 3 bedroom flat at second floor level. Installation of solar PV panels, moss and/or biodiverse roofs to all buildings. Provision of private and communal amenity spaces, cycle parking, refuse storage and associated hard and soft landscaping.(Amended Plans)","147 Orford Road, Walthamstow, London, E17 9QU",,,,,23/10/2020,23/01/2023,,,9,0,9,9,9,Approved,21/08/2020,,,
216133CPE,Ealing,14/10/2021,Completed,All Other,Continued use of existing building as 2 self-contained flats (Lawful Development Certificate for an Existing Use),36 Hill Rise,,Hill Rise,Greenford,UB6 8PB,17/11/2022,17/11/2022,,,2,1,1,1,1,Approved,17/11/2022,,,https://pam.ealing.gov.uk/online-applications/PLAN/216133CPE;
19/02187/FUL,Croydon,14/05/2019,Completed,All Other,"Conversion of existing single family dwelling (C3) into 3 x flats (C3) (1 x 3 bed, 1 x 1 bed and 1 studio), and provision of cycle and refuse storage (amended description)",,13A,Godstone Road,,CR8 5AG,31/03/2023,01/04/2023,,,3,1,2,2,2,Approved,24/01/2020,,,
22/1959/FUL,London Borough of Barnet,12/04/2022,Completed,All Other,Conversion of the existing dwelling into 3no self-contained flats. New front hardstanding to provide off-street parking. Installation of door and Juliet balcony into existing dormer. (Amended Description),,53,Finchley Lane,Hendon,NW4 1BY,,28/03/2023,,,4,1,3,3,3,Approved,09/01/2023,,,
2018/4720,Hackney,11/01/2019,Commenced,All Other,Conversion of existing first floor ancillary gymnasium to one self-contained residential unit with associated external alterations including reinstatement of windows; extension within existing under croft car park at ground floor to provide for relocated ancillary gymnasium and cycle storage; loss of one car parking space; and green roof over refuse area.,Residents Gym Pendulum,1,PENDULUM MEWS,HACKNEY,E8 2LU,01/02/2021,,,,1,0,1,1,1,Approved,12/03/2019,,,/planning/index.html?fa=getApplication&id=27489
19/03438/FUL,Croydon,23/07/2019,Completed,All Other,Erection of 3 houses with associated parking and landscaping,,15A,Normanton Road,,CR2 7AE,31/03/2022,31/03/2023,,,3,0,3,3,3,Approved,06/12/2019,,,
20/00407/FUL,Enfield,13/02/2020,Completed,All Other,"Conversion of single family dwelling house into 2 x self-contained flats, involving single storey side and rear extension.",,20,Osborne Road,,EN3 7RN,01/04/2022,31/03/2023,,,2,1,1,1,1,Approved,09/04/2020,,,
2021/00201/FUL,Hammersmith & Fulham,29/01/2021,Completed,All Other,Erection of front and rear roof extensions following the removal of existing rear roof extensions at no. 11 and 13 Peterborough Road; erection of rear roof extension over the back addition of no.11 at second floor level; removal of part of the pitched roof of the back addition of no.13 at second floor level and alteration to this roof to form a roof terrace enclosed with a 1.7 metre high obscured glazed screen; installation of new rooflights in the front and rear roofslopes and above the main flat roof at roof level; replacement of existing windows at first and second floor levels with white timber-framed double-glazed windows; formation of bin and cycle stores to front of property; conversion of existing flat at first floor level of no. 11 Peterborough Road and second floor level of no. 11 and 13 Peterborough Road into 1 x 1 and 1 x 3 bedroom self-contained flats.,11 And 13 Peterborough Road London SW6 3BT,,,London,SW6 3BT,08/04/2021,30/06/2022,,,3,1,2,2,2,Approved,08/04/2021,,,
J0038.21,Havering,04/10/2021,Completed,Prior Approval,"Application for prior notification of mixed use development including Use Class E(i)(retail) and Use Class C3(Dwellinghouse) to include 2x 1-bed, self contained dwellings",19 SUTTONS LANE,,HORNCHURCH,,RM12 6RD,06/07/2022,06/07/2022,,,4,0,4,0,4,Approved,22/12/2021,,,http://development.havering.gov.uk/OcellaWeb/planningDetails?reference=J0038.21
2019/4456,Hackney,08/01/2020,Completed,All Other,Erection of a four storey building to provide three flats (1 x 3 and 2 x 1 bed) with rear balconies.,Adjacent 13,,MOYE CLOSE,HACKNEY,,03/05/2021,16/08/2022,,,3,0,3,3,3,Approved,18/03/2020,,,/planning/index.html?fa=getApplication&id=28619
3507/20,Redbridge,28/10/2020,Completed,All Other,Conversion of first and second floors into 1x1 bedroom and 1x2 bedroom flats with rear dormer (Summary),,194,High Road,Woodford Green,IG8 9EF,20/04/2021,20/12/2022,,,2,1,1,1,1,Approved,24/12/2020,,,
194382CPE,Ealing,01/11/2019,Completed,All Other,Continued use of single storey rear outbuilding as self-contained residential unit (Lawful Development Certificate for an Existing Use),Annex Rear Of,,Beatrice Road,Southall,UB1 1RJ,07/12/2022,07/12/2022,,,1,0,1,1,1,Approved,07/12/2022,,,https://pam.ealing.gov.uk/online-applications/PLAN/194382CPE;
76150/APP/2021/3514,Hillingdon,,Completed,All Other,Conversion of the existing dwelling (with study room) into 2 self-contained flats (1 x 3 bed & 1 x 2 bed); subdivision of rear garden to provide amenity space; associated boundary treatment; cycle and refuse storages; retention of existing crossover to provide parking with the frontage and hard and soft landscaping.,38 MAPLE ROAD HAYES,,,Hayes,UB4 9LR,23/02/2021,11/02/2023,,,2,1,1,1,1,Approved,11/11/2021,,,
22/01164/ELUD,Bromley,27/04/2022,Completed,All Other,The property is a 5 Bed 5 Person HMO created as per the GPDO (LAWFUL DEVELOPMENT CERTIFICATE - EXISTING),,23,Gardiner Close,,BR5 3HW,22/06/2022,22/06/2022,,,2,2,0,0,0,Approved,22/06/2022,,,
20/00125/FUL,London Borough of Newham,21/01/2020,Completed,All Other,"Construction of a part 3, part 4 storey building containing 7no. residential dwellings (Use Class C3) together with cycle, refuse storage and landscaping works.",Land Adjacent 3,,Disraeli Road,Forest Gate,E7 9JR,,31/03/2023,,,7,0,7,7,7,Approved,28/07/2020,,,
22/00409/PRIOR,London Borough of Bexley,25/02/2022,Completed,Prior Approval,"Notification for Prior Approval for a proposed change of use of building from business, storage and office (Class E) to 1 x 2 bed residential unit of accommodation (Class C3)",,63A,Maidstone Road,,DA14 5HB,01/04/2022,14/08/2022,,,1,0,1,1,1,Approved,21/04/2022,,,
20/00795/PIAPA,Westminster,05/02/2020,Completed,Prior Approval,"Notification for Prior Approval for change of use from Shop (Class A1) to 1 residential flat (Class C3) with associated alterations under Schedule 2, Part 3, Class M of the Town and Country Planning (General Permitted Development) (England) Order 2015 (as amended).",Shop,230,Kilburn Lane,,W10 4BA,,01/11/2022,,,1,0,1,1,1,Approved,26/03/2020,,,
21/00142/FUL,Enfield,18/01/2021,Completed,All Other,Change of use of the property from a single dwellinghouse (Use Class C3) to a house in multiple occupation (Use Class C4),,149,Hertford Road,,N9 7EL,01/04/2022,31/03/2023,,,1,1,0,0,0,Approved,09/03/2021,,,
21/01942/FUL,London Borough of Newham,19/10/2021,Completed,All Other,"Use of part ground and first floor as 3 bed residential flat, formation of external refuse and cycle storage facilities, formation of entrance point to the ground floor rear elevation (Part-Retrospective).",,1,Sussex Street,Plaistow,E13 8QF,,31/03/2023,,,1,0,1,1,1,Approved,26/01/2022,,,
19/AP/4138,London Borough of Southwark,29/08/2019,Completed,All Other,Construction of two 2-storey dwellings each with 4 bedrooms to replace the current permission for a single 2 storey dwellings,,232,Friern Road,,SE22 0BB,,15/07/2022,,,2,0,2,2,2,Approved,13/11/2019,,,
2022/00049/FUL,London Borough of Hammersmith and Fulham,19/01/2022,Completed,All Other,"Conversion of the existing property from 2no. self-contained flats into a single family dwellinghouse; erection of a rear dormer roof extension; erection of a rear extension at first floor level following the demolition of existing first floor back addition; erection of a single storey extension at ground floor level to the side and rear of the building following the demolition of existing ground floor rear extension; installation of a green roof on top of the flat roofs of proposed ground and first floor extensions; repairs to decorative ridge tiles; reinstatement of chimney stack and pots; installation of a rooflight in the side roofslope; installation of 2no. windows to the side elevation at first floor level; alterations to the front elevation to include, replacement of all existing single glazed timber sash windows with new double glazed timber sash windows, replacement of existing broken windowsill.",11 And 11A Rylett Road London W12 9NL,,,,,16/03/2022,13/02/2023,,,1,2,-1,-1,-1,Approved,16/03/2022,,,
224194CPE,Ealing,03/10/2022,Completed,All Other,Single storey outbuilding in rear garden for ancillary use to existing dwelling house (Lawful Development Certificate for an Existing Development),137 Westfield Road,,Westfield Road,London,W13 9JD,16/11/2022,16/11/2022,,,1,0,1,1,1,Approved,16/11/2022,,,https://pam.ealing.gov.uk/online-applications/PLAN/224194CPE;
2022/1555,Hackney,27/07/2022,Completed,All Other,"Confirmation of lawful use of&nbsp; Class C3 (b) as a single dwelling house, where care is provided for residents",,42,CLISSOLD CRESCENT,HACKNEY,N16 9BE,01/04/2023,01/04/2023,,,1,1,0,0,0,Approved,21/09/2022,,,/planning/index.html?fa=getApplication&id=74124
21/P3563,Merton,01/10/2021,Completed,All Other,RETROSPECTIVE PLANNING PERMISSION FOR THE CONVERSION OF THE PROPERTY TO A CLASS C3 SELF-CONTAINED DWELLING,The Hayloft,8,Seely Road,London,SW17 9QP,20/04/2022,20/04/2022,,,1,0,1,1,1,Approved,20/04/2022,,,http://planning.merton.gov.uk/Northgate/PlanningExplorer/DisplayAppDetails.aspx?AppNo=21/P3563
21/02460/CLP,London Borough of Newham,30/09/2021,Completed,All Other,Application for a lawful development certificate for the change of use from a dwellinghouse (Class C3(a)) to supported living accommodation (Class C3(b)).,,71,St Stephens Road,East Ham,E6 1AN,,31/03/2023,,,0,1,-1,-1,-1,Approved,24/12/2021,,,
3403/20,Redbridge,15/10/2020,Completed,All Other,Variation of Condition 2 and Condition 4 of approved planning permission 1114/19: incorporate a single garage and re-position the cycle and refuse storage. (Summary),,377,"Eastern Avenue,","Gants Hill,",,05/02/2021,13/09/2022,,,3,0,3,3,3,Approved,09/12/2020,,,
211655FUL,Ealing,15/02/2021,Completed,All Other,Conversion of existing first and second floor maisonette into 3 self-contained residential units with associated bin storage to the front garden,31B Hamilton Road,,Hamilton Road,London,W5 2EE,07/07/2021,14/07/2022,,,3,1,2,2,2,Approved,29/06/2021,,,https://pam.ealing.gov.uk/online-applications/PLAN/211655FUL;
2020/03167/FUL,Hammersmith & Fulham,02/12/2020,Completed,All Other,"Erection of a rear roof extension involving at increase in the ridge height by 250mm; erection of a rear extension at second floor level over part of the existing back addition; erection of a single storey rear extension, to the side and rear of the existing back addition; installation of 3no rooflights in the front roofslope; installation of French doors with a Juliet balcony to replace the existing window at first floor level to the rear elevation; lowering the rear part of ground floor by 150mm; formation of a bin and cycle store in the front garden and a cycle store in the rear garden; conversion of existing dwellinghouse into 1 x studio, 1 x 2 bedroom and 1 x 3 bedroom self-contained flats.",41 Bloemfontein Road London W12 7BH,,,London,W12 7BH,29/01/2021,11/10/2022,,,3,1,2,2,2,Approved,29/01/2021,,,
P1232.19,Havering,09/08/2019,Completed,All Other,Part demolition of existing dwelling with proposed single and two storey rear extensions and construction of new dwelling with private amenity and off street car parking,42 Helmsdale Road,42,Romford,,RM1 4DN,30/11/2020,27/08/2022,,,1,0,1,1,1,Approved,16/10/2019,,,http://development.havering.gov.uk/OcellaWeb/planningDetails?reference=P1232.19
216427FUL,Ealing,16/11/2021,Completed,All Other,"Conversion of the existing property into two self-contained residential units and provision of associated cycle storage, refuse storage facilities and private amenity space; installation of boundary walls",120 Woodlands Road,,Woodlands Road,Southall,UB1 1ED,31/03/2022,21/10/2022,,,2,1,1,1,1,Approved,12/01/2022,,,https://pam.ealing.gov.uk/online-applications/PLAN/216427FUL;
22/03658/ELUD,Bromley Custodian Code,20/09/2022,Completed,All Other,"Retention of two residential ground floor flats, one at the rear referred to as 168b Maple Road, and one at the front referred to as 168 or 168c Maple Road. LAWFUL DEVELOPMENT CERTIFICATE (EXISTING)",,168,Maple Road,Penge,SE20 8JB,14/02/2023,14/02/2023,,,2,0,2,2,2,Approved,14/02/2023,,,
2022/2494,Hackney,14/10/2022,Completed,All Other,Existing use of the premises as a self-contained dwelling (use class C3).,"Flat 210, Olympic House",12,SOMERFORD GROVE,HACKNEY,N16 7TY,01/04/2023,01/04/2023,,,1,0,1,1,1,Approved,08/12/2022,,,/planning/index.html?fa=getApplication&id=74747
19/P0714,Merton,27/02/2019,Completed,Prior Approval,APPLICATION TO DETERMINE WHETHER PRIOR APPROVAL IS REQUIRED IN RESPECT OF THE PROPOSED CHANGE OF USE OF PART OF THE SITE FROM A SHOP (A1) TO A SINGLE DWELLING HOUSE (C3),109,109,Central Road,Morden,SM4 5SQ,01/11/2021,01/07/2022,,,1,0,1,1,1,Approved,28/03/2019,,,http://planning.merton.gov.uk/Northgate/PlanningExplorer/DisplayAppDetails.aspx?AppNo=19/P0714
20/01127/FULL,Barking & Dagenham,04/06/2020,Completed,All Other,Erection of two 2 Bedroom Houses and modifications to the roof of the existing house.,,1,BARON ROAD,,RM8 1UB,01/04/2022,01/10/2022,,,2,1,1,1,1,Approved,11/08/2020,,,https://online-befirst.lbbd.gov.uk/planning/index.html?fa=getApplication&id=25628
75530/APP/2020/1233,Hillingdon,23/04/2020,Completed,All Other,The erection of a 2 bedroom 4 person dormer bungalow with associated car parking and private garden,GARAGE SITE ADJ 9 AND 10 FAIRACRE,,MALMESBURY CLOSE,,HA5 2NG,06/08/2021,16/12/2022,,,1,0,1,1,1,Approved,18/06/2020,,,http://planning.hillingdon.gov.uk/OcellaWeb/planningDetails?reference=75530/APP/2020/1233
19/04488/FUL,London Borough of Croydon,26/11/2019,Completed,All Other,Erection of single storey rear extension to facilitate the conversion of the dwelling house (C3) to an HMO for a maximum of 9 people (Sui Generis).,,48,Dagnall Park,South Norwood,SE25 6NS,,21/06/2022,,,0,1,-1,-1,-1,Approved,24/01/2020,,,
21/AP/1649,London Borough of Southwark,09/07/2021,Completed,All Other,"Change of Use from eight unit HMO Hostel (Sui Generis) into four (C3 Residential) units (four x 2 bedroom flats) with cycle parking, refuse storage and associated facade restoration works.",225-227 Queens RoadLondonSouthwarkSE15 2NG,,,,,,01/03/2023,,,4,0,4,4,4,Approved,25/11/2021,,,
23/00055/CEU,Enfield,16/01/2023,Completed,All Other,Use of upper floors as 2 self-contained flats,First And Second Floor 173 Bramley Road London N14 4XA,,,,,13/03/2023,13/03/2023,,,2,0,2,2,2,Approved,13/03/2023,,,
P0999.21,Havering,21/05/2021,Commenced,All Other,"Erection of a two storey building to include 8 x 2-bed self contained flats with associated parking and amenity space, involving demolition of existing building.",412 Brentwood Road,,,,RM2 6DH,24/05/2022,,,,8,1,7,7,7,Approved,22/11/2021,,,http://development.havering.gov.uk/OcellaWeb/planningDetails?reference=P0999.21
20/P3821,Merton,17/12/2020,Completed,All Other,"ERECTION OF A NEW 2 STOREY THREE BEDROOM DWELLINGHOUSE IN REAR GARDEN, WITH ACCESS FROM THE BUNGALOWS.",,14,The Bungalows,London,SW16 6PA,14/05/2021,01/06/2022,,,1,0,1,1,1,Approved,12/04/2021,,,http://planning.merton.gov.uk/Northgate/PlanningExplorer/DisplayAppDetails.aspx?AppNo=20/P3821
22624/APP/2022/1492,Hillingdon,24/05/2022,Completed,Prior Approval,"Change of use of first floor from offices for a Financial and Professional Service (Use Class E(c)) to 1 residential unit (Use Class C3) (Application for Prior Approval under Schedule 2, Part 3, Class MA of the Town and Country Planning (General Permitted Development) (England) Order 2015 (as amended)).",68,68,High Street,Northwood,HA6 1BL,30/09/2021,19/09/2022,,,1,0,1,1,1,Approved,15/07/2022,,,
4226/20,Redbridge,11/09/2021,Completed,All Other,Change of use from a single dwelling house into small HMO for up to 6 people. (Retrospective). (Summary).,"16, Leicester Road, Wanstead, London, E11 2DP",16,Leicester Road,Wanstead,E11 2DP,19/11/2020,14/06/2022,,,1,1,0,0,0,Approved,28/10/2021,,,
23/01568/FULL3,Bromley,27/04/2023,Completed,All Other,Demolition of the existing rear ground floor extensions; replacement full width single storey extension to rear; additional windows to rear elevation at first floor; two additional obscured windows to the side elevation at ground floor; together with conversion from multiple residential unit occupation to one dwelling (Use Class C3(a)); and alterations to the roof through a second floor extension incorporating rear window and rooflight to allow new staircase to second floor.,,20,Crescent Road,,BR3 6NE,22/02/2023,05/02/2024,,,1,3,-2,-2,-2,Approved,22/06/2023,,,
22/02890/FUL,Lambeth,10/08/2022,Completed,All Other,Erection of a single storey extension on the rear return together with the addition of a pitched roof to the first-floor bay window in connection with conversion of the existing first and second floor maisonette to provide two self-contained flats.,Cecil House 134 Stonhouse Street London Lambeth SW4 6BG,,,,,16/01/2023,30/03/2023,,,2,1,1,1,1,Approved,14/10/2022,,,
21/AP/1690,London Borough of Southwark,03/06/2021,Completed,All Other,Retrospective planning permission for erection of an additional storey to create a 3 bedroom self contained unit.,,251A,Southwark Park Road,,SE16 3TS,,03/06/2022,,,1,0,1,1,1,Approved,28/07/2021,,,
21/P3983,Merton,08/11/2021,Completed,All Other,"RETENTION OF SHOP (CLASS E) AND CONVERSION OF REAR SECTION TO A 2 BEDROOM RESIDENTIAL FLAT, INCLUDING CONSTRUCTION OF A SINGLE STOREY SIDE AND REAR EXTENSION.",,61B,Revelstoke Road,Wimbledon,SW18 5NL,11/04/2022,04/07/2022,,,1,0,1,1,1,Approved,14/02/2022,,,http://planning.merton.gov.uk/Northgate/PlanningExplorer/DisplayAppDetails.aspx?AppNo=21/P3983
19/P1785,Merton,02/05/2019,Completed,All Other,DEMOLITION OF CURRENT DWELLING AND REPLACEMENT WITH A TWO STOREY SINGLE FAMILY DWELLING WITH BASEMENT AND ACCOMODATION WITHIN THE ROOFSPACE.,,21,Parkside,Wimbledon,SW19 5NA,01/10/2020,29/07/2022,,,1,1,0,0,0,Approved,22/10/2019,,,http://planning.merton.gov.uk/Northgate/PlanningExplorer/DisplayAppDetails.aspx?AppNo=19/P1785
20/05245/FUL,Croydon,10/10/2020,Completed,All Other,"Conversion to form 1 three bedroom, 1 two bedroom and 1 one bedroom flats.",,158,Frant Road,,CR7 7JW,31/03/2022,07/03/2023,,,3,1,2,2,2,Approved,04/12/2020,,,
22/1129/ES191,Richmond upon Thames,05/04/2022,Completed,Prior Approval,Use of property as 3No. self-contained flats,,72,Gordon Avenue,,TW1 1NQ,27/05/2022,27/05/2022,,,3,1,2,2,2,Approved,27/05/2022,,,
20/03886/FULL1,Bromley,29/09/2020,Completed,All Other,"Erection of part two storey, part single storey 2 bedroom dwelling with associated parking space, bin storage, private garden and landscaping (revision to permission ref.18/03417/FULL1 to include single storey side extension).",,92,Bassetts Way,,BR6 7AG,19/04/2021,19/07/2022,,,1,0,1,1,1,Approved,11/01/2021,,,
75522/APP/2020/1195,Hillingdon,05/05/2020,Completed,All Other,Change of use of the first floor from residential (Use Class C3) to a dental practice (Use Class D1) including a first floor extension and associated external alterations.,77A SWAKELEYS ROAD,77A,Swakeleys Road,,UB10 8DQ,,22/09/2022,,,0,1,-1,0,-1,Approved,20/08/2020,,,http://planning.hillingdon.gov.uk/OcellaWeb/planningDetails?reference=75522/APP/2020/1195
22/AP/3732,London Borough of Southwark,31/10/2022,Completed,All Other,Certificate of lawfulness (existing) to confirm the use of the property as solely residential (Use Class C3).,Lagare Apartments,"53, 5",Surrey Row,,SE1 0DF,,15/11/2022,,,1,0,1,1,1,Approved,15/11/2022,,,
23/00178/LE,London Borough of Croydon,17/01/2023,Completed,All Other,Continued use of the detached building at the rear as a separate self-contained dwellinghouse (Use Class C3).,"Victoria Cross House, Flat 6",228,Bensham Lane,,CR7 7EP,07/03/2023,07/03/2023,,,1,0,1,1,1,Approved,07/03/2023,,,
36435/APP/2023/243,Hillingdon,26/01/2023,Completed,All Other,Existing use of outbuilding as a self-contained flat (Application for a Certificate of Lawful Development for a Existing Development).,63 FAIRFIELD ROAD,,YIEWSLEY,,UB7 8EZ,04/04/2023,04/04/2023,,,1,0,1,1,1,Approved,04/04/2023,,,http://planning.hillingdon.gov.uk/OcellaWeb/planningDetails?reference=36435/APP/2023/243
P2022/4027/FUL,Islington,22/11/2022,Completed,All Other,Conversion of existing single dwellinghouse into 1 x 3 bed and 1 x 2 bed self contained flats and erection of associated cycle and refuse stores.,,1A,Axminster Road,London,N7 6BL,,01/05/2023,,,2,1,1,0,1,Approved,16/01/2023,,,
19/AP/5380,London Borough of Southwark,30/09/2019,Completed,All Other,"Demolition of existing building containing eight self-contained flats and removal of parking area to enable the erection of thirty-three self-contained studio flats with associated communal facilities, landscaping, refuse, cycle and amenity provisions",54 Lugard RoadLondonSouthwarkSE15 2TD,,,,,,11/01/2023,,,33,8,25,25,25,Approved,01/02/2021,,,
19/02826/FUL,Enfield,12/08/2019,Completed,All Other,Change of use from residential (C3) to mixed use comprising residential (C3) with guest house and retreat (C1).,Longbourn Enfield,,Forty Hill,,EN2 9EU,01/04/2022,31/03/2023,,,1,1,0,0,0,Refused,02/10/2019,,,
20/1025/FUL,Richmond upon Thames,14/04/2020,Completed,All Other,"Demolition of existing delivery office and redevelopment of the site for mixed use development (Class E and Class C3) comprising 6 residential townhouses of 2 storeys + roof in height (ground inclusive) and a building of two storeys + roof in height (ground inclusive) two employment units, along with associated landscaping and parking.",Hampton Delivery Office Rosehill Hampton TW12 2AA,,,,,01/08/2021,01/02/2023,,,6,0,6,6,6,Approved,13/01/2021,,,
2020/01236/FUL,Hammersmith & Fulham,26/05/2020,Completed,All Other,"Conversion of the existing HMO at first, second and third floor levels into 3no. self-contained residential units, consisting of 2no. one bedroom flats, one at first floor and the other at second floor level, and a studio flat at third floor level.",106 Dawes Road London SW6 7EG,,,London,SW6 7EG,31/05/2022,27/10/2022,,,3,0,3,3,3,Approved,29/07/2020,,,
20/P1847,Merton,11/06/2020,Completed,All Other,ERECTION OF AN ADDITIONAL STOREY (PLUS ROOF) AND EXTENSIONS TO EXISTING BUILDING TO PROVIDE 3 X SELF-CONTAINED FLATS (C3) INVOLVING THE LOSS OF THE D1 USE.,,41,Streatham Road,Mitcham,CR4 2AD,14/07/2022,10/02/2023,,,3,0,3,3,3,Approved,15/12/2020,,,http://planning.merton.gov.uk/Northgate/PlanningExplorer/DisplayAppDetails.aspx?AppNo=20/P1847
193599,Waltham Forest,04/11/2019,Completed,All Other,"Subdivision of site and construction of two storey 1 x 2 bedroom dwelling including associated refuse storage and landscaping, on land adjacent to 1 Lyne Crescent, E17 5HY",1,1,LYNE CRESCENT,London,E17 5HY,01/04/2022,03/03/2023,,,1,0,1,1,1,Refused,24/12/2019,,,https://builtenvironment.walthamforest.gov.uk/planning/index.html?fa=getApplication&id=46784
17470/APP/2020/584,Hillingdon,24/02/2020,Completed,All Other,Erection of a 5-bed detached dwelling with habitable roof space with associated parking and amenity space involving demolition of existing dwelling,223 LONG LANE,223,Long Lane,Hillingdon,UB10 9JP,19/01/2021,29/11/2022,,,1,1,0,0,0,Approved,17/04/2020,,,http://planning.hillingdon.gov.uk/OcellaWeb/planningDetails?reference=17470/APP/2020/584
213765FUL,Ealing,08/06/2021,Completed,All Other,"Conversion of the property into 6 self-contained residential units; two storey rear extension with associated terraces/balconies; single storey side extension; rear roof extension and installation of five rooflights to front roofslope, improvements to front driveway with associated refuse storage, cycle storage, hard and soft landscaping (following demolition of existing two storey rear extension and single storey side extension).",26 Inglis Road,,Inglis Road,London,W5 3RL,10/10/2022,14/02/2024,,,6,1,5,5,5,Approved,26/01/2022,,,https://pam.ealing.gov.uk/online-applications/PLAN/213765FUL;
19/P4234,Merton,11/12/2019,Completed,All Other,DEMOLITION OF EXISTING DETACHED HOUSE AND ERECTION OF A NEW DETACHED HOUSE.,,13,Lancaster Gardens,Wimbledon,SW19 5DG,01/10/2020,25/10/2022,,,1,1,0,0,0,Approved,20/04/2020,,,http://planning.merton.gov.uk/Northgate/PlanningExplorer/DisplayAppDetails.aspx?AppNo=19/P4234
P2019/0053/FUL,Islington,19/02/2019,Completed,All Other,"Erection of an additional single storey extension at roof level of Tait House, to provide residential accommodation comprising of 3 no. self-contained flats (3no. 2 beds) with private amenity space along with covered and secure cycle and bin storage at ground floor adjacent to the proposed external lift which would give access to these units and associated alterations.",Tait House,,Ward Road,London,,01/09/2020,11/07/2022,,,3,0,3,3,3,Approved,13/09/2019,,,
203847FUL,Ealing,28/09/2020,Completed,All Other,"Construction of a single storey dwelling house, including the excavation to provide a basement level ,and provision of associated private amenity space, cycle parking and refuse storage (following demolition of the existing garage).",Rear Of,,Boston Road,London,W7 3TR,22/01/2021,14/08/2022,,,1,0,1,1,1,Approved,24/11/2020,,,https://pam.ealing.gov.uk/online-applications/PLAN/203847FUL;
22/04874/CLEUD,Westminster,19/07/2022,Completed,All Other,"Confirmation of lawful implementation of planning permission dated 14 November 2014 (RN:14/08471/FULL) for: 'Excavation of the basement extension under front and rear gardens with associated formation of lightwell within rear garden at ground level, various internal alterations, kitchen lightwell infill extension and associated works including alterations to gardens and changes to fenestration.'",,12,Blenheim Road,,NW8 0LU,,13/09/2022,,,2,0,2,2,2,Approved,13/09/2022,,,
2020/5492/P,Camden,25/11/2020,Completed,All Other,"Amalgamation of 2x (1-bed and 2-bed) self-contained flats into 1x self-contained 3-bedroom flat on second and third floor, replacement of rooflights with 3x dormer windows at rear roof slope and replacement of rooflights to flat roof.",,31,Regent's Park Road,,NW1 7TL,01/04/2022,31/01/2023,,,1,2,-1,-1,-1,Approved,16/07/2021,,,https://planningrecords.camden.gov.uk/Northgate/PlanningExplorer/DisplayAppDetails.aspx?AppNo=2020/5492/P
21/00092/RESPA,Bromley,19/01/2021,Completed,Prior Approval,"Change of Use from B1(a) Office to Class C3 dwellinghouses to form 1x studio flat, 1x 1-bedroom flat and 1x 2-bedroom flat and associated refuse and cycle store. (56 day application for prior approval in respect of transport and highways, contamination, provision of adequate natural light and flooding risks under Class O, Part 3 of the GPDO).",Copperfield House,192,Maple Road,Penge,SE20 8RE,01/09/2022,10/05/2022,,,3,0,3,3,3,Approved,16/03/2021,,,
21/P3749,Merton,29/11/2021,Completed,All Other,"CONVERSION OF SINGLE DWELLINGHOUSE INTO 2 x SELF-CONTAINED DWELLINGS, INCORPORATING EXTENSIONS TO THE ROOF AND THE ERECTION OF A REAR ROOF DORMER",,36,Grand Drive,Raynes Park,SW20 0JT,01/04/2022,26/01/2023,,,2,1,1,1,1,Approved,25/02/2022,,,http://planning.merton.gov.uk/Northgate/PlanningExplorer/DisplayAppDetails.aspx?AppNo=21/P3749
P1906.19,Havering,18/12/2019,Completed,All Other,Proposed ground floor rear extension and hip to gable loft conversion with rear dormer. Side extension to form new end of terrace dwelling.,2 Cheviot Road,,Hornchurch,,RM11 1LP,30/09/2020,31/03/2023,,,1,0,1,1,1,Approved,12/06/2020,,,http://development.havering.gov.uk/OcellaWeb/planningDetails?reference=P1906.19
23/00160/LDCE,Lambeth,19/01/2023,Completed,All Other,Application for a Certificate of Lawful Development (Existing) with respect to the use of Flat 3 as a self-contained residential unit.,,9,Wigton Place,,SE11 4AN,10/03/2023,10/03/2023,,,1,0,1,1,1,Approved,10/03/2023,,,
21/00283/FUL,London Borough of Newham,15/02/2021,Completed,All Other,Change of use and conversion of existing rear commercial storage area (Use Class E) including a single storey roof addition at 1st floor level to create 2 No. residential dwellings (Use Class C3) [AMENDED PLANS],991-993 Romford RoadManor ParkLondonE12 5JR,,,,,,31/03/2023,,,2,0,2,2,2,Approved,05/05/2022,,,
20/0136/FUL,Richmond,30/01/2020,Completed,All Other,"Demolition of the existing house and reconstruction of replacement 2 storey with basement and accommodation in the roof single family home and associated parking, hard and soft landscaping.",,2,Belgrave Road,Barnes,SW13 9NS,01/03/2021,06/01/2023,,,1,1,0,0,0,Approved,26/03/2020,,,
185903FUL,Ealing,20/12/2018,Completed,All Other,"Conversion of dwellinghouse into two self-contained dwelling units; associated amenity, cycle and waste storage spaces; part single-storey, part three-storey side extension; single-storey rear extension; roof extension to rear of main roofslope; and installation of three rooflights to front roofslope",8,8,Mortimer Road,Ealing,W13 8NG,01/07/2019,09/12/2022,,,2,1,1,1,1,Approved,06/06/2019,,,https://pam.ealing.gov.uk/online-applications/PLAN/185903FUL;
HGY/2019/2939,Haringey,07/11/2019,Completed,All Other,Formation of new rear dormer window to existing house. Removal of attached laundry and store and erection of new dwelling to existing garden to side of plot.,"48, Sandringham Road, London, N22 6RB",48,,,,10/06/2022,14/02/2023,,,1,0,1,1,1,Approved,14/01/2020,,,https://londonboroughofharingey.force.com/pr/s/planning-application/a0i8d000002GJzkAAG
19/01479/FUL,Enfield,18/04/2019,Completed,All Other,"Extension of the existing dwelling to create 3x self-contained flats, comprising 1 x 1-bed and 2 x 2-bed, involving two storey side extension and rear dormers.",,111,Vicars Moor Lane,,N21 1BL,04/10/2019,31/03/2023,,,3,0,3,3,3,Approved,03/10/2019,,,
2022/1485,Hackney,14/06/2022,Completed,All Other,Existing use of 85c Forest Road as a self-contained residential unit.&nbsp;,,85c,FOREST ROAD,HACKNEY,E8 3BT,01/04/2023,01/04/2023,,,1,0,1,1,1,Approved,09/08/2022,,,/planning/index.html?fa=getApplication&id=73749
20/P1822,Merton,12/06/2020,Completed,Prior Approval,PRIOR APPROVAL FOR CHANGE OF USE OF OFFICE SPACE (CLASS B1a) TO RESIDENTIAL (CLASS C3).,Basement,,Arthur Road,Wimbledon,,08/09/2022,09/12/2022,,,4,0,4,4,4,Comment Issued,06/08/2020,,,http://planning.merton.gov.uk/Northgate/PlanningExplorer/DisplayAppDetails.aspx?AppNo=20/P1822
20/01011/PRIOFF1,Barking & Dagenham,27/04/2020,Completed,Prior Approval,Application for prior approval: Notification of a proposed change of use from Class B1 (Workshop) to Class C3 (Residential) for use of ground and first floors of rear workshop as 1-bedroom duplex flat.,451c,,Porters Avenue,,RM9 4ND,01/04/2022,01/08/2022,,,1,0,1,1,1,Approved,19/06/2020,,,
21/AP/0683,London Borough of Southwark,17/03/2021,Completed,All Other,Construction of a rear extension to accommodate 2x studio flats and 1x 2 bedroom flat with provision of outdoor amenity space and other external alterations including provision of waste storage and first floor cycle storage.,,153,Rye Lane,,SE15 4TL,,01/08/2022,,,6,0,6,6,6,Approved,12/05/2021,,,
21/04018/FUL,Croydon,29/07/2021,Completed,All Other,"Alterations at front and side, erection of single/two storey side and rear extensions and conversion to form 4 self-contained flats associated refuse/recycling and cycle storage and provision of 3 parking spaces with hard and soft landscaping.",,63,St Augustine's Avenue,,CR2 6JQ,25/04/2021,31/03/2023,,,5,1,4,4,4,Approved,10/02/2022,,,
21/05479/FULL1,Bromley,19/11/2021,Completed,All Other,"Loft conversion with rear dormer, first floor single storey extension. The creation of one 1 bed flat and one 2 bed flat.",,83,Station Road,,BR4 0PX,01/07/2022,01/07/2022,,,2,0,2,0,2,Approved,23/02/2022,,,
P2021/1275/COL,Islington,28/04/2021,Completed,All Other,The existing use of the lower ground floor / basement as a separate dwelling.,,120,Highbury Hill,London,N5 1AT,08/08/2022,08/08/2022,,,2,1,1,1,1,Comment Issued,10/08/2021,,,
DM2019/01411,Sutton,12/08/2019,Completed,All Other,"Demolition of 25 existing garages and the erection of a part two, part three-storey building comprising of 10 self contained units ( 1x1 bed, 9 x 2 bed) with 9 standard car parking spaces & 1 wheelchair accessible car parking space, bin storage and new hard & soft landscape works.",Garage Block,,Assembly Walk,,SM5 1JH,19/08/2021,08/12/2022,,,10,0,10,10,10,Approved,11/12/2019,,,
20/AP/3517,London Borough of Southwark,24/12/2020,Completed,All Other,"Internal alterations to provide 2 x 2 bedroom units at second floor level, with additional cycle parking and the installation of a glazed screen to the second floor terrace.",,1,Colby Mews,,SE19 1PP,,16/10/2022,,,1,0,1,1,1,Approved,17/02/2021,,,
21/03263/P3O,Lambeth,28/07/2021,Completed,Prior Approval,"Prior Approval for change of use from offices (Use Class B1(a)) to 9 residential units (Use Class C3) on the ground and mezzanine floors, with associated bin storage at ground floor level and cycle storage at basement floor level",,139,Clapham Road,,SW9 0HP,29/06/2022,01/01/2023,,,9,0,9,9,9,Approved,01/02/2022,,,
2018/4011,Hackney,02/11/2018,Completed,All Other,Demolition of the existing building and erection of a 4 storey building (plus basement) to accommodate eight residential flats.,Former St John&